/*M!999999\- enable the sandbox mode */ 
-- MariaDB dump 10.19  Distrib 10.11.11-MariaDB, for debian-linux-gnu (x86_64)
--
-- Host: localhost    Database: archimage
-- ------------------------------------------------------
-- Server version	10.11.11-MariaDB-0+deb12u1

/*!40101 SET @OLD_CHARACTER_SET_CLIENT=@@CHARACTER_SET_CLIENT */;
/*!40101 SET @OLD_CHARACTER_SET_RESULTS=@@CHARACTER_SET_RESULTS */;
/*!40101 SET @OLD_COLLATION_CONNECTION=@@COLLATION_CONNECTION */;
/*!40101 SET NAMES utf8mb4 */;
/*!40103 SET @OLD_TIME_ZONE=@@TIME_ZONE */;
/*!40103 SET TIME_ZONE='+00:00' */;
/*!40014 SET @OLD_UNIQUE_CHECKS=@@UNIQUE_CHECKS, UNIQUE_CHECKS=0 */;
/*!40014 SET @OLD_FOREIGN_KEY_CHECKS=@@FOREIGN_KEY_CHECKS, FOREIGN_KEY_CHECKS=0 */;
/*!40101 SET @OLD_SQL_MODE=@@SQL_MODE, SQL_MODE='NO_AUTO_VALUE_ON_ZERO' */;
/*!40111 SET @OLD_SQL_NOTES=@@SQL_NOTES, SQL_NOTES=0 */;

--
-- Table structure for table `IDPArchive`
--

DROP TABLE IF EXISTS `IDPArchive`;
/*!40101 SET @saved_cs_client     = @@character_set_client */;
/*!40101 SET character_set_client = utf8mb4 */;
CREATE TABLE `IDPArchive` (
  `id` int(11) NOT NULL AUTO_INCREMENT,
  `user_id` int(11) DEFAULT NULL,
  `lastactionby_id` int(11) DEFAULT NULL,
  `status_id` int(11) DEFAULT NULL,
  `budgetcode_id` int(11) DEFAULT NULL,
  `localization_id` int(11) DEFAULT NULL,
  `oldlocalization_id` int(11) DEFAULT NULL,
  `service_id` int(11) DEFAULT NULL,
  `legalentity_id` int(11) DEFAULT NULL,
  `documentnature_id` int(11) DEFAULT NULL,
  `documenttype_id` int(11) DEFAULT NULL,
  `description1_id` int(11) DEFAULT NULL,
  `description2_id` int(11) DEFAULT NULL,
  `precisionaddress_id` int(11) DEFAULT NULL,
  `provider_id` int(11) DEFAULT NULL,
  `import_id` int(11) DEFAULT NULL,
  `name` varchar(2000) DEFAULT NULL,
  `ordernumber` varchar(255) DEFAULT NULL,
  `localizationfree` varchar(255) DEFAULT NULL,
  `oldlocalizationfree` varchar(255) DEFAULT NULL,
  `closureyear` int(11) DEFAULT NULL,
  `destructionyear` int(11) DEFAULT NULL,
  `limitnummin` int(11) DEFAULT NULL,
  `limitnummax` int(11) DEFAULT NULL,
  `limitalphanummin` varchar(255) DEFAULT NULL,
  `limitalphanummax` varchar(255) DEFAULT NULL,
  `limitalphamin` varchar(255) DEFAULT NULL,
  `limitalphamax` varchar(255) DEFAULT NULL,
  `limitdatemin` date DEFAULT NULL,
  `limitdatemax` date DEFAULT NULL,
  `createdat` datetime DEFAULT NULL,
  `modifiedat` datetime DEFAULT NULL,
  `precisiondate` datetime DEFAULT NULL,
  `precisionfloor` varchar(255) DEFAULT NULL,
  `precisionoffice` varchar(255) DEFAULT NULL,
  `precisionwho` varchar(255) DEFAULT NULL,
  `precisioncomment` varchar(255) DEFAULT NULL,
  `documentnumber` varchar(255) DEFAULT NULL,
  `boxnumber` varchar(255) DEFAULT NULL,
  `containernumber` varchar(255) DEFAULT NULL,
  `locked` int(11) DEFAULT NULL,
  `lockbegintime` int(11) DEFAULT NULL,
  `serviceentrydate` int(11) DEFAULT NULL,
  `saveserviceentrydate` int(11) DEFAULT NULL,
  `containerasked` int(11) NOT NULL,
  `boxasked` int(11) NOT NULL,
  `objecttype` int(11) DEFAULT NULL,
  `futureobjecttype` int(11) DEFAULT NULL,
  `unlimited` int(11) DEFAULT NULL,
  `unlimitedcomments` varchar(255) DEFAULT NULL,
  PRIMARY KEY (`id`),
  KEY `IDX_D0505EAFA76ED395` (`user_id`),
  KEY `IDX_D0505EAFB1C7183` (`lastactionby_id`),
  KEY `IDX_D0505EAF6BF700BD` (`status_id`),
  KEY `IDX_D0505EAF8A5C5F28` (`budgetcode_id`),
  KEY `IDX_D0505EAF6A2856C7` (`localization_id`),
  KEY `IDX_D0505EAFC0D9080A` (`oldlocalization_id`),
  KEY `IDX_D0505EAFED5CA9E6` (`service_id`),
  KEY `IDX_D0505EAF5284FFC` (`legalentity_id`),
  KEY `IDX_D0505EAF9ACA9A72` (`documentnature_id`),
  KEY `IDX_D0505EAF821DDA76` (`documenttype_id`),
  KEY `IDX_D0505EAFC010AD5` (`description1_id`),
  KEY `IDX_D0505EAF1EB4A53B` (`description2_id`),
  KEY `IDX_D0505EAF9CC58885` (`precisionaddress_id`),
  KEY `IDX_D0505EAFA53A8AA` (`provider_id`),
  CONSTRAINT `FK_D0505EAF1EB4A53B` FOREIGN KEY (`description2_id`) REFERENCES `IDPDescriptions2` (`id`),
  CONSTRAINT `FK_D0505EAF5284FFC` FOREIGN KEY (`legalentity_id`) REFERENCES `IDPLegalEntities` (`id`),
  CONSTRAINT `FK_D0505EAF6A2856C7` FOREIGN KEY (`localization_id`) REFERENCES `IDPLocalizations` (`id`),
  CONSTRAINT `FK_D0505EAF6BF700BD` FOREIGN KEY (`status_id`) REFERENCES `IDPArchivesStatus` (`id`),
  CONSTRAINT `FK_D0505EAF821DDA76` FOREIGN KEY (`documenttype_id`) REFERENCES `IDPDocumentTypes` (`id`),
  CONSTRAINT `FK_D0505EAF8A5C5F28` FOREIGN KEY (`budgetcode_id`) REFERENCES `IDPBudgetCodes` (`id`),
  CONSTRAINT `FK_D0505EAF9ACA9A72` FOREIGN KEY (`documentnature_id`) REFERENCES `IDPDocumentNatures` (`id`),
  CONSTRAINT `FK_D0505EAF9CC58885` FOREIGN KEY (`precisionaddress_id`) REFERENCES `IDPDeliverAddress` (`id`),
  CONSTRAINT `FK_D0505EAFA53A8AA` FOREIGN KEY (`provider_id`) REFERENCES `IDPProviders` (`id`),
  CONSTRAINT `FK_D0505EAFA76ED395` FOREIGN KEY (`user_id`) REFERENCES `bsUsers` (`id`),
  CONSTRAINT `FK_D0505EAFB1C7183` FOREIGN KEY (`lastactionby_id`) REFERENCES `bsUsers` (`id`),
  CONSTRAINT `FK_D0505EAFC010AD5` FOREIGN KEY (`description1_id`) REFERENCES `IDPDescriptions1` (`id`),
  CONSTRAINT `FK_D0505EAFC0D9080A` FOREIGN KEY (`oldlocalization_id`) REFERENCES `IDPLocalizations` (`id`),
  CONSTRAINT `FK_D0505EAFED5CA9E6` FOREIGN KEY (`service_id`) REFERENCES `IDPServices` (`id`)
) ENGINE=InnoDB AUTO_INCREMENT=5 DEFAULT CHARSET=utf8mb3 COLLATE=utf8mb3_unicode_ci;
/*!40101 SET character_set_client = @saved_cs_client */;

--
-- Dumping data for table `IDPArchive`
--

LOCK TABLES `IDPArchive` WRITE;
/*!40000 ALTER TABLE `IDPArchive` DISABLE KEYS */;
INSERT INTO `IDPArchive` VALUES
(1,1,1,2,2,NULL,NULL,1,1,1,1,NULL,NULL,NULL,NULL,NULL,'CECI EST UNE BOITE D\'ARCHIVES','*BS*00001',NULL,NULL,2023,2033,NULL,NULL,NULL,NULL,NULL,NULL,NULL,NULL,'2025-03-31 07:49:06',NULL,NULL,NULL,NULL,NULL,NULL,'qfjkgfqsdjk','klhjsqfhkjlfqsd','qklhfqsdhkl',NULL,NULL,NULL,NULL,0,0,NULL,NULL,NULL,NULL),
(2,2,2,2,2,NULL,NULL,1,1,1,1,NULL,NULL,NULL,NULL,NULL,'dublablabla','*AD*00001',NULL,NULL,2025,2035,11,192,NULL,NULL,NULL,NULL,'2025-01-09','2025-04-01','2025-03-31 07:56:42',NULL,NULL,NULL,NULL,NULL,NULL,'091A83','177Z3','199E3',NULL,NULL,NULL,NULL,0,0,NULL,NULL,NULL,NULL),
(3,2,2,1,NULL,NULL,NULL,NULL,NULL,NULL,NULL,NULL,NULL,NULL,NULL,NULL,NULL,'*AD*00002',NULL,NULL,NULL,NULL,NULL,NULL,NULL,NULL,NULL,NULL,NULL,NULL,'2025-03-31 08:01:23',NULL,NULL,NULL,NULL,NULL,NULL,NULL,NULL,NULL,NULL,NULL,NULL,NULL,0,0,NULL,NULL,NULL,NULL),
(4,1,1,1,NULL,NULL,NULL,NULL,NULL,NULL,NULL,NULL,NULL,NULL,NULL,NULL,NULL,'*BS*00002',NULL,NULL,NULL,NULL,NULL,NULL,NULL,NULL,NULL,NULL,NULL,NULL,'2025-04-04 12:54:56',NULL,NULL,NULL,NULL,NULL,NULL,NULL,NULL,NULL,NULL,NULL,NULL,NULL,0,0,NULL,NULL,NULL,NULL);
/*!40000 ALTER TABLE `IDPArchive` ENABLE KEYS */;
UNLOCK TABLES;

--
-- Table structure for table `IDPArchivesStatus`
--

DROP TABLE IF EXISTS `IDPArchivesStatus`;
/*!40101 SET @saved_cs_client     = @@character_set_client */;
/*!40101 SET character_set_client = utf8mb4 */;
CREATE TABLE `IDPArchivesStatus` (
  `id` int(11) NOT NULL AUTO_INCREMENT,
  `longname` varchar(255) NOT NULL,
  `shortname` varchar(25) NOT NULL,
  PRIMARY KEY (`id`)
) ENGINE=InnoDB AUTO_INCREMENT=105 DEFAULT CHARSET=utf8mb3 COLLATE=utf8mb3_unicode_ci;
/*!40101 SET character_set_client = @saved_cs_client */;

--
-- Dumping data for table `IDPArchivesStatus`
--

LOCK TABLES `IDPArchivesStatus` WRITE;
/*!40000 ALTER TABLE `IDPArchivesStatus` DISABLE KEYS */;
INSERT INTO `IDPArchivesStatus` VALUES
(1,'Nouvelle unité d\'archives à valider','NAV'),
(2,'Demande de transfert archiviste','DTA'),
(3,'En transfert','DTRI'),
(4,'En transfert','DTRINT'),
(5,'En transfert','DTRP'),
(6,'En transfert','GDTRP'),
(7,'En transfert','CDTRI'),
(8,'En transfert','CDTRINT'),
(9,'En transfert','CDTRP'),
(10,'Disponible','DISI'),
(11,'Disponible','DISINT'),
(12,'Disponible','DISP'),
(13,'En attente de consultation','CLAI'),
(14,'En attente de consultation','CPAI'),
(15,'En attente de consultation','CLAINT'),
(16,'En attente de consultation','CPAINT'),
(17,'En attente de consultation','CLAP'),
(18,'En attente de consultation','CPAP'),
(19,'En attente de consultation','CLII'),
(20,'En attente de consultation','CPRI'),
(21,'En attente de consultation','CLIINT'),
(22,'En attente de consultation','CPRINT'),
(23,'En attente de consultation','GLAP'),
(24,'En attente de consultation','GPAP'),
(25,'En attente de consultation','CLIP'),
(26,'En attente de consultation','CPRP'),
(27,'En consultation','CONI'),
(28,'En consultation','CONINT'),
(29,'En consultation','CONP'),
(30,'En attente de retour','CRAI'),
(31,'En attente de retour','CRAINT'),
(32,'En attente de retour','CRAP'),
(33,'En attente de retour','CRTI'),
(34,'En attente de retour','CRTINT'),
(35,'En attente de retour','GRAP'),
(36,'En attente de retour','CRTP'),
(37,'En attente de sortie définitive','CSAI'),
(38,'En attente de sortie définitive','CSAINT'),
(39,'En attente de sortie définitive','CSAP'),
(40,'En attente de sortie définitive','CSDI'),
(41,'En attente de sortie définitive','CSDINT'),
(42,'En attente de sortie définitive','GSAP'),
(43,'En attente de sortie définitive','CSDP'),
(44,'Sorti','ESDI'),
(45,'Sorti','ESDINT'),
(46,'Sorti','ESDP'),
(47,'En attente de destruction','CDAI'),
(48,'En attente de destruction','CDAINT'),
(49,'En attente de destruction','CDAP'),
(50,'En attente de destruction','CDEI'),
(51,'En attente de destruction','CDEINT'),
(52,'En attente de destruction','GDAP'),
(53,'En attente de destruction','CDEP'),
(54,'Détruit','EDEI'),
(55,'Détruit','EDEINT'),
(56,'Détruit','EDEP'),
(57,'En attente de relocalisation','CRLIDAINT'),
(58,'En attente de relocalisation','CRLIDAP'),
(59,'En attente de relocalisation','CRLIDAI'),
(60,'En attente de relocalisation','GRLIDAP'),
(61,'En attente de relocalisation','CRLIDINT'),
(62,'En attente de relocalisation','CRLIDP'),
(63,'En attente de relocalisation','CRLIDI'),
(64,'En attente de relocalisation','CRLINTDAI'),
(65,'En attente de relocalisation','CRLINTDAP'),
(66,'En attente de relocalisation','CRLINTDAINT'),
(67,'En attente de relocalisation','GRLINTDAP'),
(68,'En attente de relocalisation','CRLINTDI'),
(69,'En attente de relocalisation','CRLINTDP'),
(70,'En attente de relocalisation','CRLINTDINT'),
(71,'En attente de relocalisation','CRLPDAI'),
(72,'En attente de relocalisation','CRLPDAINT'),
(73,'En attente de relocalisation','GRLPDAI'),
(74,'En attente de relocalisation','GRLPDAINT'),
(75,'En attente de relocalisation','CRLPDI'),
(76,'En attente de relocalisation','CRLPDINT'),
(77,'En attente de relocalisation','CRLICAI'),
(78,'En attente de relocalisation','CRLICAINT'),
(79,'En attente de relocalisation','CRLICI'),
(80,'En attente de relocalisation','CRLICINT'),
(81,'En attente de relocalisation','CRLINTCAINT'),
(82,'En attente de relocalisation','CRLINTCAI'),
(83,'En attente de relocalisation','CRLINTCINT'),
(84,'En attente de relocalisation','CRLINTCI'),
(85,'En attente de relocalisation','CRLPCAI'),
(86,'En attente de relocalisation','CRLPCAINT'),
(87,'En attente de relocalisation','CRLPCI'),
(88,'En attente de relocalisation','CRLPCINT'),
(89,'En attente de relocalisation','CRAPCONRIDISP'),
(90,'En attente de relocalisation','GRAPCONRIDISP'),
(91,'En attente de relocalisation','CRTPCONRIDISP'),
(92,'En attente de relocalisation','CRAPCONRINTDISP'),
(93,'En attente de relocalisation','GRAPCONRINTDISP'),
(94,'En attente de relocalisation','CRTPCONRINTDISP'),
(95,'En attente de relocalisation','CRAPCONRICONP'),
(96,'En attente de relocalisation','GRAPCONRICONP'),
(97,'En attente de relocalisation','CRTPCONRICONP'),
(98,'En attente de relocalisation','CRAPCONRINTCONP'),
(99,'En attente de relocalisation','GRAPCONRINTCONP'),
(100,'En attente de relocalisation','CRTPCONRINTCONP'),
(101,'En consultation','CONRIDISP'),
(102,'En consultation','CONRINTDISP'),
(103,'En consultation','CONRICONP'),
(104,'En consultation','CONRINTCONP');
/*!40000 ALTER TABLE `IDPArchivesStatus` ENABLE KEYS */;
UNLOCK TABLES;

--
-- Table structure for table `IDPAudit`
--

DROP TABLE IF EXISTS `IDPAudit`;
/*!40101 SET @saved_cs_client     = @@character_set_client */;
/*!40101 SET character_set_client = utf8mb4 */;
CREATE TABLE `IDPAudit` (
  `id` int(11) NOT NULL AUTO_INCREMENT,
  `userId` int(11) DEFAULT NULL,
  `timestamp` int(11) DEFAULT NULL,
  `field` int(11) DEFAULT NULL,
  `new_str` varchar(255) DEFAULT NULL,
  `new_int` int(11) DEFAULT NULL,
  `old_str` varchar(255) DEFAULT NULL,
  `old_int` int(11) DEFAULT NULL,
  `entity` int(11) DEFAULT NULL,
  `entity_id` int(11) DEFAULT NULL,
  `action` int(11) DEFAULT NULL,
  `complet_ua_id` int(11) DEFAULT NULL,
  `objectType` int(11) DEFAULT NULL,
  PRIMARY KEY (`id`)
) ENGINE=InnoDB AUTO_INCREMENT=3 DEFAULT CHARSET=utf8mb3 COLLATE=utf8mb3_unicode_ci;
/*!40101 SET character_set_client = @saved_cs_client */;

--
-- Dumping data for table `IDPAudit`
--

LOCK TABLES `IDPAudit` WRITE;
/*!40000 ALTER TABLE `IDPAudit` DISABLE KEYS */;
INSERT INTO `IDPAudit` VALUES
(1,2,1743408082,0,NULL,NULL,NULL,NULL,1,2,1,NULL,NULL),
(2,1,1743771296,0,NULL,NULL,NULL,NULL,1,1,1,NULL,NULL);
/*!40000 ALTER TABLE `IDPAudit` ENABLE KEYS */;
UNLOCK TABLES;

--
-- Table structure for table `IDPAuditCompleteUa`
--

DROP TABLE IF EXISTS `IDPAuditCompleteUa`;
/*!40101 SET @saved_cs_client     = @@character_set_client */;
/*!40101 SET character_set_client = utf8mb4 */;
CREATE TABLE `IDPAuditCompleteUa` (
  `id` int(11) NOT NULL AUTO_INCREMENT,
  `service_id` int(11) DEFAULT NULL,
  `legal_entity_id` int(11) DEFAULT NULL,
  `localization` int(11) DEFAULT NULL,
  `provider_id` int(11) DEFAULT NULL,
  `budget_code_id` int(11) DEFAULT NULL,
  `document_nature_id` int(11) DEFAULT NULL,
  `document_type_id` int(11) DEFAULT NULL,
  PRIMARY KEY (`id`)
) ENGINE=InnoDB DEFAULT CHARSET=utf8mb3 COLLATE=utf8mb3_unicode_ci;
/*!40101 SET character_set_client = @saved_cs_client */;

--
-- Dumping data for table `IDPAuditCompleteUa`
--

LOCK TABLES `IDPAuditCompleteUa` WRITE;
/*!40000 ALTER TABLE `IDPAuditCompleteUa` DISABLE KEYS */;
/*!40000 ALTER TABLE `IDPAuditCompleteUa` ENABLE KEYS */;
UNLOCK TABLES;

--
-- Table structure for table `IDPBudgetCodes`
--

DROP TABLE IF EXISTS `IDPBudgetCodes`;
/*!40101 SET @saved_cs_client     = @@character_set_client */;
/*!40101 SET character_set_client = utf8mb4 */;
CREATE TABLE `IDPBudgetCodes` (
  `id` int(11) NOT NULL AUTO_INCREMENT,
  `longname` varchar(255) NOT NULL,
  PRIMARY KEY (`id`)
) ENGINE=InnoDB AUTO_INCREMENT=3 DEFAULT CHARSET=utf8mb3 COLLATE=utf8mb3_unicode_ci;
/*!40101 SET character_set_client = @saved_cs_client */;

--
-- Dumping data for table `IDPBudgetCodes`
--

LOCK TABLES `IDPBudgetCodes` WRITE;
/*!40000 ALTER TABLE `IDPBudgetCodes` DISABLE KEYS */;
INSERT INTO `IDPBudgetCodes` VALUES
(1,'clients'),
(2,'fournisseurs');
/*!40000 ALTER TABLE `IDPBudgetCodes` ENABLE KEYS */;
UNLOCK TABLES;

--
-- Table structure for table `IDPColumns`
--

DROP TABLE IF EXISTS `IDPColumns`;
/*!40101 SET @saved_cs_client     = @@character_set_client */;
/*!40101 SET character_set_client = utf8mb4 */;
CREATE TABLE `IDPColumns` (
  `id` int(11) NOT NULL AUTO_INCREMENT,
  `field_name` varchar(255) NOT NULL,
  `translation_id` int(11) NOT NULL,
  `order_idx` int(11) NOT NULL,
  `view_by_config` tinyint(1) NOT NULL,
  `config_idx` int(11) NOT NULL,
  PRIMARY KEY (`id`)
) ENGINE=InnoDB AUTO_INCREMENT=45 DEFAULT CHARSET=utf8mb3 COLLATE=utf8mb3_unicode_ci;
/*!40101 SET character_set_client = @saved_cs_client */;

--
-- Dumping data for table `IDPColumns`
--

LOCK TABLES `IDPColumns` WRITE;
/*!40000 ALTER TABLE `IDPColumns` DISABLE KEYS */;
INSERT INTO `IDPColumns` VALUES
(1,'service',1,1,0,0),
(2,'ordernumber',2,2,0,0),
(3,'legalentity',3,3,0,0),
(4,'name',4,4,0,0),
(5,'budgetcode',5,5,1,1),
(6,'documentnature',6,6,1,2),
(7,'documenttype',7,7,1,3),
(8,'description1',8,8,1,4),
(9,'description2',9,9,1,5),
(10,'documentnumber',10,10,1,6),
(11,'boxnumber',11,11,1,7),
(12,'containernumber',12,12,1,8),
(13,'provider',13,13,1,9),
(14,'status',14,14,0,0),
(15,'id',15,15,0,0),
(16,'adminlist',16,16,0,0),
(17,'statuscaps',17,17,0,0),
(18,'authorized',18,18,0,0),
(19,'localization',19,19,0,0),
(20,'localizationfree',20,20,0,0),
(21,'limitdatemin',21,21,1,10),
(22,'limitdatemax',22,22,1,10),
(23,'limitnummin',23,23,1,11),
(24,'limitnummax',24,24,1,11),
(25,'limitalphamin',25,25,1,12),
(26,'limitalphamax',26,26,1,12),
(27,'limitalphanummin',27,27,1,13),
(28,'limitalphanummax',28,28,1,13),
(29,'closureyear',29,29,0,0),
(30,'destructionyear',30,30,0,0),
(31,'statuscode',31,31,0,0),
(32,'modifiedat',32,32,0,0),
(33,'oldlocalization',33,33,0,0),
(34,'oldlocalizationfree',34,34,0,0),
(35,'providerid',35,35,0,0),
(36,'precisiondate',36,36,0,0),
(37,'precisionaddress',37,37,0,0),
(38,'precisionfloor',38,38,0,0),
(39,'precisionoffice',39,39,0,0),
(40,'precisionwho',40,40,0,0),
(41,'precisioncomment',41,41,0,0),
(42,'locked',42,42,0,0),
(43,'unlimited',43,43,0,0),
(44,'unlimitedcomments',44,44,0,0);
/*!40000 ALTER TABLE `IDPColumns` ENABLE KEYS */;
UNLOCK TABLES;

--
-- Table structure for table `IDPDeletedArchive`
--

DROP TABLE IF EXISTS `IDPDeletedArchive`;
/*!40101 SET @saved_cs_client     = @@character_set_client */;
/*!40101 SET character_set_client = utf8mb4 */;
CREATE TABLE `IDPDeletedArchive` (
  `id` int(11) NOT NULL AUTO_INCREMENT,
  `name` varchar(1000) DEFAULT NULL,
  `status` varchar(255) DEFAULT NULL,
  `ordernumber` varchar(255) DEFAULT NULL,
  `budgetcode` varchar(255) DEFAULT NULL,
  `localization` varchar(255) DEFAULT NULL,
  `localizationfree` varchar(255) DEFAULT NULL,
  `closureyear` int(11) DEFAULT NULL,
  `destructionyear` int(11) DEFAULT NULL,
  `service` varchar(255) DEFAULT NULL,
  `legalentity` varchar(255) DEFAULT NULL,
  `documentnature` varchar(255) DEFAULT NULL,
  `documenttype` varchar(255) DEFAULT NULL,
  `description1` varchar(255) DEFAULT NULL,
  `description2` varchar(255) DEFAULT NULL,
  `limitnummin` int(11) DEFAULT NULL,
  `limitnummax` int(11) DEFAULT NULL,
  `limitalphamin` varchar(255) DEFAULT NULL,
  `limitalphamax` varchar(255) DEFAULT NULL,
  `limitalphanummin` varchar(255) DEFAULT NULL,
  `limitalphanummax` varchar(255) DEFAULT NULL,
  `limitdatemin` datetime DEFAULT NULL,
  `limitdatemax` datetime DEFAULT NULL,
  `documentnumber` varchar(255) DEFAULT NULL,
  `boxnumber` varchar(255) DEFAULT NULL,
  `containernumber` varchar(255) DEFAULT NULL,
  `provider` varchar(255) DEFAULT NULL,
  PRIMARY KEY (`id`)
) ENGINE=InnoDB DEFAULT CHARSET=utf8mb3 COLLATE=utf8mb3_unicode_ci;
/*!40101 SET character_set_client = @saved_cs_client */;

--
-- Dumping data for table `IDPDeletedArchive`
--

LOCK TABLES `IDPDeletedArchive` WRITE;
/*!40000 ALTER TABLE `IDPDeletedArchive` DISABLE KEYS */;
/*!40000 ALTER TABLE `IDPDeletedArchive` ENABLE KEYS */;
UNLOCK TABLES;

--
-- Table structure for table `IDPDeliverAddress`
--

DROP TABLE IF EXISTS `IDPDeliverAddress`;
/*!40101 SET @saved_cs_client     = @@character_set_client */;
/*!40101 SET character_set_client = utf8mb4 */;
CREATE TABLE `IDPDeliverAddress` (
  `id` int(11) NOT NULL AUTO_INCREMENT,
  `longname` varchar(255) NOT NULL,
  PRIMARY KEY (`id`)
) ENGINE=InnoDB AUTO_INCREMENT=5 DEFAULT CHARSET=utf8mb3 COLLATE=utf8mb3_unicode_ci;
/*!40101 SET character_set_client = @saved_cs_client */;

--
-- Dumping data for table `IDPDeliverAddress`
--

LOCK TABLES `IDPDeliverAddress` WRITE;
/*!40000 ALTER TABLE `IDPDeliverAddress` DISABLE KEYS */;
INSERT INTO `IDPDeliverAddress` VALUES
(1,'5 rue constantine, le Mans 72000'),
(2,'Homebox, Arnage 72530'),
(3,'41 rue du Maine, Laigné-Saint-Gervais 72220'),
(4,'test');
/*!40000 ALTER TABLE `IDPDeliverAddress` ENABLE KEYS */;
UNLOCK TABLES;

--
-- Table structure for table `IDPDescriptions1`
--

DROP TABLE IF EXISTS `IDPDescriptions1`;
/*!40101 SET @saved_cs_client     = @@character_set_client */;
/*!40101 SET character_set_client = utf8mb4 */;
CREATE TABLE `IDPDescriptions1` (
  `id` int(11) NOT NULL AUTO_INCREMENT,
  `longname` varchar(255) NOT NULL,
  PRIMARY KEY (`id`)
) ENGINE=InnoDB AUTO_INCREMENT=2 DEFAULT CHARSET=utf8mb3 COLLATE=utf8mb3_unicode_ci;
/*!40101 SET character_set_client = @saved_cs_client */;

--
-- Dumping data for table `IDPDescriptions1`
--

LOCK TABLES `IDPDescriptions1` WRITE;
/*!40000 ALTER TABLE `IDPDescriptions1` DISABLE KEYS */;
INSERT INTO `IDPDescriptions1` VALUES
(1,'contenu');
/*!40000 ALTER TABLE `IDPDescriptions1` ENABLE KEYS */;
UNLOCK TABLES;

--
-- Table structure for table `IDPDescriptions2`
--

DROP TABLE IF EXISTS `IDPDescriptions2`;
/*!40101 SET @saved_cs_client     = @@character_set_client */;
/*!40101 SET character_set_client = utf8mb4 */;
CREATE TABLE `IDPDescriptions2` (
  `id` int(11) NOT NULL AUTO_INCREMENT,
  `longname` varchar(255) NOT NULL,
  PRIMARY KEY (`id`)
) ENGINE=InnoDB AUTO_INCREMENT=2 DEFAULT CHARSET=utf8mb3 COLLATE=utf8mb3_unicode_ci;
/*!40101 SET character_set_client = @saved_cs_client */;

--
-- Dumping data for table `IDPDescriptions2`
--

LOCK TABLES `IDPDescriptions2` WRITE;
/*!40000 ALTER TABLE `IDPDescriptions2` DISABLE KEYS */;
INSERT INTO `IDPDescriptions2` VALUES
(1,'volumétrie');
/*!40000 ALTER TABLE `IDPDescriptions2` ENABLE KEYS */;
UNLOCK TABLES;

--
-- Table structure for table `IDPDocumentNatures`
--

DROP TABLE IF EXISTS `IDPDocumentNatures`;
/*!40101 SET @saved_cs_client     = @@character_set_client */;
/*!40101 SET character_set_client = utf8mb4 */;
CREATE TABLE `IDPDocumentNatures` (
  `id` int(11) NOT NULL AUTO_INCREMENT,
  `longname` varchar(255) NOT NULL,
  PRIMARY KEY (`id`)
) ENGINE=InnoDB AUTO_INCREMENT=3 DEFAULT CHARSET=utf8mb3 COLLATE=utf8mb3_unicode_ci;
/*!40101 SET character_set_client = @saved_cs_client */;

--
-- Dumping data for table `IDPDocumentNatures`
--

LOCK TABLES `IDPDocumentNatures` WRITE;
/*!40000 ALTER TABLE `IDPDocumentNatures` DISABLE KEYS */;
INSERT INTO `IDPDocumentNatures` VALUES
(1,'stockage en box'),
(2,'numérisation');
/*!40000 ALTER TABLE `IDPDocumentNatures` ENABLE KEYS */;
UNLOCK TABLES;

--
-- Table structure for table `IDPDocumentTypes`
--

DROP TABLE IF EXISTS `IDPDocumentTypes`;
/*!40101 SET @saved_cs_client     = @@character_set_client */;
/*!40101 SET character_set_client = utf8mb4 */;
CREATE TABLE `IDPDocumentTypes` (
  `id` int(11) NOT NULL AUTO_INCREMENT,
  `longname` varchar(255) NOT NULL,
  `keepaliveduration` int(11) NOT NULL,
  PRIMARY KEY (`id`)
) ENGINE=InnoDB AUTO_INCREMENT=6 DEFAULT CHARSET=utf8mb3 COLLATE=utf8mb3_unicode_ci;
/*!40101 SET character_set_client = @saved_cs_client */;

--
-- Dumping data for table `IDPDocumentTypes`
--

LOCK TABLES `IDPDocumentTypes` WRITE;
/*!40000 ALTER TABLE `IDPDocumentTypes` DISABLE KEYS */;
INSERT INTO `IDPDocumentTypes` VALUES
(1,'contrat',10),
(2,'facture',10),
(3,'bon de commande',10),
(4,'document de travail',3),
(5,'courrier',5);
/*!40000 ALTER TABLE `IDPDocumentTypes` ENABLE KEYS */;
UNLOCK TABLES;

--
-- Table structure for table `IDPGlobalSettings`
--

DROP TABLE IF EXISTS `IDPGlobalSettings`;
/*!40101 SET @saved_cs_client     = @@character_set_client */;
/*!40101 SET character_set_client = utf8mb4 */;
CREATE TABLE `IDPGlobalSettings` (
  `id` int(11) NOT NULL AUTO_INCREMENT,
  `name` varchar(255) NOT NULL,
  `intvalue` int(11) NOT NULL,
  PRIMARY KEY (`id`)
) ENGINE=InnoDB AUTO_INCREMENT=4 DEFAULT CHARSET=utf8mb3 COLLATE=utf8mb3_unicode_ci;
/*!40101 SET character_set_client = @saved_cs_client */;

--
-- Dumping data for table `IDPGlobalSettings`
--

LOCK TABLES `IDPGlobalSettings` WRITE;
/*!40000 ALTER TABLE `IDPGlobalSettings` DISABLE KEYS */;
INSERT INTO `IDPGlobalSettings` VALUES
(1,'PASSWORD_MIN_LENGTH',8),
(2,'PASSWORD_COMPLEXITY',15),
(3,'EXPORT_TYPE',2);
/*!40000 ALTER TABLE `IDPGlobalSettings` ENABLE KEYS */;
UNLOCK TABLES;

--
-- Table structure for table `IDPGlobalStatuses`
--

DROP TABLE IF EXISTS `IDPGlobalStatuses`;
/*!40101 SET @saved_cs_client     = @@character_set_client */;
/*!40101 SET character_set_client = utf8mb4 */;
CREATE TABLE `IDPGlobalStatuses` (
  `id` int(11) NOT NULL AUTO_INCREMENT,
  `import_in_progress` tinyint(1) NOT NULL,
  `cancel_in_progress` tinyint(1) NOT NULL,
  `current_import_id` int(11) DEFAULT NULL,
  `reconciliation_in_progress` int(11) DEFAULT NULL,
  `current_reconciliation_id` int(11) DEFAULT NULL,
  PRIMARY KEY (`id`)
) ENGINE=InnoDB AUTO_INCREMENT=2 DEFAULT CHARSET=utf8mb3 COLLATE=utf8mb3_unicode_ci;
/*!40101 SET character_set_client = @saved_cs_client */;

--
-- Dumping data for table `IDPGlobalStatuses`
--

LOCK TABLES `IDPGlobalStatuses` WRITE;
/*!40000 ALTER TABLE `IDPGlobalStatuses` DISABLE KEYS */;
INSERT INTO `IDPGlobalStatuses` VALUES
(1,0,0,0,0,0);
/*!40000 ALTER TABLE `IDPGlobalStatuses` ENABLE KEYS */;
UNLOCK TABLES;

--
-- Table structure for table `IDPImport`
--

DROP TABLE IF EXISTS `IDPImport`;
/*!40101 SET @saved_cs_client     = @@character_set_client */;
/*!40101 SET character_set_client = utf8mb4 */;
CREATE TABLE `IDPImport` (
  `id` int(11) NOT NULL AUTO_INCREMENT,
  `filename` varchar(255) DEFAULT NULL,
  `status` int(11) NOT NULL,
  `progress` int(11) DEFAULT NULL,
  `datebegin` datetime DEFAULT NULL,
  `estimatedend` datetime DEFAULT NULL,
  `dateend` datetime DEFAULT NULL,
  `nblinesfile` int(11) DEFAULT NULL,
  `nblinesimported` int(11) DEFAULT NULL,
  `nb_lines_error` int(11) DEFAULT NULL,
  PRIMARY KEY (`id`)
) ENGINE=InnoDB DEFAULT CHARSET=utf8mb3 COLLATE=utf8mb3_unicode_ci;
/*!40101 SET character_set_client = @saved_cs_client */;

--
-- Dumping data for table `IDPImport`
--

LOCK TABLES `IDPImport` WRITE;
/*!40000 ALTER TABLE `IDPImport` DISABLE KEYS */;
/*!40000 ALTER TABLE `IDPImport` ENABLE KEYS */;
UNLOCK TABLES;

--
-- Table structure for table `IDPImportComm`
--

DROP TABLE IF EXISTS `IDPImportComm`;
/*!40101 SET @saved_cs_client     = @@character_set_client */;
/*!40101 SET character_set_client = utf8mb4 */;
CREATE TABLE `IDPImportComm` (
  `id` int(11) NOT NULL AUTO_INCREMENT,
  `import_id` int(11) NOT NULL,
  `percent` int(11) NOT NULL,
  `message` varchar(255) DEFAULT NULL,
  `rawline` varchar(2048) DEFAULT NULL,
  `status` int(11) NOT NULL,
  `alreadyRead` int(11) NOT NULL,
  PRIMARY KEY (`id`)
) ENGINE=InnoDB DEFAULT CHARSET=utf8mb3 COLLATE=utf8mb3_unicode_ci;
/*!40101 SET character_set_client = @saved_cs_client */;

--
-- Dumping data for table `IDPImportComm`
--

LOCK TABLES `IDPImportComm` WRITE;
/*!40000 ALTER TABLE `IDPImportComm` DISABLE KEYS */;
/*!40000 ALTER TABLE `IDPImportComm` ENABLE KEYS */;
UNLOCK TABLES;

--
-- Table structure for table `IDPLegalEntities`
--

DROP TABLE IF EXISTS `IDPLegalEntities`;
/*!40101 SET @saved_cs_client     = @@character_set_client */;
/*!40101 SET character_set_client = utf8mb4 */;
CREATE TABLE `IDPLegalEntities` (
  `id` int(11) NOT NULL AUTO_INCREMENT,
  `longname` varchar(255) NOT NULL,
  PRIMARY KEY (`id`)
) ENGINE=InnoDB AUTO_INCREMENT=2 DEFAULT CHARSET=utf8mb3 COLLATE=utf8mb3_unicode_ci;
/*!40101 SET character_set_client = @saved_cs_client */;

--
-- Dumping data for table `IDPLegalEntities`
--

LOCK TABLES `IDPLegalEntities` WRITE;
/*!40000 ALTER TABLE `IDPLegalEntities` DISABLE KEYS */;
INSERT INTO `IDPLegalEntities` VALUES
(1,'ideesculture SAS');
/*!40000 ALTER TABLE `IDPLegalEntities` ENABLE KEYS */;
UNLOCK TABLES;

--
-- Table structure for table `IDPLocalizations`
--

DROP TABLE IF EXISTS `IDPLocalizations`;
/*!40101 SET @saved_cs_client     = @@character_set_client */;
/*!40101 SET character_set_client = utf8mb4 */;
CREATE TABLE `IDPLocalizations` (
  `id` int(11) NOT NULL AUTO_INCREMENT,
  `longname` varchar(255) NOT NULL,
  `logo` varchar(255) DEFAULT NULL,
  PRIMARY KEY (`id`)
) ENGINE=InnoDB AUTO_INCREMENT=4 DEFAULT CHARSET=utf8mb3 COLLATE=utf8mb3_unicode_ci;
/*!40101 SET character_set_client = @saved_cs_client */;

--
-- Dumping data for table `IDPLocalizations`
--

LOCK TABLES `IDPLocalizations` WRITE;
/*!40000 ALTER TABLE `IDPLocalizations` DISABLE KEYS */;
INSERT INTO `IDPLocalizations` VALUES
(1,'Le Mans',NULL),
(2,'Arnage',NULL),
(3,'Laigné-Saint-Gervais',NULL);
/*!40000 ALTER TABLE `IDPLocalizations` ENABLE KEYS */;
UNLOCK TABLES;

--
-- Table structure for table `IDPMainSettings`
--

DROP TABLE IF EXISTS `IDPMainSettings`;
/*!40101 SET @saved_cs_client     = @@character_set_client */;
/*!40101 SET character_set_client = utf8mb4 */;
CREATE TABLE `IDPMainSettings` (
  `id` int(11) NOT NULL AUTO_INCREMENT,
  `name` varchar(255) NOT NULL,
  `intvalue` int(11) NOT NULL,
  PRIMARY KEY (`id`)
) ENGINE=InnoDB AUTO_INCREMENT=2 DEFAULT CHARSET=utf8mb3 COLLATE=utf8mb3_unicode_ci;
/*!40101 SET character_set_client = @saved_cs_client */;

--
-- Dumping data for table `IDPMainSettings`
--

LOCK TABLES `IDPMainSettings` WRITE;
/*!40000 ALTER TABLE `IDPMainSettings` DISABLE KEYS */;
INSERT INTO `IDPMainSettings` VALUES
(1,'ALL_SERVICES_CONFIGURED_AT_ONCE',0);
/*!40000 ALTER TABLE `IDPMainSettings` ENABLE KEYS */;
UNLOCK TABLES;

--
-- Table structure for table `IDPProviderConnectorBackup`
--

DROP TABLE IF EXISTS `IDPProviderConnectorBackup`;
/*!40101 SET @saved_cs_client     = @@character_set_client */;
/*!40101 SET character_set_client = utf8mb4 */;
CREATE TABLE `IDPProviderConnectorBackup` (
  `id` int(11) NOT NULL AUTO_INCREMENT,
  `contact` varchar(255) DEFAULT NULL,
  `phone` varchar(255) DEFAULT NULL,
  `address` varchar(255) DEFAULT NULL,
  `deliver` int(11) DEFAULT NULL,
  `type` int(11) DEFAULT NULL,
  `type2` int(11) DEFAULT NULL,
  `disposal` int(11) DEFAULT NULL,
  `remark` varchar(1024) DEFAULT NULL,
  `name` varchar(255) DEFAULT NULL,
  `firstname` varchar(255) DEFAULT NULL,
  `function` varchar(255) DEFAULT NULL,
  `userid` int(11) NOT NULL,
  PRIMARY KEY (`id`)
) ENGINE=InnoDB AUTO_INCREMENT=3 DEFAULT CHARSET=utf8mb3 COLLATE=utf8mb3_unicode_ci;
/*!40101 SET character_set_client = @saved_cs_client */;

--
-- Dumping data for table `IDPProviderConnectorBackup`
--

LOCK TABLES `IDPProviderConnectorBackup` WRITE;
/*!40000 ALTER TABLE `IDPProviderConnectorBackup` DISABLE KEYS */;
INSERT INTO `IDPProviderConnectorBackup` VALUES
(1,NULL,NULL,NULL,NULL,NULL,NULL,NULL,NULL,NULL,NULL,NULL,1),
(2,NULL,NULL,NULL,NULL,NULL,NULL,NULL,NULL,NULL,NULL,NULL,2);
/*!40000 ALTER TABLE `IDPProviderConnectorBackup` ENABLE KEYS */;
UNLOCK TABLES;

--
-- Table structure for table `IDPProviders`
--

DROP TABLE IF EXISTS `IDPProviders`;
/*!40101 SET @saved_cs_client     = @@character_set_client */;
/*!40101 SET character_set_client = utf8mb4 */;
CREATE TABLE `IDPProviders` (
  `id` int(11) NOT NULL AUTO_INCREMENT,
  `localization_id` int(11) DEFAULT NULL,
  `longname` varchar(255) NOT NULL,
  PRIMARY KEY (`id`),
  KEY `IDX_8F47E5316A2856C7` (`localization_id`),
  CONSTRAINT `FK_8F47E5316A2856C7` FOREIGN KEY (`localization_id`) REFERENCES `IDPLocalizations` (`id`)
) ENGINE=InnoDB AUTO_INCREMENT=2 DEFAULT CHARSET=utf8mb3 COLLATE=utf8mb3_unicode_ci;
/*!40101 SET character_set_client = @saved_cs_client */;

--
-- Dumping data for table `IDPProviders`
--

LOCK TABLES `IDPProviders` WRITE;
/*!40000 ALTER TABLE `IDPProviders` DISABLE KEYS */;
INSERT INTO `IDPProviders` VALUES
(1,3,'Gautier');
/*!40000 ALTER TABLE `IDPProviders` ENABLE KEYS */;
UNLOCK TABLES;

--
-- Table structure for table `IDPReconciliation`
--

DROP TABLE IF EXISTS `IDPReconciliation`;
/*!40101 SET @saved_cs_client     = @@character_set_client */;
/*!40101 SET character_set_client = utf8mb4 */;
CREATE TABLE `IDPReconciliation` (
  `id` int(11) NOT NULL AUTO_INCREMENT,
  `filename` varchar(255) DEFAULT NULL,
  `realfilename` varchar(255) DEFAULT NULL,
  `percentstep1` int(11) NOT NULL,
  `percentstep2` int(11) NOT NULL,
  `datebeginstep1` datetime DEFAULT NULL,
  `datebeginstep2` datetime DEFAULT NULL,
  `estimatedendstep1` datetime DEFAULT NULL,
  `dateendstep1` datetime DEFAULT NULL,
  `estimatedendstep2` datetime DEFAULT NULL,
  `dateendstep2` datetime DEFAULT NULL,
  `nblinesinfile` int(11) DEFAULT NULL,
  `nblinestreated` int(11) DEFAULT NULL,
  `nbentriesinbdd` int(11) DEFAULT NULL,
  `nbentriestreated` int(11) DEFAULT NULL,
  `resultfilename` varchar(255) DEFAULT NULL,
  PRIMARY KEY (`id`)
) ENGINE=InnoDB DEFAULT CHARSET=utf8mb3 COLLATE=utf8mb3_unicode_ci;
/*!40101 SET character_set_client = @saved_cs_client */;

--
-- Dumping data for table `IDPReconciliation`
--

LOCK TABLES `IDPReconciliation` WRITE;
/*!40000 ALTER TABLE `IDPReconciliation` DISABLE KEYS */;
/*!40000 ALTER TABLE `IDPReconciliation` ENABLE KEYS */;
UNLOCK TABLES;

--
-- Table structure for table `IDPReconciliationComm`
--

DROP TABLE IF EXISTS `IDPReconciliationComm`;
/*!40101 SET @saved_cs_client     = @@character_set_client */;
/*!40101 SET character_set_client = utf8mb4 */;
CREATE TABLE `IDPReconciliationComm` (
  `id` int(11) NOT NULL AUTO_INCREMENT,
  `way_archimage_provider` tinyint(1) NOT NULL,
  `provider_file_line_number` int(11) NOT NULL,
  `provider` varchar(255) DEFAULT NULL,
  `container_box_document` varchar(255) DEFAULT NULL,
  `global_status` varchar(255) DEFAULT NULL,
  `ok_provider` tinyint(1) NOT NULL,
  `ok_triple` tinyint(1) NOT NULL,
  `ok_status` tinyint(1) NOT NULL,
  `ko_ua_num_order` varchar(255) DEFAULT NULL,
  `ko_status` varchar(255) DEFAULT NULL,
  PRIMARY KEY (`id`)
) ENGINE=InnoDB DEFAULT CHARSET=utf8mb3 COLLATE=utf8mb3_unicode_ci;
/*!40101 SET character_set_client = @saved_cs_client */;

--
-- Dumping data for table `IDPReconciliationComm`
--

LOCK TABLES `IDPReconciliationComm` WRITE;
/*!40000 ALTER TABLE `IDPReconciliationComm` DISABLE KEYS */;
/*!40000 ALTER TABLE `IDPReconciliationComm` ENABLE KEYS */;
UNLOCK TABLES;

--
-- Table structure for table `IDPReconciliationFile`
--

DROP TABLE IF EXISTS `IDPReconciliationFile`;
/*!40101 SET @saved_cs_client     = @@character_set_client */;
/*!40101 SET character_set_client = utf8mb4 */;
CREATE TABLE `IDPReconciliationFile` (
  `id` int(11) NOT NULL AUTO_INCREMENT,
  `provider` varchar(255) DEFAULT NULL,
  `cbd` varchar(255) DEFAULT NULL,
  `status` varchar(25) DEFAULT NULL,
  PRIMARY KEY (`id`)
) ENGINE=InnoDB DEFAULT CHARSET=utf8mb3 COLLATE=utf8mb3_unicode_ci;
/*!40101 SET character_set_client = @saved_cs_client */;

--
-- Dumping data for table `IDPReconciliationFile`
--

LOCK TABLES `IDPReconciliationFile` WRITE;
/*!40000 ALTER TABLE `IDPReconciliationFile` DISABLE KEYS */;
/*!40000 ALTER TABLE `IDPReconciliationFile` ENABLE KEYS */;
UNLOCK TABLES;

--
-- Table structure for table `IDPServiceSettings`
--

DROP TABLE IF EXISTS `IDPServiceSettings`;
/*!40101 SET @saved_cs_client     = @@character_set_client */;
/*!40101 SET character_set_client = utf8mb4 */;
CREATE TABLE `IDPServiceSettings` (
  `id` int(11) NOT NULL AUTO_INCREMENT,
  `service_id` int(11) DEFAULT NULL,
  `view_budgetcode` tinyint(1) NOT NULL,
  `mandatory_budgetcode` tinyint(1) NOT NULL,
  `view_documentnature` tinyint(1) NOT NULL,
  `mandatory_documentnature` tinyint(1) NOT NULL,
  `view_documenttype` tinyint(1) NOT NULL,
  `mandatory_documenttype` tinyint(1) NOT NULL,
  `view_description1` tinyint(1) NOT NULL,
  `mandatory_description1` tinyint(1) NOT NULL,
  `name_description1` varchar(255) DEFAULT NULL,
  `view_description2` tinyint(1) NOT NULL,
  `mandatory_description2` tinyint(1) NOT NULL,
  `name_description2` varchar(255) DEFAULT NULL,
  `view_limitsnum` tinyint(1) NOT NULL,
  `mandatory_limitsnum` tinyint(1) NOT NULL,
  `view_limitsalpha` tinyint(1) NOT NULL,
  `mandatory_limitsalpha` tinyint(1) NOT NULL,
  `view_limitsalphanum` tinyint(1) NOT NULL,
  `mandatory_limitsalphanum` tinyint(1) NOT NULL,
  `view_limitsdate` tinyint(1) NOT NULL,
  `mandatory_limitsdate` tinyint(1) NOT NULL,
  `view_filenumber` tinyint(1) NOT NULL,
  `mandatory_filenumber` tinyint(1) NOT NULL,
  `view_boxnumber` tinyint(1) NOT NULL,
  `mandatory_boxnumber` tinyint(1) NOT NULL,
  `view_containernumber` tinyint(1) NOT NULL,
  `mandatory_containernumber` tinyint(1) NOT NULL,
  `view_provider` tinyint(1) NOT NULL,
  `mandatory_provider` tinyint(1) NOT NULL,
  `default_language` int(11) DEFAULT NULL,
  `view_transfer_internal_basket` tinyint(1) NOT NULL,
  `view_transfer_intermediate_basket` tinyint(1) NOT NULL,
  `view_transfer_provider_basket` tinyint(1) NOT NULL,
  `view_reloc_internal_basket` tinyint(1) NOT NULL,
  `view_reloc_intermediate_basket` tinyint(1) NOT NULL,
  `view_reloc_provider_basket` tinyint(1) NOT NULL,
  PRIMARY KEY (`id`)
) ENGINE=InnoDB AUTO_INCREMENT=4 DEFAULT CHARSET=utf8mb3 COLLATE=utf8mb3_unicode_ci;
/*!40101 SET character_set_client = @saved_cs_client */;

--
-- Dumping data for table `IDPServiceSettings`
--

LOCK TABLES `IDPServiceSettings` WRITE;
/*!40000 ALTER TABLE `IDPServiceSettings` DISABLE KEYS */;
INSERT INTO `IDPServiceSettings` VALUES
(1,0,1,0,1,0,1,0,1,0,'Description 1',1,0,'Description 2',1,0,1,0,1,0,1,0,1,0,1,0,1,0,1,0,0,1,1,1,1,1,1),
(2,1,1,0,1,0,1,0,1,0,'Description 1',1,0,'Description 2',1,0,1,0,1,0,1,0,1,0,1,0,1,0,1,0,0,1,1,1,1,1,1),
(3,2,1,0,1,0,1,0,1,0,'Description 1',1,0,'Description 2',1,0,1,0,1,0,1,0,1,0,1,0,1,0,1,0,0,1,1,1,1,1,1);
/*!40000 ALTER TABLE `IDPServiceSettings` ENABLE KEYS */;
UNLOCK TABLES;

--
-- Table structure for table `IDPServices`
--

DROP TABLE IF EXISTS `IDPServices`;
/*!40101 SET @saved_cs_client     = @@character_set_client */;
/*!40101 SET character_set_client = utf8mb4 */;
CREATE TABLE `IDPServices` (
  `id` int(11) NOT NULL AUTO_INCREMENT,
  `longname` varchar(1000) NOT NULL,
  PRIMARY KEY (`id`)
) ENGINE=InnoDB AUTO_INCREMENT=3 DEFAULT CHARSET=utf8mb3 COLLATE=utf8mb3_unicode_ci;
/*!40101 SET character_set_client = @saved_cs_client */;

--
-- Dumping data for table `IDPServices`
--

LOCK TABLES `IDPServices` WRITE;
/*!40000 ALTER TABLE `IDPServices` DISABLE KEYS */;
INSERT INTO `IDPServices` VALUES
(1,'ideesculture-archives'),
(2,'Test');
/*!40000 ALTER TABLE `IDPServices` ENABLE KEYS */;
UNLOCK TABLES;

--
-- Table structure for table `IDPStatistics`
--

DROP TABLE IF EXISTS `IDPStatistics`;
/*!40101 SET @saved_cs_client     = @@character_set_client */;
/*!40101 SET character_set_client = utf8mb4 */;
CREATE TABLE `IDPStatistics` (
  `id` int(11) NOT NULL AUTO_INCREMENT,
  `statcount` int(11) NOT NULL,
  `statmove` int(11) NOT NULL,
  `statyearmonth` int(11) NOT NULL,
  `statcontain` int(11) NOT NULL,
  `statwhere` int(11) NOT NULL,
  `statserviceid` int(11) DEFAULT NULL,
  `statbudgetcodeid` int(11) DEFAULT NULL,
  `statlegalentityid` int(11) DEFAULT NULL,
  `statproviderid` int(11) DEFAULT NULL,
  `statlocalizationid` int(11) DEFAULT NULL,
  PRIMARY KEY (`id`)
) ENGINE=InnoDB DEFAULT CHARSET=utf8mb3 COLLATE=utf8mb3_unicode_ci;
/*!40101 SET character_set_client = @saved_cs_client */;

--
-- Dumping data for table `IDPStatistics`
--

LOCK TABLES `IDPStatistics` WRITE;
/*!40000 ALTER TABLE `IDPStatistics` DISABLE KEYS */;
/*!40000 ALTER TABLE `IDPStatistics` ENABLE KEYS */;
UNLOCK TABLES;

--
-- Table structure for table `IDPTempOpti`
--

DROP TABLE IF EXISTS `IDPTempOpti`;
/*!40101 SET @saved_cs_client     = @@character_set_client */;
/*!40101 SET character_set_client = utf8mb4 */;
CREATE TABLE `IDPTempOpti` (
  `id` int(11) NOT NULL AUTO_INCREMENT,
  `user_id` int(11) DEFAULT NULL,
  `percent` int(11) DEFAULT NULL,
  `message` varchar(255) DEFAULT NULL,
  PRIMARY KEY (`id`)
) ENGINE=InnoDB DEFAULT CHARSET=utf8mb3 COLLATE=utf8mb3_unicode_ci;
/*!40101 SET character_set_client = @saved_cs_client */;

--
-- Dumping data for table `IDPTempOpti`
--

LOCK TABLES `IDPTempOpti` WRITE;
/*!40000 ALTER TABLE `IDPTempOpti` DISABLE KEYS */;
/*!40000 ALTER TABLE `IDPTempOpti` ENABLE KEYS */;
UNLOCK TABLES;

--
-- Table structure for table `IDPUserAddresses`
--

DROP TABLE IF EXISTS `IDPUserAddresses`;
/*!40101 SET @saved_cs_client     = @@character_set_client */;
/*!40101 SET character_set_client = utf8mb4 */;
CREATE TABLE `IDPUserAddresses` (
  `id` int(11) NOT NULL AUTO_INCREMENT,
  `user_id` int(11) DEFAULT NULL,
  `address_id` int(11) DEFAULT NULL,
  PRIMARY KEY (`id`),
  KEY `IDX_E74E3D50A76ED395` (`user_id`),
  KEY `IDX_E74E3D50F5B7AF75` (`address_id`),
  CONSTRAINT `FK_E74E3D50A76ED395` FOREIGN KEY (`user_id`) REFERENCES `bsUsers` (`id`) ON DELETE SET NULL,
  CONSTRAINT `FK_E74E3D50F5B7AF75` FOREIGN KEY (`address_id`) REFERENCES `IDPDeliverAddress` (`id`) ON DELETE SET NULL
) ENGINE=InnoDB AUTO_INCREMENT=9 DEFAULT CHARSET=utf8mb3 COLLATE=utf8mb3_unicode_ci;
/*!40101 SET character_set_client = @saved_cs_client */;

--
-- Dumping data for table `IDPUserAddresses`
--

LOCK TABLES `IDPUserAddresses` WRITE;
/*!40000 ALTER TABLE `IDPUserAddresses` DISABLE KEYS */;
INSERT INTO `IDPUserAddresses` VALUES
(1,1,1),
(2,2,1),
(3,1,2),
(4,2,2),
(5,1,3),
(6,2,3),
(7,1,4),
(8,2,4);
/*!40000 ALTER TABLE `IDPUserAddresses` ENABLE KEYS */;
UNLOCK TABLES;

--
-- Table structure for table `IDPUserAutoSaveFields`
--

DROP TABLE IF EXISTS `IDPUserAutoSaveFields`;
/*!40101 SET @saved_cs_client     = @@character_set_client */;
/*!40101 SET character_set_client = utf8mb4 */;
CREATE TABLE `IDPUserAutoSaveFields` (
  `id` int(11) NOT NULL AUTO_INCREMENT,
  `user_id` int(11) NOT NULL,
  `asf_service` tinyint(1) NOT NULL,
  `asf_legalentity` tinyint(1) NOT NULL,
  `asf_budgetcode` tinyint(1) NOT NULL,
  `asf_documentnature` tinyint(1) NOT NULL,
  `asf_documenttype` tinyint(1) NOT NULL,
  `asf_description1` tinyint(1) NOT NULL,
  `asf_description2` tinyint(1) NOT NULL,
  `asf_closureyear` tinyint(1) NOT NULL,
  `asf_destructionyear` tinyint(1) NOT NULL,
  `asf_filenumber` tinyint(1) NOT NULL,
  `asf_boxnumber` tinyint(1) NOT NULL,
  `asf_containernumber` tinyint(1) NOT NULL,
  `asf_provider` tinyint(1) NOT NULL,
  `asf_limitsdate` tinyint(1) NOT NULL,
  `asf_limitsnum` tinyint(1) NOT NULL,
  `asf_limitsalpha` tinyint(1) NOT NULL,
  `asf_limitsalphanum` tinyint(1) NOT NULL,
  `asf_name` tinyint(1) NOT NULL,
  PRIMARY KEY (`id`)
) ENGINE=InnoDB DEFAULT CHARSET=utf8mb3 COLLATE=utf8mb3_unicode_ci;
/*!40101 SET character_set_client = @saved_cs_client */;

--
-- Dumping data for table `IDPUserAutoSaveFields`
--

LOCK TABLES `IDPUserAutoSaveFields` WRITE;
/*!40000 ALTER TABLE `IDPUserAutoSaveFields` DISABLE KEYS */;
/*!40000 ALTER TABLE `IDPUserAutoSaveFields` ENABLE KEYS */;
UNLOCK TABLES;

--
-- Table structure for table `IDPUserColumnsSettings`
--

DROP TABLE IF EXISTS `IDPUserColumnsSettings`;
/*!40101 SET @saved_cs_client     = @@character_set_client */;
/*!40101 SET character_set_client = utf8mb4 */;
CREATE TABLE `IDPUserColumnsSettings` (
  `id` int(11) NOT NULL AUTO_INCREMENT,
  `column_id` int(11) DEFAULT NULL,
  `user_page_settings_id` int(11) DEFAULT NULL,
  `user_id` int(11) DEFAULT NULL,
  `visible` tinyint(1) NOT NULL,
  `sorted` tinyint(1) NOT NULL,
  `sort_type_asc` tinyint(1) NOT NULL,
  `switchable` tinyint(1) NOT NULL,
  `column_order` int(11) NOT NULL,
  PRIMARY KEY (`id`),
  KEY `IDX_AEB71E58BE8E8ED5` (`column_id`),
  KEY `IDX_AEB71E58333D8427` (`user_page_settings_id`),
  CONSTRAINT `FK_AEB71E58333D8427` FOREIGN KEY (`user_page_settings_id`) REFERENCES `IDPUserPagesSettings` (`id`),
  CONSTRAINT `FK_AEB71E58BE8E8ED5` FOREIGN KEY (`column_id`) REFERENCES `IDPColumns` (`id`)
) ENGINE=InnoDB AUTO_INCREMENT=4621 DEFAULT CHARSET=utf8mb3 COLLATE=utf8mb3_unicode_ci;
/*!40101 SET character_set_client = @saved_cs_client */;

--
-- Dumping data for table `IDPUserColumnsSettings`
--

LOCK TABLES `IDPUserColumnsSettings` WRITE;
/*!40000 ALTER TABLE `IDPUserColumnsSettings` DISABLE KEYS */;
INSERT INTO `IDPUserColumnsSettings` VALUES
(1,1,1,0,1,1,1,1,1),
(2,2,1,0,1,0,1,1,2),
(3,3,1,0,1,0,1,1,3),
(4,4,1,0,1,0,1,1,4),
(5,5,1,0,0,0,1,1,6),
(6,6,1,0,0,0,1,1,7),
(7,7,1,0,0,0,1,1,8),
(8,8,1,0,0,0,1,1,9),
(9,9,1,0,0,0,1,1,10),
(10,10,1,0,0,0,1,1,11),
(11,11,1,0,0,0,1,1,12),
(12,12,1,0,1,0,1,1,5),
(13,13,1,0,0,0,1,1,13),
(14,14,1,0,0,0,1,1,14),
(15,15,1,0,0,0,1,0,0),
(16,16,1,0,0,0,1,0,0),
(17,17,1,0,0,0,1,0,0),
(18,18,1,0,0,0,1,0,0),
(19,19,1,0,0,0,1,1,15),
(20,20,1,0,0,0,1,1,16),
(21,21,1,0,0,0,1,1,17),
(22,22,1,0,0,0,1,1,18),
(23,23,1,0,0,0,1,1,19),
(24,24,1,0,0,0,1,1,20),
(25,25,1,0,0,0,1,1,21),
(26,26,1,0,0,0,1,1,22),
(27,27,1,0,0,0,1,1,23),
(28,28,1,0,0,0,1,1,24),
(29,29,1,0,0,0,1,1,25),
(30,30,1,0,0,0,1,1,26),
(31,31,1,0,0,0,1,0,0),
(32,32,1,0,0,0,1,0,0),
(33,33,1,0,0,0,1,1,27),
(34,34,1,0,0,0,1,1,28),
(35,35,1,0,0,0,1,0,0),
(36,36,1,0,0,0,1,1,29),
(37,37,1,0,0,0,1,1,30),
(38,38,1,0,0,0,1,1,31),
(39,39,1,0,0,0,1,1,32),
(40,40,1,0,0,0,1,1,33),
(41,41,1,0,0,0,1,1,34),
(42,42,1,0,0,0,1,0,0),
(43,43,1,0,0,0,1,1,35),
(44,44,1,0,0,0,1,1,36),
(45,1,2,0,1,1,1,1,1),
(46,2,2,0,1,0,1,1,2),
(47,3,2,0,1,0,1,1,3),
(48,4,2,0,1,0,1,1,4),
(49,5,2,0,0,0,1,1,8),
(50,6,2,0,0,0,1,1,9),
(51,7,2,0,0,0,1,1,10),
(52,8,2,0,0,0,1,1,11),
(53,9,2,0,0,0,1,1,12),
(54,10,2,0,0,0,1,1,13),
(55,11,2,0,0,0,1,1,14),
(56,12,2,0,1,0,1,1,5),
(57,13,2,0,0,0,1,1,15),
(58,14,2,0,0,0,1,1,16),
(59,15,2,0,0,0,1,0,0),
(60,16,2,0,0,0,1,0,0),
(61,17,2,0,0,0,1,0,0),
(62,18,2,0,0,0,1,0,0),
(63,19,2,0,1,0,1,1,6),
(64,20,2,0,1,0,1,1,7),
(65,21,2,0,0,0,1,1,17),
(66,22,2,0,0,0,1,1,18),
(67,23,2,0,0,0,1,1,19),
(68,24,2,0,0,0,1,1,20),
(69,25,2,0,0,0,1,1,21),
(70,26,2,0,0,0,1,1,22),
(71,27,2,0,0,0,1,1,23),
(72,28,2,0,0,0,1,1,24),
(73,29,2,0,0,0,1,1,25),
(74,30,2,0,0,0,1,1,26),
(75,31,2,0,0,0,1,0,0),
(76,32,2,0,0,0,1,0,0),
(77,33,2,0,0,0,1,1,27),
(78,34,2,0,0,0,1,1,28),
(79,35,2,0,0,0,1,0,0),
(80,36,2,0,0,0,1,1,29),
(81,37,2,0,0,0,1,1,30),
(82,38,2,0,0,0,1,1,31),
(83,39,2,0,0,0,1,1,32),
(84,40,2,0,0,0,1,1,33),
(85,41,2,0,0,0,1,1,34),
(86,42,2,0,0,0,1,0,0),
(87,43,2,0,0,0,1,1,35),
(88,44,2,0,0,0,1,1,36),
(89,1,3,0,1,1,1,1,1),
(90,2,3,0,1,0,1,1,2),
(91,3,3,0,1,0,1,1,3),
(92,4,3,0,1,0,1,1,4),
(93,5,3,0,0,0,1,1,9),
(94,6,3,0,0,0,1,1,10),
(95,7,3,0,0,0,1,1,11),
(96,8,3,0,0,0,1,1,12),
(97,9,3,0,0,0,1,1,13),
(98,10,3,0,0,0,1,1,14),
(99,11,3,0,0,0,1,1,15),
(100,12,3,0,1,0,1,1,5),
(101,13,3,0,0,0,1,1,16),
(102,14,3,0,1,0,1,1,6),
(103,15,3,0,0,0,1,0,0),
(104,16,3,0,0,0,1,0,0),
(105,17,3,0,0,0,1,0,0),
(106,18,3,0,0,0,1,0,0),
(107,19,3,0,0,0,1,1,17),
(108,20,3,0,0,0,1,1,18),
(109,21,3,0,0,0,1,1,19),
(110,22,3,0,0,0,1,1,20),
(111,23,3,0,0,0,1,1,21),
(112,24,3,0,0,0,1,1,22),
(113,25,3,0,0,0,1,1,23),
(114,26,3,0,0,0,1,1,24),
(115,27,3,0,0,0,1,1,25),
(116,28,3,0,0,0,1,1,26),
(117,29,3,0,0,0,1,1,27),
(118,30,3,0,0,0,1,1,28),
(119,31,3,0,0,0,1,0,0),
(120,32,3,0,0,0,1,0,0),
(121,33,3,0,0,0,1,1,29),
(122,34,3,0,0,0,1,1,30),
(123,35,3,0,0,0,1,0,0),
(124,36,3,0,1,0,1,1,7),
(125,37,3,0,0,0,1,1,31),
(126,38,3,0,0,0,1,1,32),
(127,39,3,0,0,0,1,1,33),
(128,40,3,0,1,0,1,1,8),
(129,41,3,0,0,0,1,1,34),
(130,42,3,0,0,0,1,0,0),
(131,43,3,0,0,0,1,1,35),
(132,44,3,0,0,0,1,1,36),
(133,1,4,0,1,1,1,1,1),
(134,2,4,0,1,0,1,1,2),
(135,3,4,0,1,0,1,1,3),
(136,4,4,0,1,0,1,1,4),
(137,5,4,0,0,0,1,1,9),
(138,6,4,0,0,0,1,1,10),
(139,7,4,0,0,0,1,1,11),
(140,8,4,0,0,0,1,1,12),
(141,9,4,0,0,0,1,1,13),
(142,10,4,0,0,0,1,1,14),
(143,11,4,0,0,0,1,1,15),
(144,12,4,0,1,0,1,1,5),
(145,13,4,0,0,0,1,1,16),
(146,14,4,0,1,0,1,1,6),
(147,15,4,0,0,0,1,0,0),
(148,16,4,0,0,0,1,0,0),
(149,17,4,0,0,0,1,0,0),
(150,18,4,0,0,0,1,0,0),
(151,19,4,0,1,0,1,1,7),
(152,20,4,0,1,0,1,1,8),
(153,21,4,0,0,0,1,1,17),
(154,22,4,0,0,0,1,1,18),
(155,23,4,0,0,0,1,1,19),
(156,24,4,0,0,0,1,1,20),
(157,25,4,0,0,0,1,1,21),
(158,26,4,0,0,0,1,1,22),
(159,27,4,0,0,0,1,1,23),
(160,28,4,0,0,0,1,1,24),
(161,29,4,0,0,0,1,1,25),
(162,30,4,0,0,0,1,1,26),
(163,31,4,0,0,0,1,0,0),
(164,32,4,0,0,0,1,0,0),
(165,33,4,0,0,0,1,1,27),
(166,34,4,0,0,0,1,1,28),
(167,35,4,0,0,0,1,0,0),
(168,36,4,0,0,0,1,1,29),
(169,37,4,0,0,0,1,1,30),
(170,38,4,0,0,0,1,1,31),
(171,39,4,0,0,0,1,1,32),
(172,40,4,0,0,0,1,1,33),
(173,41,4,0,0,0,1,1,34),
(174,42,4,0,0,0,1,0,0),
(175,43,4,0,0,0,1,1,35),
(176,44,4,0,0,0,1,1,36),
(177,1,5,0,1,1,1,1,1),
(178,2,5,0,1,0,1,1,2),
(179,3,5,0,1,0,1,1,3),
(180,4,5,0,0,0,1,1,11),
(181,5,5,0,0,0,1,1,12),
(182,6,5,0,0,0,1,1,13),
(183,7,5,0,0,0,1,1,14),
(184,8,5,0,0,0,1,1,15),
(185,9,5,0,0,0,1,1,16),
(186,10,5,0,0,0,1,1,17),
(187,11,5,0,0,0,1,1,18),
(188,12,5,0,1,0,1,1,4),
(189,13,5,0,0,0,1,1,19),
(190,14,5,0,1,0,1,1,5),
(191,15,5,0,0,0,1,0,0),
(192,16,5,0,0,0,1,0,0),
(193,17,5,0,0,0,1,0,0),
(194,18,5,0,0,0,1,0,0),
(195,19,5,0,1,0,1,1,6),
(196,20,5,0,1,0,1,1,7),
(197,21,5,0,0,0,1,1,20),
(198,22,5,0,0,0,1,1,21),
(199,23,5,0,0,0,1,1,22),
(200,24,5,0,0,0,1,1,23),
(201,25,5,0,0,0,1,1,24),
(202,26,5,0,0,0,1,1,25),
(203,27,5,0,0,0,1,1,26),
(204,28,5,0,0,0,1,1,27),
(205,29,5,0,0,0,1,1,28),
(206,30,5,0,1,0,1,1,8),
(207,31,5,0,0,0,1,0,0),
(208,32,5,0,0,0,1,0,0),
(209,33,5,0,0,0,1,1,29),
(210,34,5,0,0,0,1,1,30),
(211,35,5,0,0,0,1,0,0),
(212,36,5,0,0,0,1,1,31),
(213,37,5,0,0,0,1,1,32),
(214,38,5,0,0,0,1,1,33),
(215,39,5,0,0,0,1,1,34),
(216,40,5,0,0,0,1,1,35),
(217,41,5,0,0,0,1,1,36),
(218,42,5,0,0,0,1,0,0),
(219,43,5,0,1,0,1,1,9),
(220,44,5,0,0,0,1,1,37),
(221,1,6,0,1,1,1,1,1),
(222,2,6,0,1,0,1,1,2),
(223,3,6,0,1,0,1,1,3),
(224,4,6,0,1,0,1,1,4),
(225,5,6,0,0,0,1,1,9),
(226,6,6,0,0,0,1,1,10),
(227,7,6,0,0,0,1,1,11),
(228,8,6,0,0,0,1,1,12),
(229,9,6,0,0,0,1,1,13),
(230,10,6,0,0,0,1,1,14),
(231,11,6,0,0,0,1,1,15),
(232,12,6,0,1,0,1,1,5),
(233,13,6,0,0,0,1,1,16),
(234,14,6,0,1,0,1,1,6),
(235,15,6,0,0,0,1,0,0),
(236,16,6,0,0,0,1,0,0),
(237,17,6,0,0,0,1,0,0),
(238,18,6,0,0,0,1,0,0),
(239,19,6,0,1,0,1,1,7),
(240,20,6,0,1,0,1,1,8),
(241,21,6,0,0,0,1,1,17),
(242,22,6,0,0,0,1,1,18),
(243,23,6,0,0,0,1,1,19),
(244,24,6,0,0,0,1,1,20),
(245,25,6,0,0,0,1,1,21),
(246,26,6,0,0,0,1,1,22),
(247,27,6,0,0,0,1,1,23),
(248,28,6,0,0,0,1,1,24),
(249,29,6,0,0,0,1,1,25),
(250,30,6,0,0,0,1,1,26),
(251,31,6,0,0,0,1,0,0),
(252,32,6,0,0,0,1,0,0),
(253,33,6,0,0,0,1,1,27),
(254,34,6,0,0,0,1,1,28),
(255,35,6,0,0,0,1,0,0),
(256,36,6,0,0,0,1,1,29),
(257,37,6,0,0,0,1,1,30),
(258,38,6,0,0,0,1,1,31),
(259,39,6,0,0,0,1,1,32),
(260,40,6,0,0,0,1,1,33),
(261,41,6,0,0,0,1,1,34),
(262,42,6,0,0,0,1,0,0),
(263,43,6,0,0,0,1,1,35),
(264,44,6,0,0,0,1,1,36),
(265,1,7,0,1,1,1,1,1),
(266,2,7,0,1,0,1,1,2),
(267,3,7,0,1,0,1,1,3),
(268,4,7,0,1,0,1,1,4),
(269,5,7,0,0,0,1,1,14),
(270,6,7,0,0,0,1,1,15),
(271,7,7,0,0,0,1,1,16),
(272,8,7,0,0,0,1,1,17),
(273,9,7,0,0,0,1,1,18),
(274,10,7,0,0,0,1,1,19),
(275,11,7,0,0,0,1,1,20),
(276,12,7,0,1,0,1,1,5),
(277,13,7,0,1,0,1,1,6),
(278,14,7,0,0,0,1,1,21),
(279,15,7,0,0,0,1,0,0),
(280,16,7,0,0,0,1,0,0),
(281,17,7,0,0,0,1,0,0),
(282,18,7,0,0,0,1,0,0),
(283,19,7,0,1,0,1,1,7),
(284,20,7,0,0,0,1,1,22),
(285,21,7,0,0,0,1,1,23),
(286,22,7,0,0,0,1,1,24),
(287,23,7,0,0,0,1,1,25),
(288,24,7,0,0,0,1,1,26),
(289,25,7,0,0,0,1,1,27),
(290,26,7,0,0,0,1,1,28),
(291,27,7,0,0,0,1,1,29),
(292,28,7,0,0,0,1,1,30),
(293,29,7,0,0,0,1,1,31),
(294,30,7,0,0,0,1,1,32),
(295,31,7,0,0,0,1,0,0),
(296,32,7,0,0,0,1,0,0),
(297,33,7,0,0,0,1,1,33),
(298,34,7,0,0,0,1,1,34),
(299,35,7,0,0,0,1,0,0),
(300,36,7,0,1,0,1,1,8),
(301,37,7,0,1,0,1,1,9),
(302,38,7,0,1,0,1,1,10),
(303,39,7,0,1,0,1,1,11),
(304,40,7,0,1,0,1,1,12),
(305,41,7,0,1,0,1,1,13),
(306,42,7,0,0,0,1,0,0),
(307,43,7,0,0,0,1,1,35),
(308,44,7,0,0,0,1,1,36),
(309,1,8,0,1,1,1,1,1),
(310,2,8,0,1,0,1,1,2),
(311,3,8,0,1,0,1,1,3),
(312,4,8,0,1,0,1,1,4),
(313,5,8,0,0,0,1,1,13),
(314,6,8,0,0,0,1,1,14),
(315,7,8,0,0,0,1,1,15),
(316,8,8,0,0,0,1,1,16),
(317,9,8,0,0,0,1,1,17),
(318,10,8,0,0,0,1,1,18),
(319,11,8,0,0,0,1,1,19),
(320,12,8,0,1,0,1,1,5),
(321,13,8,0,0,0,1,1,20),
(322,14,8,0,0,0,1,1,21),
(323,15,8,0,0,0,1,0,0),
(324,16,8,0,0,0,1,0,0),
(325,17,8,0,0,0,1,0,0),
(326,18,8,0,0,0,1,0,0),
(327,19,8,0,0,0,1,1,22),
(328,20,8,0,1,0,1,1,6),
(329,21,8,0,0,0,1,1,23),
(330,22,8,0,0,0,1,1,24),
(331,23,8,0,0,0,1,1,25),
(332,24,8,0,0,0,1,1,26),
(333,25,8,0,0,0,1,1,27),
(334,26,8,0,0,0,1,1,28),
(335,27,8,0,0,0,1,1,29),
(336,28,8,0,0,0,1,1,30),
(337,29,8,0,0,0,1,1,31),
(338,30,8,0,0,0,1,1,32),
(339,31,8,0,0,0,1,0,0),
(340,32,8,0,0,0,1,0,0),
(341,33,8,0,0,0,1,1,33),
(342,34,8,0,0,0,1,1,34),
(343,35,8,0,0,0,1,0,0),
(344,36,8,0,1,0,1,1,7),
(345,37,8,0,1,0,1,1,8),
(346,38,8,0,1,0,1,1,9),
(347,39,8,0,1,0,1,1,10),
(348,40,8,0,1,0,1,1,11),
(349,41,8,0,1,0,1,1,12),
(350,42,8,0,0,0,1,0,0),
(351,43,8,0,0,0,1,1,35),
(352,44,8,0,0,0,1,1,36),
(353,1,9,0,1,1,1,1,1),
(354,2,9,0,1,0,1,1,2),
(355,3,9,0,1,0,1,1,3),
(356,4,9,0,1,0,1,1,4),
(357,5,9,0,0,0,1,1,13),
(358,6,9,0,0,0,1,1,14),
(359,7,9,0,0,0,1,1,15),
(360,8,9,0,0,0,1,1,16),
(361,9,9,0,0,0,1,1,17),
(362,10,9,0,0,0,1,1,18),
(363,11,9,0,0,0,1,1,19),
(364,12,9,0,1,0,1,1,5),
(365,13,9,0,0,0,1,1,20),
(366,14,9,0,0,0,1,1,21),
(367,15,9,0,0,0,1,0,0),
(368,16,9,0,0,0,1,0,0),
(369,17,9,0,0,0,1,0,0),
(370,18,9,0,0,0,1,0,0),
(371,19,9,0,0,0,1,1,22),
(372,20,9,0,1,0,1,1,6),
(373,21,9,0,0,0,1,1,23),
(374,22,9,0,0,0,1,1,24),
(375,23,9,0,0,0,1,1,25),
(376,24,9,0,0,0,1,1,26),
(377,25,9,0,0,0,1,1,27),
(378,26,9,0,0,0,1,1,28),
(379,27,9,0,0,0,1,1,29),
(380,28,9,0,0,0,1,1,30),
(381,29,9,0,0,0,1,1,31),
(382,30,9,0,0,0,1,1,32),
(383,31,9,0,0,0,1,0,0),
(384,32,9,0,0,0,1,0,0),
(385,33,9,0,0,0,1,1,33),
(386,34,9,0,0,0,1,1,34),
(387,35,9,0,0,0,1,0,0),
(388,36,9,0,1,0,1,1,7),
(389,37,9,0,1,0,1,1,8),
(390,38,9,0,1,0,1,1,9),
(391,39,9,0,1,0,1,1,10),
(392,40,9,0,1,0,1,1,11),
(393,41,9,0,1,0,1,1,12),
(394,42,9,0,0,0,1,0,0),
(395,43,9,0,0,0,1,1,35),
(396,44,9,0,0,0,1,1,36),
(397,1,10,0,1,1,1,1,1),
(398,2,10,0,1,0,1,1,2),
(399,3,10,0,1,0,1,1,3),
(400,4,10,0,1,0,1,1,4),
(401,5,10,0,0,0,1,1,14),
(402,6,10,0,0,0,1,1,15),
(403,7,10,0,0,0,1,1,16),
(404,8,10,0,0,0,1,1,17),
(405,9,10,0,0,0,1,1,18),
(406,10,10,0,0,0,1,1,19),
(407,11,10,0,0,0,1,1,20),
(408,12,10,0,1,0,1,1,5),
(409,13,10,0,0,0,1,1,21),
(410,14,10,0,0,0,1,1,22),
(411,15,10,0,0,0,1,0,0),
(412,16,10,0,0,0,1,0,0),
(413,17,10,0,0,0,1,0,0),
(414,18,10,0,0,0,1,0,0),
(415,19,10,0,1,0,1,1,6),
(416,20,10,0,1,0,1,1,7),
(417,21,10,0,0,0,1,1,23),
(418,22,10,0,0,0,1,1,24),
(419,23,10,0,0,0,1,1,25),
(420,24,10,0,0,0,1,1,26),
(421,25,10,0,0,0,1,1,27),
(422,26,10,0,0,0,1,1,28),
(423,27,10,0,0,0,1,1,29),
(424,28,10,0,0,0,1,1,30),
(425,29,10,0,0,0,1,1,31),
(426,30,10,0,0,0,1,1,32),
(427,31,10,0,0,0,1,0,0),
(428,32,10,0,0,0,1,0,0),
(429,33,10,0,0,0,1,1,33),
(430,34,10,0,0,0,1,1,34),
(431,35,10,0,0,0,1,0,0),
(432,36,10,0,1,0,1,1,8),
(433,37,10,0,1,0,1,1,9),
(434,38,10,0,1,0,1,1,10),
(435,39,10,0,1,0,1,1,11),
(436,40,10,0,1,0,1,1,12),
(437,41,10,0,1,0,1,1,13),
(438,42,10,0,0,0,1,0,0),
(439,43,10,0,0,0,1,1,35),
(440,44,10,0,0,0,1,1,36),
(441,1,11,0,1,1,1,1,1),
(442,2,11,0,1,0,1,1,2),
(443,3,11,0,1,0,1,1,3),
(444,4,11,0,1,0,1,1,4),
(445,5,11,0,0,0,1,1,14),
(446,6,11,0,0,0,1,1,15),
(447,7,11,0,0,0,1,1,16),
(448,8,11,0,0,0,1,1,17),
(449,9,11,0,0,0,1,1,18),
(450,10,11,0,0,0,1,1,19),
(451,11,11,0,0,0,1,1,20),
(452,12,11,0,1,0,1,1,5),
(453,13,11,0,0,0,1,1,21),
(454,14,11,0,0,0,1,1,22),
(455,15,11,0,0,0,1,0,0),
(456,16,11,0,0,0,1,0,0),
(457,17,11,0,0,0,1,0,0),
(458,18,11,0,0,0,1,0,0),
(459,19,11,0,1,0,1,1,6),
(460,20,11,0,1,0,1,1,7),
(461,21,11,0,0,0,1,1,23),
(462,22,11,0,0,0,1,1,24),
(463,23,11,0,0,0,1,1,25),
(464,24,11,0,0,0,1,1,26),
(465,25,11,0,0,0,1,1,27),
(466,26,11,0,0,0,1,1,28),
(467,27,11,0,0,0,1,1,29),
(468,28,11,0,0,0,1,1,30),
(469,29,11,0,0,0,1,1,31),
(470,30,11,0,0,0,1,1,32),
(471,31,11,0,0,0,1,0,0),
(472,32,11,0,0,0,1,0,0),
(473,33,11,0,0,0,1,1,33),
(474,34,11,0,0,0,1,1,34),
(475,35,11,0,0,0,1,0,0),
(476,36,11,0,1,0,1,1,8),
(477,37,11,0,1,0,1,1,9),
(478,38,11,0,1,0,1,1,10),
(479,39,11,0,1,0,1,1,11),
(480,40,11,0,1,0,1,1,12),
(481,41,11,0,1,0,1,1,13),
(482,42,11,0,0,0,1,0,0),
(483,43,11,0,0,0,1,1,35),
(484,44,11,0,0,0,1,1,36),
(485,1,12,0,1,1,1,1,1),
(486,2,12,0,1,0,1,1,2),
(487,3,12,0,1,0,1,1,3),
(488,4,12,0,1,0,1,1,4),
(489,5,12,0,0,0,1,1,14),
(490,6,12,0,0,0,1,1,15),
(491,7,12,0,0,0,1,1,16),
(492,8,12,0,0,0,1,1,17),
(493,9,12,0,0,0,1,1,18),
(494,10,12,0,0,0,1,1,19),
(495,11,12,0,0,0,1,1,20),
(496,12,12,0,1,0,1,1,5),
(497,13,12,0,0,0,1,1,21),
(498,14,12,0,0,0,1,1,22),
(499,15,12,0,0,0,1,0,0),
(500,16,12,0,0,0,1,0,0),
(501,17,12,0,0,0,1,0,0),
(502,18,12,0,0,0,1,0,0),
(503,19,12,0,1,0,1,1,6),
(504,20,12,0,1,0,1,1,7),
(505,21,12,0,0,0,1,1,23),
(506,22,12,0,0,0,1,1,24),
(507,23,12,0,0,0,1,1,25),
(508,24,12,0,0,0,1,1,26),
(509,25,12,0,0,0,1,1,27),
(510,26,12,0,0,0,1,1,28),
(511,27,12,0,0,0,1,1,29),
(512,28,12,0,0,0,1,1,30),
(513,29,12,0,0,0,1,1,31),
(514,30,12,0,0,0,1,1,32),
(515,31,12,0,0,0,1,0,0),
(516,32,12,0,0,0,1,0,0),
(517,33,12,0,0,0,1,1,33),
(518,34,12,0,0,0,1,1,34),
(519,35,12,0,0,0,1,0,0),
(520,36,12,0,1,0,1,1,8),
(521,37,12,0,1,0,1,1,9),
(522,38,12,0,1,0,1,1,10),
(523,39,12,0,1,0,1,1,11),
(524,40,12,0,1,0,1,1,12),
(525,41,12,0,1,0,1,1,13),
(526,42,12,0,0,0,1,0,0),
(527,43,12,0,0,0,1,1,35),
(528,44,12,0,0,0,1,1,36),
(529,1,13,0,1,1,1,1,1),
(530,2,13,0,1,0,1,1,2),
(531,3,13,0,1,0,1,1,3),
(532,4,13,0,1,0,1,1,4),
(533,5,13,0,0,0,1,1,14),
(534,6,13,0,0,0,1,1,15),
(535,7,13,0,0,0,1,1,16),
(536,8,13,0,0,0,1,1,17),
(537,9,13,0,0,0,1,1,18),
(538,10,13,0,0,0,1,1,19),
(539,11,13,0,0,0,1,1,20),
(540,12,13,0,1,0,1,1,5),
(541,13,13,0,0,0,1,1,21),
(542,14,13,0,0,0,1,1,22),
(543,15,13,0,0,0,1,0,0),
(544,16,13,0,0,0,1,0,0),
(545,17,13,0,0,0,1,0,0),
(546,18,13,0,0,0,1,0,0),
(547,19,13,0,1,0,1,1,6),
(548,20,13,0,1,0,1,1,7),
(549,21,13,0,0,0,1,1,23),
(550,22,13,0,0,0,1,1,24),
(551,23,13,0,0,0,1,1,25),
(552,24,13,0,0,0,1,1,26),
(553,25,13,0,0,0,1,1,27),
(554,26,13,0,0,0,1,1,28),
(555,27,13,0,0,0,1,1,29),
(556,28,13,0,0,0,1,1,30),
(557,29,13,0,0,0,1,1,31),
(558,30,13,0,0,0,1,1,32),
(559,31,13,0,0,0,1,0,0),
(560,32,13,0,0,0,1,0,0),
(561,33,13,0,0,0,1,1,33),
(562,34,13,0,0,0,1,1,34),
(563,35,13,0,0,0,1,0,0),
(564,36,13,0,1,0,1,1,8),
(565,37,13,0,1,0,1,1,9),
(566,38,13,0,1,0,1,1,10),
(567,39,13,0,1,0,1,1,11),
(568,40,13,0,1,0,1,1,12),
(569,41,13,0,1,0,1,1,13),
(570,42,13,0,0,0,1,0,0),
(571,43,13,0,0,0,1,1,35),
(572,44,13,0,0,0,1,1,36),
(573,1,14,0,1,1,1,1,1),
(574,2,14,0,1,0,1,1,2),
(575,3,14,0,1,0,1,1,3),
(576,4,14,0,1,0,1,1,4),
(577,5,14,0,0,0,1,1,16),
(578,6,14,0,0,0,1,1,17),
(579,7,14,0,0,0,1,1,18),
(580,8,14,0,0,0,1,1,19),
(581,9,14,0,0,0,1,1,20),
(582,10,14,0,0,0,1,1,21),
(583,11,14,0,0,0,1,1,22),
(584,12,14,0,1,0,1,1,5),
(585,13,14,0,0,0,1,1,23),
(586,14,14,0,0,0,1,1,24),
(587,15,14,0,0,0,1,0,0),
(588,16,14,0,0,0,1,0,0),
(589,17,14,0,0,0,1,0,0),
(590,18,14,0,0,0,1,0,0),
(591,19,14,0,1,0,1,1,6),
(592,20,14,0,1,0,1,1,7),
(593,21,14,0,0,0,1,1,25),
(594,22,14,0,0,0,1,1,26),
(595,23,14,0,0,0,1,1,27),
(596,24,14,0,0,0,1,1,28),
(597,25,14,0,0,0,1,1,29),
(598,26,14,0,0,0,1,1,30),
(599,27,14,0,0,0,1,1,31),
(600,28,14,0,0,0,1,1,32),
(601,29,14,0,0,0,1,1,33),
(602,30,14,0,1,0,1,1,8),
(603,31,14,0,0,0,1,0,0),
(604,32,14,0,0,0,1,0,0),
(605,33,14,0,0,0,1,1,34),
(606,34,14,0,0,0,1,1,35),
(607,35,14,0,0,0,1,0,0),
(608,36,14,0,1,0,1,1,9),
(609,37,14,0,1,0,1,1,10),
(610,38,14,0,1,0,1,1,11),
(611,39,14,0,1,0,1,1,12),
(612,40,14,0,1,0,1,1,13),
(613,41,14,0,1,0,1,1,14),
(614,42,14,0,0,0,1,0,0),
(615,43,14,0,1,0,1,1,15),
(616,44,14,0,0,0,1,1,36),
(617,1,15,0,1,1,1,1,1),
(618,2,15,0,1,0,1,1,2),
(619,3,15,0,1,0,1,1,3),
(620,4,15,0,1,0,1,1,4),
(621,5,15,0,0,0,1,1,14),
(622,6,15,0,0,0,1,1,15),
(623,7,15,0,0,0,1,1,16),
(624,8,15,0,0,0,1,1,17),
(625,9,15,0,0,0,1,1,18),
(626,10,15,0,0,0,1,1,19),
(627,11,15,0,0,0,1,1,20),
(628,12,15,0,1,0,1,1,5),
(629,13,15,0,1,0,1,1,6),
(630,14,15,0,0,0,1,1,21),
(631,15,15,0,0,0,1,0,0),
(632,16,15,0,0,0,1,0,0),
(633,17,15,0,0,0,1,0,0),
(634,18,15,0,0,0,1,0,0),
(635,19,15,0,1,0,1,1,7),
(636,20,15,0,0,0,1,1,22),
(637,21,15,0,0,0,1,1,23),
(638,22,15,0,0,0,1,1,24),
(639,23,15,0,0,0,1,1,25),
(640,24,15,0,0,0,1,1,26),
(641,25,15,0,0,0,1,1,27),
(642,26,15,0,0,0,1,1,28),
(643,27,15,0,0,0,1,1,29),
(644,28,15,0,0,0,1,1,30),
(645,29,15,0,0,0,1,1,31),
(646,30,15,0,0,0,1,1,32),
(647,31,15,0,0,0,1,0,0),
(648,32,15,0,0,0,1,0,0),
(649,33,15,0,0,0,1,1,33),
(650,34,15,0,0,0,1,1,34),
(651,35,15,0,0,0,1,0,0),
(652,36,15,0,1,0,1,1,8),
(653,37,15,0,1,0,1,1,9),
(654,38,15,0,1,0,1,1,10),
(655,39,15,0,1,0,1,1,11),
(656,40,15,0,1,0,1,1,12),
(657,41,15,0,1,0,1,1,13),
(658,42,15,0,0,0,1,0,0),
(659,43,15,0,0,0,1,1,35),
(660,44,15,0,0,0,1,1,36),
(661,1,16,0,1,1,1,1,1),
(662,2,16,0,1,0,1,1,2),
(663,3,16,0,1,0,1,1,3),
(664,4,16,0,1,0,1,1,4),
(665,5,16,0,0,0,1,1,14),
(666,6,16,0,0,0,1,1,15),
(667,7,16,0,0,0,1,1,16),
(668,8,16,0,0,0,1,1,17),
(669,9,16,0,0,0,1,1,18),
(670,10,16,0,0,0,1,1,19),
(671,11,16,0,0,0,1,1,20),
(672,12,16,0,1,0,1,1,5),
(673,13,16,0,0,0,1,1,21),
(674,14,16,0,0,0,1,1,22),
(675,15,16,0,0,0,1,0,0),
(676,16,16,0,0,0,1,0,0),
(677,17,16,0,0,0,1,0,0),
(678,18,16,0,0,0,1,0,0),
(679,19,16,0,1,0,1,1,6),
(680,20,16,0,1,0,1,1,7),
(681,21,16,0,0,0,1,1,23),
(682,22,16,0,0,0,1,1,24),
(683,23,16,0,0,0,1,1,25),
(684,24,16,0,0,0,1,1,26),
(685,25,16,0,0,0,1,1,27),
(686,26,16,0,0,0,1,1,28),
(687,27,16,0,0,0,1,1,29),
(688,28,16,0,0,0,1,1,30),
(689,29,16,0,0,0,1,1,31),
(690,30,16,0,0,0,1,1,32),
(691,31,16,0,0,0,1,0,0),
(692,32,16,0,0,0,1,0,0),
(693,33,16,0,0,0,1,1,33),
(694,34,16,0,0,0,1,1,34),
(695,35,16,0,0,0,1,0,0),
(696,36,16,0,1,0,1,1,8),
(697,37,16,0,1,0,1,1,9),
(698,38,16,0,1,0,1,1,10),
(699,39,16,0,1,0,1,1,11),
(700,40,16,0,1,0,1,1,12),
(701,41,16,0,1,0,1,1,13),
(702,42,16,0,0,0,1,0,0),
(703,43,16,0,0,0,1,1,35),
(704,44,16,0,0,0,1,1,36),
(705,1,17,0,1,1,1,1,1),
(706,2,17,0,1,0,1,1,2),
(707,3,17,0,1,0,1,1,3),
(708,4,17,0,1,0,1,1,4),
(709,5,17,0,0,0,1,1,14),
(710,6,17,0,0,0,1,1,15),
(711,7,17,0,0,0,1,1,16),
(712,8,17,0,0,0,1,1,17),
(713,9,17,0,0,0,1,1,18),
(714,10,17,0,0,0,1,1,19),
(715,11,17,0,0,0,1,1,20),
(716,12,17,0,1,0,1,1,5),
(717,13,17,0,0,0,1,1,21),
(718,14,17,0,0,0,1,1,22),
(719,15,17,0,0,0,1,0,0),
(720,16,17,0,0,0,1,0,0),
(721,17,17,0,0,0,1,0,0),
(722,18,17,0,0,0,1,0,0),
(723,19,17,0,1,0,1,1,6),
(724,20,17,0,1,0,1,1,7),
(725,21,17,0,0,0,1,1,23),
(726,22,17,0,0,0,1,1,24),
(727,23,17,0,0,0,1,1,25),
(728,24,17,0,0,0,1,1,26),
(729,25,17,0,0,0,1,1,27),
(730,26,17,0,0,0,1,1,28),
(731,27,17,0,0,0,1,1,29),
(732,28,17,0,0,0,1,1,30),
(733,29,17,0,0,0,1,1,31),
(734,30,17,0,0,0,1,1,32),
(735,31,17,0,0,0,1,0,0),
(736,32,17,0,0,0,1,0,0),
(737,33,17,0,0,0,1,1,33),
(738,34,17,0,0,0,1,1,34),
(739,35,17,0,0,0,1,0,0),
(740,36,17,0,1,0,1,1,8),
(741,37,17,0,1,0,1,1,9),
(742,38,17,0,1,0,1,1,10),
(743,39,17,0,1,0,1,1,11),
(744,40,17,0,1,0,1,1,12),
(745,41,17,0,1,0,1,1,13),
(746,42,17,0,0,0,1,0,0),
(747,43,17,0,0,0,1,1,35),
(748,44,17,0,0,0,1,1,36),
(749,1,18,0,1,1,1,1,1),
(750,2,18,0,1,0,1,1,2),
(751,3,18,0,1,0,1,1,3),
(752,4,18,0,1,0,1,1,4),
(753,5,18,0,0,0,1,1,13),
(754,6,18,0,0,0,1,1,14),
(755,7,18,0,0,0,1,1,15),
(756,8,18,0,0,0,1,1,16),
(757,9,18,0,0,0,1,1,17),
(758,10,18,0,0,0,1,1,18),
(759,11,18,0,0,0,1,1,19),
(760,12,18,0,1,0,1,1,5),
(761,13,18,0,1,0,1,1,6),
(762,14,18,0,0,0,1,1,20),
(763,15,18,0,0,0,1,0,0),
(764,16,18,0,0,0,1,0,0),
(765,17,18,0,0,0,1,0,0),
(766,18,18,0,0,0,1,0,0),
(767,19,18,0,0,0,1,1,21),
(768,20,18,0,0,0,1,1,22),
(769,21,18,0,0,0,1,1,23),
(770,22,18,0,0,0,1,1,24),
(771,23,18,0,0,0,1,1,25),
(772,24,18,0,0,0,1,1,26),
(773,25,18,0,0,0,1,1,27),
(774,26,18,0,0,0,1,1,28),
(775,27,18,0,0,0,1,1,29),
(776,28,18,0,0,0,1,1,30),
(777,29,18,0,0,0,1,1,31),
(778,30,18,0,0,0,1,1,32),
(779,31,18,0,0,0,1,0,0),
(780,32,18,0,0,0,1,0,0),
(781,33,18,0,0,0,1,1,33),
(782,34,18,0,0,0,1,1,34),
(783,35,18,0,0,0,1,0,0),
(784,36,18,0,1,0,1,1,7),
(785,37,18,0,1,0,1,1,8),
(786,38,18,0,1,0,1,1,9),
(787,39,18,0,1,0,1,1,10),
(788,40,18,0,1,0,1,1,11),
(789,41,18,0,1,0,1,1,12),
(790,42,18,0,0,0,1,0,0),
(791,43,18,0,0,0,1,1,35),
(792,44,18,0,0,0,1,1,36),
(793,1,19,0,1,1,1,1,1),
(794,2,19,0,1,0,1,1,2),
(795,3,19,0,1,0,1,1,3),
(796,4,19,0,1,0,1,1,4),
(797,5,19,0,0,0,1,1,13),
(798,6,19,0,0,0,1,1,14),
(799,7,19,0,0,0,1,1,15),
(800,8,19,0,0,0,1,1,16),
(801,9,19,0,0,0,1,1,17),
(802,10,19,0,0,0,1,1,18),
(803,11,19,0,0,0,1,1,19),
(804,12,19,0,1,0,1,1,5),
(805,13,19,0,1,0,1,1,6),
(806,14,19,0,0,0,1,1,20),
(807,15,19,0,0,0,1,0,0),
(808,16,19,0,0,0,1,0,0),
(809,17,19,0,0,0,1,0,0),
(810,18,19,0,0,0,1,0,0),
(811,19,19,0,0,0,1,1,21),
(812,20,19,0,0,0,1,1,22),
(813,21,19,0,0,0,1,1,23),
(814,22,19,0,0,0,1,1,24),
(815,23,19,0,0,0,1,1,25),
(816,24,19,0,0,0,1,1,26),
(817,25,19,0,0,0,1,1,27),
(818,26,19,0,0,0,1,1,28),
(819,27,19,0,0,0,1,1,29),
(820,28,19,0,0,0,1,1,30),
(821,29,19,0,0,0,1,1,31),
(822,30,19,0,0,0,1,1,32),
(823,31,19,0,0,0,1,0,0),
(824,32,19,0,0,0,1,0,0),
(825,33,19,0,0,0,1,1,33),
(826,34,19,0,0,0,1,1,34),
(827,35,19,0,0,0,1,0,0),
(828,36,19,0,1,0,1,1,7),
(829,37,19,0,1,0,1,1,8),
(830,38,19,0,1,0,1,1,9),
(831,39,19,0,1,0,1,1,10),
(832,40,19,0,1,0,1,1,11),
(833,41,19,0,1,0,1,1,12),
(834,42,19,0,0,0,1,0,0),
(835,43,19,0,0,0,1,1,35),
(836,44,19,0,0,0,1,1,36),
(837,1,20,0,1,1,1,1,1),
(838,2,20,0,1,0,1,1,2),
(839,3,20,0,1,0,1,1,3),
(840,4,20,0,1,0,1,1,4),
(841,5,20,0,0,0,1,1,13),
(842,6,20,0,0,0,1,1,14),
(843,7,20,0,0,0,1,1,15),
(844,8,20,0,0,0,1,1,16),
(845,9,20,0,0,0,1,1,17),
(846,10,20,0,0,0,1,1,18),
(847,11,20,0,0,0,1,1,19),
(848,12,20,0,1,0,1,1,5),
(849,13,20,0,1,0,1,1,6),
(850,14,20,0,0,0,1,1,20),
(851,15,20,0,0,0,1,0,0),
(852,16,20,0,0,0,1,0,0),
(853,17,20,0,0,0,1,0,0),
(854,18,20,0,0,0,1,0,0),
(855,19,20,0,0,0,1,1,21),
(856,20,20,0,0,0,1,1,22),
(857,21,20,0,0,0,1,1,23),
(858,22,20,0,0,0,1,1,24),
(859,23,20,0,0,0,1,1,25),
(860,24,20,0,0,0,1,1,26),
(861,25,20,0,0,0,1,1,27),
(862,26,20,0,0,0,1,1,28),
(863,27,20,0,0,0,1,1,29),
(864,28,20,0,0,0,1,1,30),
(865,29,20,0,0,0,1,1,31),
(866,30,20,0,0,0,1,1,32),
(867,31,20,0,0,0,1,0,0),
(868,32,20,0,0,0,1,0,0),
(869,33,20,0,0,0,1,1,33),
(870,34,20,0,0,0,1,1,34),
(871,35,20,0,0,0,1,0,0),
(872,36,20,0,1,0,1,1,7),
(873,37,20,0,1,0,1,1,8),
(874,38,20,0,1,0,1,1,9),
(875,39,20,0,1,0,1,1,10),
(876,40,20,0,1,0,1,1,11),
(877,41,20,0,1,0,1,1,12),
(878,42,20,0,0,0,1,0,0),
(879,43,20,0,0,0,1,1,35),
(880,44,20,0,0,0,1,1,36),
(881,1,21,0,1,1,1,1,1),
(882,2,21,0,1,0,1,1,2),
(883,3,21,0,1,0,1,1,3),
(884,4,21,0,1,0,1,1,4),
(885,5,21,0,0,0,1,1,13),
(886,6,21,0,0,0,1,1,14),
(887,7,21,0,0,0,1,1,15),
(888,8,21,0,0,0,1,1,16),
(889,9,21,0,0,0,1,1,17),
(890,10,21,0,0,0,1,1,18),
(891,11,21,0,0,0,1,1,19),
(892,12,21,0,1,0,1,1,5),
(893,13,21,0,1,0,1,1,6),
(894,14,21,0,0,0,1,1,20),
(895,15,21,0,0,0,1,0,0),
(896,16,21,0,0,0,1,0,0),
(897,17,21,0,0,0,1,0,0),
(898,18,21,0,0,0,1,0,0),
(899,19,21,0,0,0,1,1,21),
(900,20,21,0,0,0,1,1,22),
(901,21,21,0,0,0,1,1,23),
(902,22,21,0,0,0,1,1,24),
(903,23,21,0,0,0,1,1,25),
(904,24,21,0,0,0,1,1,26),
(905,25,21,0,0,0,1,1,27),
(906,26,21,0,0,0,1,1,28),
(907,27,21,0,0,0,1,1,29),
(908,28,21,0,0,0,1,1,30),
(909,29,21,0,0,0,1,1,31),
(910,30,21,0,0,0,1,1,32),
(911,31,21,0,0,0,1,0,0),
(912,32,21,0,0,0,1,0,0),
(913,33,21,0,0,0,1,1,33),
(914,34,21,0,0,0,1,1,34),
(915,35,21,0,0,0,1,0,0),
(916,36,21,0,1,0,1,1,7),
(917,37,21,0,1,0,1,1,8),
(918,38,21,0,1,0,1,1,9),
(919,39,21,0,1,0,1,1,10),
(920,40,21,0,1,0,1,1,11),
(921,41,21,0,1,0,1,1,12),
(922,42,21,0,0,0,1,0,0),
(923,43,21,0,0,0,1,1,35),
(924,44,21,0,0,0,1,1,36),
(925,1,22,0,1,1,1,1,1),
(926,2,22,0,1,0,1,1,2),
(927,3,22,0,1,0,1,1,3),
(928,4,22,0,1,0,1,1,4),
(929,5,22,0,0,0,1,1,14),
(930,6,22,0,0,0,1,1,15),
(931,7,22,0,0,0,1,1,16),
(932,8,22,0,0,0,1,1,17),
(933,9,22,0,0,0,1,1,18),
(934,10,22,0,0,0,1,1,19),
(935,11,22,0,0,0,1,1,20),
(936,12,22,0,1,0,1,1,5),
(937,13,22,0,1,0,1,1,6),
(938,14,22,0,0,0,1,1,21),
(939,15,22,0,0,0,1,0,0),
(940,16,22,0,0,0,1,0,0),
(941,17,22,0,0,0,1,0,0),
(942,18,22,0,0,0,1,0,0),
(943,19,22,0,0,0,1,1,22),
(944,20,22,0,0,0,1,1,23),
(945,21,22,0,0,0,1,1,24),
(946,22,22,0,0,0,1,1,25),
(947,23,22,0,0,0,1,1,26),
(948,24,22,0,0,0,1,1,27),
(949,25,22,0,0,0,1,1,28),
(950,26,22,0,0,0,1,1,29),
(951,27,22,0,0,0,1,1,30),
(952,28,22,0,0,0,1,1,31),
(953,29,22,0,0,0,1,1,32),
(954,30,22,0,1,0,1,1,7),
(955,31,22,0,0,0,1,0,0),
(956,32,22,0,0,0,1,0,0),
(957,33,22,0,0,0,1,1,33),
(958,34,22,0,0,0,1,1,34),
(959,35,22,0,0,0,1,0,0),
(960,36,22,0,1,0,1,1,8),
(961,37,22,0,1,0,1,1,9),
(962,38,22,0,1,0,1,1,10),
(963,39,22,0,1,0,1,1,11),
(964,40,22,0,1,0,1,1,12),
(965,41,22,0,1,0,1,1,13),
(966,42,22,0,0,0,1,0,0),
(967,43,22,0,0,0,1,1,35),
(968,44,22,0,0,0,1,1,36),
(969,1,23,0,1,1,1,1,1),
(970,2,23,0,1,0,1,1,2),
(971,3,23,0,1,0,1,1,3),
(972,4,23,0,1,0,1,1,4),
(973,5,23,0,0,0,1,1,13),
(974,6,23,0,0,0,1,1,14),
(975,7,23,0,0,0,1,1,15),
(976,8,23,0,0,0,1,1,16),
(977,9,23,0,0,0,1,1,17),
(978,10,23,0,0,0,1,1,18),
(979,11,23,0,0,0,1,1,19),
(980,12,23,0,0,0,1,1,20),
(981,13,23,0,1,0,1,1,5),
(982,14,23,0,0,0,1,1,21),
(983,15,23,0,0,0,1,0,0),
(984,16,23,0,0,0,1,0,0),
(985,17,23,0,0,0,1,0,0),
(986,18,23,0,0,0,1,0,0),
(987,19,23,0,0,0,1,1,22),
(988,20,23,0,0,0,1,1,23),
(989,21,23,0,0,0,1,1,24),
(990,22,23,0,0,0,1,1,25),
(991,23,23,0,0,0,1,1,26),
(992,24,23,0,0,0,1,1,27),
(993,25,23,0,0,0,1,1,28),
(994,26,23,0,0,0,1,1,29),
(995,27,23,0,0,0,1,1,30),
(996,28,23,0,0,0,1,1,31),
(997,29,23,0,0,0,1,1,32),
(998,30,23,0,0,0,1,1,33),
(999,31,23,0,0,0,1,0,0),
(1000,32,23,0,0,0,1,0,0),
(1001,33,23,0,0,0,1,1,34),
(1002,34,23,0,0,0,1,1,35),
(1003,35,23,0,0,0,1,0,0),
(1004,36,23,0,1,0,1,1,6),
(1005,37,23,0,1,0,1,1,7),
(1006,38,23,0,1,0,1,1,8),
(1007,39,23,0,1,0,1,1,9),
(1008,40,23,0,1,0,1,1,10),
(1009,41,23,0,1,0,1,1,11),
(1010,42,23,0,0,0,1,0,0),
(1011,43,23,0,0,0,1,1,36),
(1012,44,23,0,0,0,1,1,37),
(1013,1,24,0,1,1,1,1,1),
(1014,2,24,0,1,0,1,1,2),
(1015,3,24,0,1,0,1,1,3),
(1016,4,24,0,1,0,1,1,4),
(1017,5,24,0,0,0,1,1,14),
(1018,6,24,0,0,0,1,1,15),
(1019,7,24,0,0,0,1,1,16),
(1020,8,24,0,0,0,1,1,17),
(1021,9,24,0,0,0,1,1,18),
(1022,10,24,0,0,0,1,1,19),
(1023,11,24,0,0,0,1,1,20),
(1024,12,24,0,1,0,1,1,5),
(1025,13,24,0,1,0,1,1,6),
(1026,14,24,0,0,0,1,1,21),
(1027,15,24,0,0,0,1,0,0),
(1028,16,24,0,0,0,1,0,0),
(1029,17,24,0,0,0,1,0,0),
(1030,18,24,0,0,0,1,0,0),
(1031,19,24,0,1,0,1,1,7),
(1032,20,24,0,0,0,1,1,22),
(1033,21,24,0,0,0,1,1,23),
(1034,22,24,0,0,0,1,1,24),
(1035,23,24,0,0,0,1,1,25),
(1036,24,24,0,0,0,1,1,26),
(1037,25,24,0,0,0,1,1,27),
(1038,26,24,0,0,0,1,1,28),
(1039,27,24,0,0,0,1,1,29),
(1040,28,24,0,0,0,1,1,30),
(1041,29,24,0,0,0,1,1,31),
(1042,30,24,0,0,0,1,1,32),
(1043,31,24,0,0,0,1,0,0),
(1044,32,24,0,0,0,1,0,0),
(1045,33,24,0,0,0,1,1,33),
(1046,34,24,0,0,0,1,1,34),
(1047,35,24,0,0,0,1,0,0),
(1048,36,24,0,1,0,1,1,8),
(1049,37,24,0,1,0,1,1,9),
(1050,38,24,0,1,0,1,1,10),
(1051,39,24,0,1,0,1,1,11),
(1052,40,24,0,1,0,1,1,12),
(1053,41,24,0,1,0,1,1,13),
(1054,42,24,0,0,0,1,0,0),
(1055,43,24,0,0,0,1,1,35),
(1056,44,24,0,0,0,1,1,36),
(1057,1,25,0,1,1,1,1,1),
(1058,2,25,0,1,0,1,1,2),
(1059,3,25,0,1,0,1,1,3),
(1060,4,25,0,1,0,1,1,4),
(1061,5,25,0,0,0,1,1,13),
(1062,6,25,0,0,0,1,1,14),
(1063,7,25,0,0,0,1,1,15),
(1064,8,25,0,0,0,1,1,16),
(1065,9,25,0,0,0,1,1,17),
(1066,10,25,0,0,0,1,1,18),
(1067,11,25,0,0,0,1,1,19),
(1068,12,25,0,1,0,1,1,5),
(1069,13,25,0,0,0,1,1,20),
(1070,14,25,0,0,0,1,1,21),
(1071,15,25,0,0,0,1,0,0),
(1072,16,25,0,0,0,1,0,0),
(1073,17,25,0,0,0,1,0,0),
(1074,18,25,0,0,0,1,0,0),
(1075,19,25,0,0,0,1,1,22),
(1076,20,25,0,1,0,1,1,6),
(1077,21,25,0,0,0,1,1,23),
(1078,22,25,0,0,0,1,1,24),
(1079,23,25,0,0,0,1,1,25),
(1080,24,25,0,0,0,1,1,26),
(1081,25,25,0,0,0,1,1,27),
(1082,26,25,0,0,0,1,1,28),
(1083,27,25,0,0,0,1,1,29),
(1084,28,25,0,0,0,1,1,30),
(1085,29,25,0,0,0,1,1,31),
(1086,30,25,0,0,0,1,1,32),
(1087,31,25,0,0,0,1,0,0),
(1088,32,25,0,0,0,1,0,0),
(1089,33,25,0,0,0,1,1,33),
(1090,34,25,0,0,0,1,1,34),
(1091,35,25,0,0,0,1,0,0),
(1092,36,25,0,1,0,1,1,7),
(1093,37,25,0,1,0,1,1,8),
(1094,38,25,0,1,0,1,1,9),
(1095,39,25,0,1,0,1,1,10),
(1096,40,25,0,1,0,1,1,11),
(1097,41,25,0,1,0,1,1,12),
(1098,42,25,0,0,0,1,0,0),
(1099,43,25,0,0,0,1,1,35),
(1100,44,25,0,0,0,1,1,36),
(1101,1,26,0,1,1,1,1,1),
(1102,2,26,0,1,0,1,1,2),
(1103,3,26,0,1,0,1,1,3),
(1104,4,26,0,1,0,1,1,4),
(1105,5,26,0,0,0,1,1,13),
(1106,6,26,0,0,0,1,1,14),
(1107,7,26,0,0,0,1,1,15),
(1108,8,26,0,0,0,1,1,16),
(1109,9,26,0,0,0,1,1,17),
(1110,10,26,0,0,0,1,1,18),
(1111,11,26,0,0,0,1,1,19),
(1112,12,26,0,1,0,1,1,5),
(1113,13,26,0,0,0,1,1,20),
(1114,14,26,0,0,0,1,1,21),
(1115,15,26,0,0,0,1,0,0),
(1116,16,26,0,0,0,1,0,0),
(1117,17,26,0,0,0,1,0,0),
(1118,18,26,0,0,0,1,0,0),
(1119,19,26,0,0,0,1,1,22),
(1120,20,26,0,1,0,1,1,6),
(1121,21,26,0,0,0,1,1,23),
(1122,22,26,0,0,0,1,1,24),
(1123,23,26,0,0,0,1,1,25),
(1124,24,26,0,0,0,1,1,26),
(1125,25,26,0,0,0,1,1,27),
(1126,26,26,0,0,0,1,1,28),
(1127,27,26,0,0,0,1,1,29),
(1128,28,26,0,0,0,1,1,30),
(1129,29,26,0,0,0,1,1,31),
(1130,30,26,0,0,0,1,1,32),
(1131,31,26,0,0,0,1,0,0),
(1132,32,26,0,0,0,1,0,0),
(1133,33,26,0,0,0,1,1,33),
(1134,34,26,0,0,0,1,1,34),
(1135,35,26,0,0,0,1,0,0),
(1136,36,26,0,1,0,1,1,7),
(1137,37,26,0,1,0,1,1,8),
(1138,38,26,0,1,0,1,1,9),
(1139,39,26,0,1,0,1,1,10),
(1140,40,26,0,1,0,1,1,11),
(1141,41,26,0,1,0,1,1,12),
(1142,42,26,0,0,0,1,0,0),
(1143,43,26,0,0,0,1,1,35),
(1144,44,26,0,0,0,1,1,36),
(1145,1,27,0,1,1,1,1,1),
(1146,2,27,0,1,0,1,1,2),
(1147,3,27,0,1,0,1,1,3),
(1148,4,27,0,0,0,1,1,13),
(1149,5,27,0,0,0,1,1,14),
(1150,6,27,0,0,0,1,1,15),
(1151,7,27,0,0,0,1,1,16),
(1152,8,27,0,0,0,1,1,17),
(1153,9,27,0,0,0,1,1,18),
(1154,10,27,0,0,0,1,1,19),
(1155,11,27,0,0,0,1,1,20),
(1156,12,27,0,1,0,1,1,4),
(1157,13,27,0,0,0,1,1,21),
(1158,14,27,0,0,0,1,1,22),
(1159,15,27,0,0,0,1,0,0),
(1160,16,27,0,0,0,1,0,0),
(1161,17,27,0,0,0,1,0,0),
(1162,18,27,0,0,0,1,0,0),
(1163,19,27,0,1,0,1,1,5),
(1164,20,27,0,1,0,1,1,6),
(1165,21,27,0,0,0,1,1,23),
(1166,22,27,0,0,0,1,1,24),
(1167,23,27,0,0,0,1,1,25),
(1168,24,27,0,0,0,1,1,26),
(1169,25,27,0,0,0,1,1,27),
(1170,26,27,0,0,0,1,1,28),
(1171,27,27,0,0,0,1,1,29),
(1172,28,27,0,0,0,1,1,30),
(1173,29,27,0,0,0,1,1,31),
(1174,30,27,0,0,0,1,1,32),
(1175,31,27,0,0,0,1,0,0),
(1176,32,27,0,0,0,1,0,0),
(1177,33,27,0,0,0,1,1,33),
(1178,34,27,0,0,0,1,1,34),
(1179,35,27,0,0,0,1,0,0),
(1180,36,27,0,1,0,1,1,7),
(1181,37,27,0,1,0,1,1,8),
(1182,38,27,0,1,0,1,1,9),
(1183,39,27,0,1,0,1,1,10),
(1184,40,27,0,1,0,1,1,11),
(1185,41,27,0,1,0,1,1,12),
(1186,42,27,0,0,0,1,0,0),
(1187,43,27,0,0,0,1,1,35),
(1188,44,27,0,0,0,1,1,36),
(1189,1,28,0,1,1,1,1,1),
(1190,2,28,0,1,0,1,1,2),
(1191,3,28,0,1,0,1,1,3),
(1192,4,28,0,0,0,1,1,13),
(1193,5,28,0,0,0,1,1,14),
(1194,6,28,0,0,0,1,1,15),
(1195,7,28,0,0,0,1,1,16),
(1196,8,28,0,0,0,1,1,17),
(1197,9,28,0,0,0,1,1,18),
(1198,10,28,0,0,0,1,1,19),
(1199,11,28,0,0,0,1,1,20),
(1200,12,28,0,1,0,1,1,4),
(1201,13,28,0,0,0,1,1,21),
(1202,14,28,0,0,0,1,1,22),
(1203,15,28,0,0,0,1,0,0),
(1204,16,28,0,0,0,1,0,0),
(1205,17,28,0,0,0,1,0,0),
(1206,18,28,0,0,0,1,0,0),
(1207,19,28,0,1,0,1,1,5),
(1208,20,28,0,1,0,1,1,6),
(1209,21,28,0,0,0,1,1,23),
(1210,22,28,0,0,0,1,1,24),
(1211,23,28,0,0,0,1,1,25),
(1212,24,28,0,0,0,1,1,26),
(1213,25,28,0,0,0,1,1,27),
(1214,26,28,0,0,0,1,1,28),
(1215,27,28,0,0,0,1,1,29),
(1216,28,28,0,0,0,1,1,30),
(1217,29,28,0,0,0,1,1,31),
(1218,30,28,0,0,0,1,1,32),
(1219,31,28,0,0,0,1,0,0),
(1220,32,28,0,0,0,1,0,0),
(1221,33,28,0,0,0,1,1,33),
(1222,34,28,0,0,0,1,1,34),
(1223,35,28,0,0,0,1,0,0),
(1224,36,28,0,1,0,1,1,7),
(1225,37,28,0,1,0,1,1,8),
(1226,38,28,0,1,0,1,1,9),
(1227,39,28,0,1,0,1,1,10),
(1228,40,28,0,1,0,1,1,11),
(1229,41,28,0,1,0,1,1,12),
(1230,42,28,0,0,0,1,0,0),
(1231,43,28,0,0,0,1,1,35),
(1232,44,28,0,0,0,1,1,36),
(1233,1,29,0,1,1,1,1,1),
(1234,2,29,0,1,0,1,1,2),
(1235,3,29,0,1,0,1,1,3),
(1236,4,29,0,1,0,1,1,4),
(1237,5,29,0,0,0,1,1,14),
(1238,6,29,0,0,0,1,1,15),
(1239,7,29,0,0,0,1,1,16),
(1240,8,29,0,0,0,1,1,17),
(1241,9,29,0,0,0,1,1,18),
(1242,10,29,0,0,0,1,1,19),
(1243,11,29,0,0,0,1,1,20),
(1244,12,29,0,1,0,1,1,5),
(1245,13,29,0,0,0,1,1,21),
(1246,14,29,0,0,0,1,1,22),
(1247,15,29,0,0,0,1,0,0),
(1248,16,29,0,0,0,1,0,0),
(1249,17,29,0,0,0,1,0,0),
(1250,18,29,0,0,0,1,0,0),
(1251,19,29,0,1,0,1,1,6),
(1252,20,29,0,1,0,1,1,7),
(1253,21,29,0,0,0,1,1,23),
(1254,22,29,0,0,0,1,1,24),
(1255,23,29,0,0,0,1,1,25),
(1256,24,29,0,0,0,1,1,26),
(1257,25,29,0,0,0,1,1,27),
(1258,26,29,0,0,0,1,1,28),
(1259,27,29,0,0,0,1,1,29),
(1260,28,29,0,0,0,1,1,30),
(1261,29,29,0,0,0,1,1,31),
(1262,30,29,0,0,0,1,1,32),
(1263,31,29,0,0,0,1,0,0),
(1264,32,29,0,0,0,1,0,0),
(1265,33,29,0,0,0,1,1,33),
(1266,34,29,0,0,0,1,1,34),
(1267,35,29,0,0,0,1,0,0),
(1268,36,29,0,1,0,1,1,8),
(1269,37,29,0,1,0,1,1,9),
(1270,38,29,0,1,0,1,1,10),
(1271,39,29,0,1,0,1,1,11),
(1272,40,29,0,1,0,1,1,12),
(1273,41,29,0,1,0,1,1,13),
(1274,42,29,0,0,0,1,0,0),
(1275,43,29,0,0,0,1,1,35),
(1276,44,29,0,0,0,1,1,36),
(1277,1,30,0,1,1,1,1,1),
(1278,2,30,0,1,0,1,1,2),
(1279,3,30,0,1,0,1,1,3),
(1280,4,30,0,1,0,1,1,4),
(1281,5,30,0,0,0,1,1,14),
(1282,6,30,0,0,0,1,1,15),
(1283,7,30,0,0,0,1,1,16),
(1284,8,30,0,0,0,1,1,17),
(1285,9,30,0,0,0,1,1,18),
(1286,10,30,0,0,0,1,1,19),
(1287,11,30,0,0,0,1,1,20),
(1288,12,30,0,1,0,1,1,5),
(1289,13,30,0,0,0,1,1,21),
(1290,14,30,0,0,0,1,1,22),
(1291,15,30,0,0,0,1,0,0),
(1292,16,30,0,0,0,1,0,0),
(1293,17,30,0,0,0,1,0,0),
(1294,18,30,0,0,0,1,0,0),
(1295,19,30,0,1,0,1,1,6),
(1296,20,30,0,1,0,1,1,7),
(1297,21,30,0,0,0,1,1,23),
(1298,22,30,0,0,0,1,1,24),
(1299,23,30,0,0,0,1,1,25),
(1300,24,30,0,0,0,1,1,26),
(1301,25,30,0,0,0,1,1,27),
(1302,26,30,0,0,0,1,1,28),
(1303,27,30,0,0,0,1,1,29),
(1304,28,30,0,0,0,1,1,30),
(1305,29,30,0,0,0,1,1,31),
(1306,30,30,0,0,0,1,1,32),
(1307,31,30,0,0,0,1,0,0),
(1308,32,30,0,0,0,1,0,0),
(1309,33,30,0,0,0,1,1,33),
(1310,34,30,0,0,0,1,1,34),
(1311,35,30,0,0,0,1,0,0),
(1312,36,30,0,1,0,1,1,8),
(1313,37,30,0,1,0,1,1,9),
(1314,38,30,0,1,0,1,1,10),
(1315,39,30,0,1,0,1,1,11),
(1316,40,30,0,1,0,1,1,12),
(1317,41,30,0,1,0,1,1,13),
(1318,42,30,0,0,0,1,0,0),
(1319,43,30,0,0,0,1,1,35),
(1320,44,30,0,0,0,1,1,36),
(1321,1,31,0,1,1,1,1,1),
(1322,2,31,0,1,0,1,1,2),
(1323,3,31,0,1,0,1,1,3),
(1324,4,31,0,1,0,1,1,4),
(1325,5,31,0,0,0,1,1,15),
(1326,6,31,0,0,0,1,1,16),
(1327,7,31,0,0,0,1,1,17),
(1328,8,31,0,0,0,1,1,18),
(1329,9,31,0,0,0,1,1,19),
(1330,10,31,0,0,0,1,1,20),
(1331,11,31,0,0,0,1,1,21),
(1332,12,31,0,0,0,1,1,22),
(1333,13,31,0,0,0,1,1,23),
(1334,14,31,0,0,0,1,1,24),
(1335,15,31,0,0,0,1,0,0),
(1336,16,31,0,0,0,1,0,0),
(1337,17,31,0,0,0,1,0,0),
(1338,18,31,0,0,0,1,0,0),
(1339,19,31,0,1,0,1,1,5),
(1340,20,31,0,1,0,1,1,6),
(1341,21,31,0,0,0,1,1,25),
(1342,22,31,0,0,0,1,1,26),
(1343,23,31,0,0,0,1,1,27),
(1344,24,31,0,0,0,1,1,28),
(1345,25,31,0,0,0,1,1,29),
(1346,26,31,0,0,0,1,1,30),
(1347,27,31,0,0,0,1,1,31),
(1348,28,31,0,0,0,1,1,32),
(1349,29,31,0,0,0,1,1,33),
(1350,30,31,0,1,0,1,1,7),
(1351,31,31,0,0,0,1,0,0),
(1352,32,31,0,0,0,1,0,0),
(1353,33,31,0,0,0,1,1,34),
(1354,34,31,0,0,0,1,1,35),
(1355,35,31,0,0,0,1,0,0),
(1356,36,31,0,1,0,1,1,8),
(1357,37,31,0,1,0,1,1,9),
(1358,38,31,0,1,0,1,1,10),
(1359,39,31,0,1,0,1,1,11),
(1360,40,31,0,1,0,1,1,12),
(1361,41,31,0,1,0,1,1,13),
(1362,42,31,0,0,0,1,0,0),
(1363,43,31,0,0,0,1,1,36),
(1364,44,31,0,0,0,1,1,37),
(1365,1,32,0,1,1,1,1,1),
(1366,2,32,0,1,0,1,1,2),
(1367,3,32,0,1,0,1,1,3),
(1368,4,32,0,1,0,1,1,4),
(1369,5,32,0,0,0,1,1,14),
(1370,6,32,0,0,0,1,1,15),
(1371,7,32,0,0,0,1,1,16),
(1372,8,32,0,0,0,1,1,17),
(1373,9,32,0,0,0,1,1,18),
(1374,10,32,0,0,0,1,1,19),
(1375,11,32,0,0,0,1,1,20),
(1376,12,32,0,1,0,1,1,5),
(1377,13,32,0,1,0,1,1,6),
(1378,14,32,0,0,0,1,1,21),
(1379,15,32,0,0,0,1,0,0),
(1380,16,32,0,0,0,1,0,0),
(1381,17,32,0,0,0,1,0,0),
(1382,18,32,0,0,0,1,0,0),
(1383,19,32,0,1,0,1,1,7),
(1384,20,32,0,0,0,1,1,22),
(1385,21,32,0,0,0,1,1,23),
(1386,22,32,0,0,0,1,1,24),
(1387,23,32,0,0,0,1,1,25),
(1388,24,32,0,0,0,1,1,26),
(1389,25,32,0,0,0,1,1,27),
(1390,26,32,0,0,0,1,1,28),
(1391,27,32,0,0,0,1,1,29),
(1392,28,32,0,0,0,1,1,30),
(1393,29,32,0,0,0,1,1,31),
(1394,30,32,0,0,0,1,1,32),
(1395,31,32,0,0,0,1,0,0),
(1396,32,32,0,0,0,1,0,0),
(1397,33,32,0,0,0,1,1,33),
(1398,34,32,0,0,0,1,1,34),
(1399,35,32,0,0,0,1,0,0),
(1400,36,32,0,1,0,1,1,8),
(1401,37,32,0,1,0,1,1,9),
(1402,38,32,0,1,0,1,1,10),
(1403,39,32,0,1,0,1,1,11),
(1404,40,32,0,1,0,1,1,12),
(1405,41,32,0,1,0,1,1,13),
(1406,42,32,0,0,0,1,0,0),
(1407,43,32,0,0,0,1,1,35),
(1408,44,32,0,0,0,1,1,36),
(1409,1,33,0,1,1,1,1,1),
(1410,2,33,0,1,0,1,1,2),
(1411,3,33,0,1,0,1,1,3),
(1412,4,33,0,1,0,1,1,4),
(1413,5,33,0,0,0,1,1,13),
(1414,6,33,0,0,0,1,1,14),
(1415,7,33,0,0,0,1,1,15),
(1416,8,33,0,0,0,1,1,16),
(1417,9,33,0,0,0,1,1,17),
(1418,10,33,0,0,0,1,1,18),
(1419,11,33,0,0,0,1,1,19),
(1420,12,33,0,1,0,1,1,5),
(1421,13,33,0,0,0,1,1,20),
(1422,14,33,0,0,0,1,1,21),
(1423,15,33,0,0,0,1,0,0),
(1424,16,33,0,0,0,1,0,0),
(1425,17,33,0,0,0,1,0,0),
(1426,18,33,0,0,0,1,0,0),
(1427,19,33,0,0,0,1,1,22),
(1428,20,33,0,1,0,1,1,6),
(1429,21,33,0,0,0,1,1,23),
(1430,22,33,0,0,0,1,1,24),
(1431,23,33,0,0,0,1,1,25),
(1432,24,33,0,0,0,1,1,26),
(1433,25,33,0,0,0,1,1,27),
(1434,26,33,0,0,0,1,1,28),
(1435,27,33,0,0,0,1,1,29),
(1436,28,33,0,0,0,1,1,30),
(1437,29,33,0,0,0,1,1,31),
(1438,30,33,0,0,0,1,1,32),
(1439,31,33,0,0,0,1,0,0),
(1440,32,33,0,0,0,1,0,0),
(1441,33,33,0,0,0,1,1,33),
(1442,34,33,0,0,0,1,1,34),
(1443,35,33,0,0,0,1,0,0),
(1444,36,33,0,1,0,1,1,7),
(1445,37,33,0,1,0,1,1,8),
(1446,38,33,0,1,0,1,1,9),
(1447,39,33,0,1,0,1,1,10),
(1448,40,33,0,1,0,1,1,11),
(1449,41,33,0,1,0,1,1,12),
(1450,42,33,0,0,0,1,0,0),
(1451,43,33,0,0,0,1,1,35),
(1452,44,33,0,0,0,1,1,36),
(1453,1,34,0,1,1,1,1,1),
(1454,2,34,0,1,0,1,1,2),
(1455,3,34,0,1,0,1,1,3),
(1456,4,34,0,1,0,1,1,4),
(1457,5,34,0,0,0,1,1,13),
(1458,6,34,0,0,0,1,1,14),
(1459,7,34,0,0,0,1,1,15),
(1460,8,34,0,0,0,1,1,16),
(1461,9,34,0,0,0,1,1,17),
(1462,10,34,0,0,0,1,1,18),
(1463,11,34,0,0,0,1,1,19),
(1464,12,34,0,1,0,1,1,5),
(1465,13,34,0,0,0,1,1,20),
(1466,14,34,0,0,0,1,1,21),
(1467,15,34,0,0,0,1,0,0),
(1468,16,34,0,0,0,1,0,0),
(1469,17,34,0,0,0,1,0,0),
(1470,18,34,0,0,0,1,0,0),
(1471,19,34,0,0,0,1,1,22),
(1472,20,34,0,1,0,1,1,6),
(1473,21,34,0,0,0,1,1,23),
(1474,22,34,0,0,0,1,1,24),
(1475,23,34,0,0,0,1,1,25),
(1476,24,34,0,0,0,1,1,26),
(1477,25,34,0,0,0,1,1,27),
(1478,26,34,0,0,0,1,1,28),
(1479,27,34,0,0,0,1,1,29),
(1480,28,34,0,0,0,1,1,30),
(1481,29,34,0,0,0,1,1,31),
(1482,30,34,0,0,0,1,1,32),
(1483,31,34,0,0,0,1,0,0),
(1484,32,34,0,0,0,1,0,0),
(1485,33,34,0,0,0,1,1,33),
(1486,34,34,0,0,0,1,1,34),
(1487,35,34,0,0,0,1,0,0),
(1488,36,34,0,1,0,1,1,7),
(1489,37,34,0,1,0,1,1,8),
(1490,38,34,0,1,0,1,1,9),
(1491,39,34,0,1,0,1,1,10),
(1492,40,34,0,1,0,1,1,11),
(1493,41,34,0,1,0,1,1,12),
(1494,42,34,0,0,0,1,0,0),
(1495,43,34,0,0,0,1,1,35),
(1496,44,34,0,0,0,1,1,36),
(1497,1,35,0,1,1,1,1,1),
(1498,2,35,0,1,0,1,1,2),
(1499,3,35,0,0,0,1,1,9),
(1500,4,35,0,1,0,1,1,3),
(1501,5,35,0,0,0,1,1,10),
(1502,6,35,0,0,0,1,1,11),
(1503,7,35,0,0,0,1,1,12),
(1504,8,35,0,0,0,1,1,13),
(1505,9,35,0,0,0,1,1,14),
(1506,10,35,0,0,0,1,1,15),
(1507,11,35,0,0,0,1,1,16),
(1508,12,35,0,1,0,1,1,4),
(1509,13,35,0,0,0,1,1,17),
(1510,14,35,0,0,0,1,1,18),
(1511,15,35,0,0,0,1,0,0),
(1512,16,35,0,0,0,1,0,0),
(1513,17,35,0,0,0,1,0,0),
(1514,18,35,0,0,0,1,0,0),
(1515,19,35,0,0,0,1,1,19),
(1516,20,35,0,0,0,1,1,20),
(1517,21,35,0,0,0,1,1,21),
(1518,22,35,0,0,0,1,1,22),
(1519,23,35,0,0,0,1,1,23),
(1520,24,35,0,0,0,1,1,24),
(1521,25,35,0,0,0,1,1,25),
(1522,26,35,0,0,0,1,1,26),
(1523,27,35,0,0,0,1,1,27),
(1524,28,35,0,0,0,1,1,28),
(1525,29,35,0,0,0,1,1,29),
(1526,30,35,0,1,0,1,1,5),
(1527,31,35,0,0,0,1,0,0),
(1528,32,35,0,0,0,1,0,0),
(1529,33,35,0,0,0,1,1,30),
(1530,34,35,0,0,0,1,1,31),
(1531,35,35,0,0,0,1,0,0),
(1532,36,35,0,0,0,1,1,32),
(1533,37,35,0,0,0,1,1,33),
(1534,38,35,0,0,0,1,1,34),
(1535,39,35,0,0,0,1,1,35),
(1536,40,35,0,0,0,1,1,36),
(1537,41,35,0,0,0,1,1,37),
(1538,42,35,0,0,0,1,0,0),
(1539,43,35,0,1,0,1,1,6),
(1540,44,35,0,1,0,1,1,7),
(1541,1,47,1,1,1,1,1,1),
(1542,2,47,1,1,0,1,1,2),
(1543,3,47,1,1,0,1,1,3),
(1544,4,47,1,1,0,1,1,4),
(1545,5,47,1,0,0,1,1,6),
(1546,6,47,1,0,0,1,1,7),
(1547,7,47,1,0,0,1,1,8),
(1548,8,47,1,0,0,1,1,9),
(1549,9,47,1,0,0,1,1,10),
(1550,10,47,1,0,0,1,1,11),
(1551,11,47,1,0,0,1,1,12),
(1552,12,47,1,1,0,1,1,5),
(1553,13,47,1,0,0,1,1,13),
(1554,14,47,1,0,0,1,1,14),
(1555,15,47,1,0,0,1,0,0),
(1556,16,47,1,0,0,1,0,0),
(1557,17,47,1,0,0,1,0,0),
(1558,18,47,1,0,0,1,0,0),
(1559,19,47,1,0,0,1,1,15),
(1560,20,47,1,0,0,1,1,16),
(1561,21,47,1,0,0,1,1,17),
(1562,22,47,1,0,0,1,1,18),
(1563,23,47,1,0,0,1,1,19),
(1564,24,47,1,0,0,1,1,20),
(1565,25,47,1,0,0,1,1,21),
(1566,26,47,1,0,0,1,1,22),
(1567,27,47,1,0,0,1,1,23),
(1568,28,47,1,0,0,1,1,24),
(1569,29,47,1,0,0,1,1,25),
(1570,30,47,1,0,0,1,1,26),
(1571,31,47,1,0,0,1,0,0),
(1572,32,47,1,0,0,1,0,0),
(1573,33,47,1,0,0,1,1,27),
(1574,34,47,1,0,0,1,1,28),
(1575,35,47,1,0,0,1,0,0),
(1576,36,47,1,0,0,1,1,29),
(1577,37,47,1,0,0,1,1,30),
(1578,38,47,1,0,0,1,1,31),
(1579,39,47,1,0,0,1,1,32),
(1580,40,47,1,0,0,1,1,33),
(1581,41,47,1,0,0,1,1,34),
(1582,42,47,1,0,0,1,0,0),
(1583,43,47,1,0,0,1,1,35),
(1584,44,47,1,0,0,1,1,36),
(1585,1,48,1,1,1,1,1,1),
(1586,2,48,1,1,0,1,1,2),
(1587,3,48,1,1,0,1,1,3),
(1588,4,48,1,1,0,1,1,4),
(1589,5,48,1,0,0,1,1,8),
(1590,6,48,1,0,0,1,1,9),
(1591,7,48,1,0,0,1,1,10),
(1592,8,48,1,0,0,1,1,11),
(1593,9,48,1,0,0,1,1,12),
(1594,10,48,1,0,0,1,1,13),
(1595,11,48,1,0,0,1,1,14),
(1596,12,48,1,1,0,1,1,5),
(1597,13,48,1,0,0,1,1,15),
(1598,14,48,1,0,0,1,1,16),
(1599,15,48,1,0,0,1,0,0),
(1600,16,48,1,0,0,1,0,0),
(1601,17,48,1,0,0,1,0,0),
(1602,18,48,1,0,0,1,0,0),
(1603,19,48,1,1,0,1,1,6),
(1604,20,48,1,1,0,1,1,7),
(1605,21,48,1,0,0,1,1,17),
(1606,22,48,1,0,0,1,1,18),
(1607,23,48,1,0,0,1,1,19),
(1608,24,48,1,0,0,1,1,20),
(1609,25,48,1,0,0,1,1,21),
(1610,26,48,1,0,0,1,1,22),
(1611,27,48,1,0,0,1,1,23),
(1612,28,48,1,0,0,1,1,24),
(1613,29,48,1,0,0,1,1,25),
(1614,30,48,1,0,0,1,1,26),
(1615,31,48,1,0,0,1,0,0),
(1616,32,48,1,0,0,1,0,0),
(1617,33,48,1,0,0,1,1,27),
(1618,34,48,1,0,0,1,1,28),
(1619,35,48,1,0,0,1,0,0),
(1620,36,48,1,0,0,1,1,29),
(1621,37,48,1,0,0,1,1,30),
(1622,38,48,1,0,0,1,1,31),
(1623,39,48,1,0,0,1,1,32),
(1624,40,48,1,0,0,1,1,33),
(1625,41,48,1,0,0,1,1,34),
(1626,42,48,1,0,0,1,0,0),
(1627,43,48,1,0,0,1,1,35),
(1628,44,48,1,0,0,1,1,36),
(1629,1,49,1,1,1,1,1,1),
(1630,2,49,1,1,0,1,1,2),
(1631,3,49,1,1,0,1,1,3),
(1632,4,49,1,1,0,1,1,4),
(1633,5,49,1,0,0,1,1,9),
(1634,6,49,1,0,0,1,1,10),
(1635,7,49,1,0,0,1,1,11),
(1636,8,49,1,0,0,1,1,12),
(1637,9,49,1,0,0,1,1,13),
(1638,10,49,1,0,0,1,1,14),
(1639,11,49,1,0,0,1,1,15),
(1640,12,49,1,1,0,1,1,5),
(1641,13,49,1,0,0,1,1,16),
(1642,14,49,1,1,0,1,1,6),
(1643,15,49,1,0,0,1,0,0),
(1644,16,49,1,0,0,1,0,0),
(1645,17,49,1,0,0,1,0,0),
(1646,18,49,1,0,0,1,0,0),
(1647,19,49,1,0,0,1,1,17),
(1648,20,49,1,0,0,1,1,18),
(1649,21,49,1,0,0,1,1,19),
(1650,22,49,1,0,0,1,1,20),
(1651,23,49,1,0,0,1,1,21),
(1652,24,49,1,0,0,1,1,22),
(1653,25,49,1,0,0,1,1,23),
(1654,26,49,1,0,0,1,1,24),
(1655,27,49,1,0,0,1,1,25),
(1656,28,49,1,0,0,1,1,26),
(1657,29,49,1,0,0,1,1,27),
(1658,30,49,1,0,0,1,1,28),
(1659,31,49,1,0,0,1,0,0),
(1660,32,49,1,0,0,1,0,0),
(1661,33,49,1,0,0,1,1,29),
(1662,34,49,1,0,0,1,1,30),
(1663,35,49,1,0,0,1,0,0),
(1664,36,49,1,1,0,1,1,7),
(1665,37,49,1,0,0,1,1,31),
(1666,38,49,1,0,0,1,1,32),
(1667,39,49,1,0,0,1,1,33),
(1668,40,49,1,1,0,1,1,8),
(1669,41,49,1,0,0,1,1,34),
(1670,42,49,1,0,0,1,0,0),
(1671,43,49,1,0,0,1,1,35),
(1672,44,49,1,0,0,1,1,36),
(1673,1,50,1,1,1,1,1,1),
(1674,2,50,1,1,0,1,1,2),
(1675,3,50,1,1,0,1,1,3),
(1676,4,50,1,1,0,1,1,4),
(1677,5,50,1,0,0,1,1,9),
(1678,6,50,1,0,0,1,1,10),
(1679,7,50,1,0,0,1,1,11),
(1680,8,50,1,0,0,1,1,12),
(1681,9,50,1,0,0,1,1,13),
(1682,10,50,1,0,0,1,1,14),
(1683,11,50,1,0,0,1,1,15),
(1684,12,50,1,1,0,1,1,5),
(1685,13,50,1,0,0,1,1,16),
(1686,14,50,1,1,0,1,1,6),
(1687,15,50,1,0,0,1,0,0),
(1688,16,50,1,0,0,1,0,0),
(1689,17,50,1,0,0,1,0,0),
(1690,18,50,1,0,0,1,0,0),
(1691,19,50,1,1,0,1,1,7),
(1692,20,50,1,1,0,1,1,8),
(1693,21,50,1,0,0,1,1,17),
(1694,22,50,1,0,0,1,1,18),
(1695,23,50,1,0,0,1,1,19),
(1696,24,50,1,0,0,1,1,20),
(1697,25,50,1,0,0,1,1,21),
(1698,26,50,1,0,0,1,1,22),
(1699,27,50,1,0,0,1,1,23),
(1700,28,50,1,0,0,1,1,24),
(1701,29,50,1,0,0,1,1,25),
(1702,30,50,1,0,0,1,1,26),
(1703,31,50,1,0,0,1,0,0),
(1704,32,50,1,0,0,1,0,0),
(1705,33,50,1,0,0,1,1,27),
(1706,34,50,1,0,0,1,1,28),
(1707,35,50,1,0,0,1,0,0),
(1708,36,50,1,0,0,1,1,29),
(1709,37,50,1,0,0,1,1,30),
(1710,38,50,1,0,0,1,1,31),
(1711,39,50,1,0,0,1,1,32),
(1712,40,50,1,0,0,1,1,33),
(1713,41,50,1,0,0,1,1,34),
(1714,42,50,1,0,0,1,0,0),
(1715,43,50,1,0,0,1,1,35),
(1716,44,50,1,0,0,1,1,36),
(1717,1,51,1,1,1,1,1,1),
(1718,2,51,1,1,0,1,1,2),
(1719,3,51,1,1,0,1,1,3),
(1720,4,51,1,0,0,1,1,11),
(1721,5,51,1,0,0,1,1,12),
(1722,6,51,1,0,0,1,1,13),
(1723,7,51,1,0,0,1,1,14),
(1724,8,51,1,0,0,1,1,15),
(1725,9,51,1,0,0,1,1,16),
(1726,10,51,1,0,0,1,1,17),
(1727,11,51,1,0,0,1,1,18),
(1728,12,51,1,1,0,1,1,4),
(1729,13,51,1,0,0,1,1,19),
(1730,14,51,1,1,0,1,1,5),
(1731,15,51,1,0,0,1,0,0),
(1732,16,51,1,0,0,1,0,0),
(1733,17,51,1,0,0,1,0,0),
(1734,18,51,1,0,0,1,0,0),
(1735,19,51,1,1,0,1,1,6),
(1736,20,51,1,1,0,1,1,7),
(1737,21,51,1,0,0,1,1,20),
(1738,22,51,1,0,0,1,1,21),
(1739,23,51,1,0,0,1,1,22),
(1740,24,51,1,0,0,1,1,23),
(1741,25,51,1,0,0,1,1,24),
(1742,26,51,1,0,0,1,1,25),
(1743,27,51,1,0,0,1,1,26),
(1744,28,51,1,0,0,1,1,27),
(1745,29,51,1,0,0,1,1,28),
(1746,30,51,1,1,0,1,1,8),
(1747,31,51,1,0,0,1,0,0),
(1748,32,51,1,0,0,1,0,0),
(1749,33,51,1,0,0,1,1,29),
(1750,34,51,1,0,0,1,1,30),
(1751,35,51,1,0,0,1,0,0),
(1752,36,51,1,0,0,1,1,31),
(1753,37,51,1,0,0,1,1,32),
(1754,38,51,1,0,0,1,1,33),
(1755,39,51,1,0,0,1,1,34),
(1756,40,51,1,0,0,1,1,35),
(1757,41,51,1,0,0,1,1,36),
(1758,42,51,1,0,0,1,0,0),
(1759,43,51,1,1,0,1,1,9),
(1760,44,51,1,0,0,1,1,37),
(1761,1,52,1,1,1,1,1,1),
(1762,2,52,1,1,0,1,1,2),
(1763,3,52,1,1,0,1,1,3),
(1764,4,52,1,1,0,1,1,4),
(1765,5,52,1,0,0,1,1,9),
(1766,6,52,1,0,0,1,1,10),
(1767,7,52,1,0,0,1,1,11),
(1768,8,52,1,0,0,1,1,12),
(1769,9,52,1,0,0,1,1,13),
(1770,10,52,1,0,0,1,1,14),
(1771,11,52,1,0,0,1,1,15),
(1772,12,52,1,1,0,1,1,5),
(1773,13,52,1,0,0,1,1,16),
(1774,14,52,1,1,0,1,1,6),
(1775,15,52,1,0,0,1,0,0),
(1776,16,52,1,0,0,1,0,0),
(1777,17,52,1,0,0,1,0,0),
(1778,18,52,1,0,0,1,0,0),
(1779,19,52,1,1,0,1,1,7),
(1780,20,52,1,1,0,1,1,8),
(1781,21,52,1,0,0,1,1,17),
(1782,22,52,1,0,0,1,1,18),
(1783,23,52,1,0,0,1,1,19),
(1784,24,52,1,0,0,1,1,20),
(1785,25,52,1,0,0,1,1,21),
(1786,26,52,1,0,0,1,1,22),
(1787,27,52,1,0,0,1,1,23),
(1788,28,52,1,0,0,1,1,24),
(1789,29,52,1,0,0,1,1,25),
(1790,30,52,1,0,0,1,1,26),
(1791,31,52,1,0,0,1,0,0),
(1792,32,52,1,0,0,1,0,0),
(1793,33,52,1,0,0,1,1,27),
(1794,34,52,1,0,0,1,1,28),
(1795,35,52,1,0,0,1,0,0),
(1796,36,52,1,0,0,1,1,29),
(1797,37,52,1,0,0,1,1,30),
(1798,38,52,1,0,0,1,1,31),
(1799,39,52,1,0,0,1,1,32),
(1800,40,52,1,0,0,1,1,33),
(1801,41,52,1,0,0,1,1,34),
(1802,42,52,1,0,0,1,0,0),
(1803,43,52,1,0,0,1,1,35),
(1804,44,52,1,0,0,1,1,36),
(1805,1,53,1,1,1,1,1,1),
(1806,2,53,1,1,0,1,1,2),
(1807,3,53,1,1,0,1,1,3),
(1808,4,53,1,1,0,1,1,4),
(1809,5,53,1,0,0,1,1,14),
(1810,6,53,1,0,0,1,1,15),
(1811,7,53,1,0,0,1,1,16),
(1812,8,53,1,0,0,1,1,17),
(1813,9,53,1,0,0,1,1,18),
(1814,10,53,1,0,0,1,1,19),
(1815,11,53,1,0,0,1,1,20),
(1816,12,53,1,1,0,1,1,5),
(1817,13,53,1,1,0,1,1,6),
(1818,14,53,1,0,0,1,1,21),
(1819,15,53,1,0,0,1,0,0),
(1820,16,53,1,0,0,1,0,0),
(1821,17,53,1,0,0,1,0,0),
(1822,18,53,1,0,0,1,0,0),
(1823,19,53,1,1,0,1,1,7),
(1824,20,53,1,0,0,1,1,22),
(1825,21,53,1,0,0,1,1,23),
(1826,22,53,1,0,0,1,1,24),
(1827,23,53,1,0,0,1,1,25),
(1828,24,53,1,0,0,1,1,26),
(1829,25,53,1,0,0,1,1,27),
(1830,26,53,1,0,0,1,1,28),
(1831,27,53,1,0,0,1,1,29),
(1832,28,53,1,0,0,1,1,30),
(1833,29,53,1,0,0,1,1,31),
(1834,30,53,1,0,0,1,1,32),
(1835,31,53,1,0,0,1,0,0),
(1836,32,53,1,0,0,1,0,0),
(1837,33,53,1,0,0,1,1,33),
(1838,34,53,1,0,0,1,1,34),
(1839,35,53,1,0,0,1,0,0),
(1840,36,53,1,1,0,1,1,8),
(1841,37,53,1,1,0,1,1,9),
(1842,38,53,1,1,0,1,1,10),
(1843,39,53,1,1,0,1,1,11),
(1844,40,53,1,1,0,1,1,12),
(1845,41,53,1,1,0,1,1,13),
(1846,42,53,1,0,0,1,0,0),
(1847,43,53,1,0,0,1,1,35),
(1848,44,53,1,0,0,1,1,36),
(1849,1,54,1,1,1,1,1,1),
(1850,2,54,1,1,0,1,1,2),
(1851,3,54,1,1,0,1,1,3),
(1852,4,54,1,1,0,1,1,4),
(1853,5,54,1,0,0,1,1,13),
(1854,6,54,1,0,0,1,1,14),
(1855,7,54,1,0,0,1,1,15),
(1856,8,54,1,0,0,1,1,16),
(1857,9,54,1,0,0,1,1,17),
(1858,10,54,1,0,0,1,1,18),
(1859,11,54,1,0,0,1,1,19),
(1860,12,54,1,1,0,1,1,5),
(1861,13,54,1,0,0,1,1,20),
(1862,14,54,1,0,0,1,1,21),
(1863,15,54,1,0,0,1,0,0),
(1864,16,54,1,0,0,1,0,0),
(1865,17,54,1,0,0,1,0,0),
(1866,18,54,1,0,0,1,0,0),
(1867,19,54,1,0,0,1,1,22),
(1868,20,54,1,1,0,1,1,6),
(1869,21,54,1,0,0,1,1,23),
(1870,22,54,1,0,0,1,1,24),
(1871,23,54,1,0,0,1,1,25),
(1872,24,54,1,0,0,1,1,26),
(1873,25,54,1,0,0,1,1,27),
(1874,26,54,1,0,0,1,1,28),
(1875,27,54,1,0,0,1,1,29),
(1876,28,54,1,0,0,1,1,30),
(1877,29,54,1,0,0,1,1,31),
(1878,30,54,1,0,0,1,1,32),
(1879,31,54,1,0,0,1,0,0),
(1880,32,54,1,0,0,1,0,0),
(1881,33,54,1,0,0,1,1,33),
(1882,34,54,1,0,0,1,1,34),
(1883,35,54,1,0,0,1,0,0),
(1884,36,54,1,1,0,1,1,7),
(1885,37,54,1,1,0,1,1,8),
(1886,38,54,1,1,0,1,1,9),
(1887,39,54,1,1,0,1,1,10),
(1888,40,54,1,1,0,1,1,11),
(1889,41,54,1,1,0,1,1,12),
(1890,42,54,1,0,0,1,0,0),
(1891,43,54,1,0,0,1,1,35),
(1892,44,54,1,0,0,1,1,36),
(1893,1,55,1,1,1,1,1,1),
(1894,2,55,1,1,0,1,1,2),
(1895,3,55,1,1,0,1,1,3),
(1896,4,55,1,1,0,1,1,4),
(1897,5,55,1,0,0,1,1,13),
(1898,6,55,1,0,0,1,1,14),
(1899,7,55,1,0,0,1,1,15),
(1900,8,55,1,0,0,1,1,16),
(1901,9,55,1,0,0,1,1,17),
(1902,10,55,1,0,0,1,1,18),
(1903,11,55,1,0,0,1,1,19),
(1904,12,55,1,1,0,1,1,5),
(1905,13,55,1,0,0,1,1,20),
(1906,14,55,1,0,0,1,1,21),
(1907,15,55,1,0,0,1,0,0),
(1908,16,55,1,0,0,1,0,0),
(1909,17,55,1,0,0,1,0,0),
(1910,18,55,1,0,0,1,0,0),
(1911,19,55,1,0,0,1,1,22),
(1912,20,55,1,1,0,1,1,6),
(1913,21,55,1,0,0,1,1,23),
(1914,22,55,1,0,0,1,1,24),
(1915,23,55,1,0,0,1,1,25),
(1916,24,55,1,0,0,1,1,26),
(1917,25,55,1,0,0,1,1,27),
(1918,26,55,1,0,0,1,1,28),
(1919,27,55,1,0,0,1,1,29),
(1920,28,55,1,0,0,1,1,30),
(1921,29,55,1,0,0,1,1,31),
(1922,30,55,1,0,0,1,1,32),
(1923,31,55,1,0,0,1,0,0),
(1924,32,55,1,0,0,1,0,0),
(1925,33,55,1,0,0,1,1,33),
(1926,34,55,1,0,0,1,1,34),
(1927,35,55,1,0,0,1,0,0),
(1928,36,55,1,1,0,1,1,7),
(1929,37,55,1,1,0,1,1,8),
(1930,38,55,1,1,0,1,1,9),
(1931,39,55,1,1,0,1,1,10),
(1932,40,55,1,1,0,1,1,11),
(1933,41,55,1,1,0,1,1,12),
(1934,42,55,1,0,0,1,0,0),
(1935,43,55,1,0,0,1,1,35),
(1936,44,55,1,0,0,1,1,36),
(1937,1,56,1,1,1,1,1,1),
(1938,2,56,1,1,0,1,1,2),
(1939,3,56,1,1,0,1,1,3),
(1940,4,56,1,1,0,1,1,4),
(1941,5,56,1,0,0,1,1,14),
(1942,6,56,1,0,0,1,1,15),
(1943,7,56,1,0,0,1,1,16),
(1944,8,56,1,0,0,1,1,17),
(1945,9,56,1,0,0,1,1,18),
(1946,10,56,1,0,0,1,1,19),
(1947,11,56,1,0,0,1,1,20),
(1948,12,56,1,1,0,1,1,5),
(1949,13,56,1,0,0,1,1,21),
(1950,14,56,1,0,0,1,1,22),
(1951,15,56,1,0,0,1,0,0),
(1952,16,56,1,0,0,1,0,0),
(1953,17,56,1,0,0,1,0,0),
(1954,18,56,1,0,0,1,0,0),
(1955,19,56,1,1,0,1,1,6),
(1956,20,56,1,1,0,1,1,7),
(1957,21,56,1,0,0,1,1,23),
(1958,22,56,1,0,0,1,1,24),
(1959,23,56,1,0,0,1,1,25),
(1960,24,56,1,0,0,1,1,26),
(1961,25,56,1,0,0,1,1,27),
(1962,26,56,1,0,0,1,1,28),
(1963,27,56,1,0,0,1,1,29),
(1964,28,56,1,0,0,1,1,30),
(1965,29,56,1,0,0,1,1,31),
(1966,30,56,1,0,0,1,1,32),
(1967,31,56,1,0,0,1,0,0),
(1968,32,56,1,0,0,1,0,0),
(1969,33,56,1,0,0,1,1,33),
(1970,34,56,1,0,0,1,1,34),
(1971,35,56,1,0,0,1,0,0),
(1972,36,56,1,1,0,1,1,8),
(1973,37,56,1,1,0,1,1,9),
(1974,38,56,1,1,0,1,1,10),
(1975,39,56,1,1,0,1,1,11),
(1976,40,56,1,1,0,1,1,12),
(1977,41,56,1,1,0,1,1,13),
(1978,42,56,1,0,0,1,0,0),
(1979,43,56,1,0,0,1,1,35),
(1980,44,56,1,0,0,1,1,36),
(1981,1,57,1,1,1,1,1,1),
(1982,2,57,1,1,0,1,1,2),
(1983,3,57,1,1,0,1,1,3),
(1984,4,57,1,1,0,1,1,4),
(1985,5,57,1,0,0,1,1,14),
(1986,6,57,1,0,0,1,1,15),
(1987,7,57,1,0,0,1,1,16),
(1988,8,57,1,0,0,1,1,17),
(1989,9,57,1,0,0,1,1,18),
(1990,10,57,1,0,0,1,1,19),
(1991,11,57,1,0,0,1,1,20),
(1992,12,57,1,1,0,1,1,5),
(1993,13,57,1,0,0,1,1,21),
(1994,14,57,1,0,0,1,1,22),
(1995,15,57,1,0,0,1,0,0),
(1996,16,57,1,0,0,1,0,0),
(1997,17,57,1,0,0,1,0,0),
(1998,18,57,1,0,0,1,0,0),
(1999,19,57,1,1,0,1,1,6),
(2000,20,57,1,1,0,1,1,7),
(2001,21,57,1,0,0,1,1,23),
(2002,22,57,1,0,0,1,1,24),
(2003,23,57,1,0,0,1,1,25),
(2004,24,57,1,0,0,1,1,26),
(2005,25,57,1,0,0,1,1,27),
(2006,26,57,1,0,0,1,1,28),
(2007,27,57,1,0,0,1,1,29),
(2008,28,57,1,0,0,1,1,30),
(2009,29,57,1,0,0,1,1,31),
(2010,30,57,1,0,0,1,1,32),
(2011,31,57,1,0,0,1,0,0),
(2012,32,57,1,0,0,1,0,0),
(2013,33,57,1,0,0,1,1,33),
(2014,34,57,1,0,0,1,1,34),
(2015,35,57,1,0,0,1,0,0),
(2016,36,57,1,1,0,1,1,8),
(2017,37,57,1,1,0,1,1,9),
(2018,38,57,1,1,0,1,1,10),
(2019,39,57,1,1,0,1,1,11),
(2020,40,57,1,1,0,1,1,12),
(2021,41,57,1,1,0,1,1,13),
(2022,42,57,1,0,0,1,0,0),
(2023,43,57,1,0,0,1,1,35),
(2024,44,57,1,0,0,1,1,36),
(2025,1,58,1,1,1,1,1,1),
(2026,2,58,1,1,0,1,1,2),
(2027,3,58,1,1,0,1,1,3),
(2028,4,58,1,1,0,1,1,4),
(2029,5,58,1,0,0,1,1,14),
(2030,6,58,1,0,0,1,1,15),
(2031,7,58,1,0,0,1,1,16),
(2032,8,58,1,0,0,1,1,17),
(2033,9,58,1,0,0,1,1,18),
(2034,10,58,1,0,0,1,1,19),
(2035,11,58,1,0,0,1,1,20),
(2036,12,58,1,1,0,1,1,5),
(2037,13,58,1,0,0,1,1,21),
(2038,14,58,1,0,0,1,1,22),
(2039,15,58,1,0,0,1,0,0),
(2040,16,58,1,0,0,1,0,0),
(2041,17,58,1,0,0,1,0,0),
(2042,18,58,1,0,0,1,0,0),
(2043,19,58,1,1,0,1,1,6),
(2044,20,58,1,1,0,1,1,7),
(2045,21,58,1,0,0,1,1,23),
(2046,22,58,1,0,0,1,1,24),
(2047,23,58,1,0,0,1,1,25),
(2048,24,58,1,0,0,1,1,26),
(2049,25,58,1,0,0,1,1,27),
(2050,26,58,1,0,0,1,1,28),
(2051,27,58,1,0,0,1,1,29),
(2052,28,58,1,0,0,1,1,30),
(2053,29,58,1,0,0,1,1,31),
(2054,30,58,1,0,0,1,1,32),
(2055,31,58,1,0,0,1,0,0),
(2056,32,58,1,0,0,1,0,0),
(2057,33,58,1,0,0,1,1,33),
(2058,34,58,1,0,0,1,1,34),
(2059,35,58,1,0,0,1,0,0),
(2060,36,58,1,1,0,1,1,8),
(2061,37,58,1,1,0,1,1,9),
(2062,38,58,1,1,0,1,1,10),
(2063,39,58,1,1,0,1,1,11),
(2064,40,58,1,1,0,1,1,12),
(2065,41,58,1,1,0,1,1,13),
(2066,42,58,1,0,0,1,0,0),
(2067,43,58,1,0,0,1,1,35),
(2068,44,58,1,0,0,1,1,36),
(2069,1,59,1,1,1,1,1,1),
(2070,2,59,1,1,0,1,1,2),
(2071,3,59,1,1,0,1,1,3),
(2072,4,59,1,1,0,1,1,4),
(2073,5,59,1,0,0,1,1,14),
(2074,6,59,1,0,0,1,1,15),
(2075,7,59,1,0,0,1,1,16),
(2076,8,59,1,0,0,1,1,17),
(2077,9,59,1,0,0,1,1,18),
(2078,10,59,1,0,0,1,1,19),
(2079,11,59,1,0,0,1,1,20),
(2080,12,59,1,1,0,1,1,5),
(2081,13,59,1,0,0,1,1,21),
(2082,14,59,1,0,0,1,1,22),
(2083,15,59,1,0,0,1,0,0),
(2084,16,59,1,0,0,1,0,0),
(2085,17,59,1,0,0,1,0,0),
(2086,18,59,1,0,0,1,0,0),
(2087,19,59,1,1,0,1,1,6),
(2088,20,59,1,1,0,1,1,7),
(2089,21,59,1,0,0,1,1,23),
(2090,22,59,1,0,0,1,1,24),
(2091,23,59,1,0,0,1,1,25),
(2092,24,59,1,0,0,1,1,26),
(2093,25,59,1,0,0,1,1,27),
(2094,26,59,1,0,0,1,1,28),
(2095,27,59,1,0,0,1,1,29),
(2096,28,59,1,0,0,1,1,30),
(2097,29,59,1,0,0,1,1,31),
(2098,30,59,1,0,0,1,1,32),
(2099,31,59,1,0,0,1,0,0),
(2100,32,59,1,0,0,1,0,0),
(2101,33,59,1,0,0,1,1,33),
(2102,34,59,1,0,0,1,1,34),
(2103,35,59,1,0,0,1,0,0),
(2104,36,59,1,1,0,1,1,8),
(2105,37,59,1,1,0,1,1,9),
(2106,38,59,1,1,0,1,1,10),
(2107,39,59,1,1,0,1,1,11),
(2108,40,59,1,1,0,1,1,12),
(2109,41,59,1,1,0,1,1,13),
(2110,42,59,1,0,0,1,0,0),
(2111,43,59,1,0,0,1,1,35),
(2112,44,59,1,0,0,1,1,36),
(2113,1,60,1,1,1,1,1,1),
(2114,2,60,1,1,0,1,1,2),
(2115,3,60,1,1,0,1,1,3),
(2116,4,60,1,1,0,1,1,4),
(2117,5,60,1,0,0,1,1,16),
(2118,6,60,1,0,0,1,1,17),
(2119,7,60,1,0,0,1,1,18),
(2120,8,60,1,0,0,1,1,19),
(2121,9,60,1,0,0,1,1,20),
(2122,10,60,1,0,0,1,1,21),
(2123,11,60,1,0,0,1,1,22),
(2124,12,60,1,1,0,1,1,5),
(2125,13,60,1,0,0,1,1,23),
(2126,14,60,1,0,0,1,1,24),
(2127,15,60,1,0,0,1,0,0),
(2128,16,60,1,0,0,1,0,0),
(2129,17,60,1,0,0,1,0,0),
(2130,18,60,1,0,0,1,0,0),
(2131,19,60,1,1,0,1,1,6),
(2132,20,60,1,1,0,1,1,7),
(2133,21,60,1,0,0,1,1,25),
(2134,22,60,1,0,0,1,1,26),
(2135,23,60,1,0,0,1,1,27),
(2136,24,60,1,0,0,1,1,28),
(2137,25,60,1,0,0,1,1,29),
(2138,26,60,1,0,0,1,1,30),
(2139,27,60,1,0,0,1,1,31),
(2140,28,60,1,0,0,1,1,32),
(2141,29,60,1,0,0,1,1,33),
(2142,30,60,1,1,0,1,1,8),
(2143,31,60,1,0,0,1,0,0),
(2144,32,60,1,0,0,1,0,0),
(2145,33,60,1,0,0,1,1,34),
(2146,34,60,1,0,0,1,1,35),
(2147,35,60,1,0,0,1,0,0),
(2148,36,60,1,1,0,1,1,9),
(2149,37,60,1,1,0,1,1,10),
(2150,38,60,1,1,0,1,1,11),
(2151,39,60,1,1,0,1,1,12),
(2152,40,60,1,1,0,1,1,13),
(2153,41,60,1,1,0,1,1,14),
(2154,42,60,1,0,0,1,0,0),
(2155,43,60,1,1,0,1,1,15),
(2156,44,60,1,0,0,1,1,36),
(2157,1,61,1,1,1,1,1,1),
(2158,2,61,1,1,0,1,1,2),
(2159,3,61,1,1,0,1,1,3),
(2160,4,61,1,1,0,1,1,4),
(2161,5,61,1,0,0,1,1,14),
(2162,6,61,1,0,0,1,1,15),
(2163,7,61,1,0,0,1,1,16),
(2164,8,61,1,0,0,1,1,17),
(2165,9,61,1,0,0,1,1,18),
(2166,10,61,1,0,0,1,1,19),
(2167,11,61,1,0,0,1,1,20),
(2168,12,61,1,1,0,1,1,5),
(2169,13,61,1,1,0,1,1,6),
(2170,14,61,1,0,0,1,1,21),
(2171,15,61,1,0,0,1,0,0),
(2172,16,61,1,0,0,1,0,0),
(2173,17,61,1,0,0,1,0,0),
(2174,18,61,1,0,0,1,0,0),
(2175,19,61,1,1,0,1,1,7),
(2176,20,61,1,0,0,1,1,22),
(2177,21,61,1,0,0,1,1,23),
(2178,22,61,1,0,0,1,1,24),
(2179,23,61,1,0,0,1,1,25),
(2180,24,61,1,0,0,1,1,26),
(2181,25,61,1,0,0,1,1,27),
(2182,26,61,1,0,0,1,1,28),
(2183,27,61,1,0,0,1,1,29),
(2184,28,61,1,0,0,1,1,30),
(2185,29,61,1,0,0,1,1,31),
(2186,30,61,1,0,0,1,1,32),
(2187,31,61,1,0,0,1,0,0),
(2188,32,61,1,0,0,1,0,0),
(2189,33,61,1,0,0,1,1,33),
(2190,34,61,1,0,0,1,1,34),
(2191,35,61,1,0,0,1,0,0),
(2192,36,61,1,1,0,1,1,8),
(2193,37,61,1,1,0,1,1,9),
(2194,38,61,1,1,0,1,1,10),
(2195,39,61,1,1,0,1,1,11),
(2196,40,61,1,1,0,1,1,12),
(2197,41,61,1,1,0,1,1,13),
(2198,42,61,1,0,0,1,0,0),
(2199,43,61,1,0,0,1,1,35),
(2200,44,61,1,0,0,1,1,36),
(2201,1,62,1,1,1,1,1,1),
(2202,2,62,1,1,0,1,1,2),
(2203,3,62,1,1,0,1,1,3),
(2204,4,62,1,1,0,1,1,4),
(2205,5,62,1,0,0,1,1,14),
(2206,6,62,1,0,0,1,1,15),
(2207,7,62,1,0,0,1,1,16),
(2208,8,62,1,0,0,1,1,17),
(2209,9,62,1,0,0,1,1,18),
(2210,10,62,1,0,0,1,1,19),
(2211,11,62,1,0,0,1,1,20),
(2212,12,62,1,1,0,1,1,5),
(2213,13,62,1,0,0,1,1,21),
(2214,14,62,1,0,0,1,1,22),
(2215,15,62,1,0,0,1,0,0),
(2216,16,62,1,0,0,1,0,0),
(2217,17,62,1,0,0,1,0,0),
(2218,18,62,1,0,0,1,0,0),
(2219,19,62,1,1,0,1,1,6),
(2220,20,62,1,1,0,1,1,7),
(2221,21,62,1,0,0,1,1,23),
(2222,22,62,1,0,0,1,1,24),
(2223,23,62,1,0,0,1,1,25),
(2224,24,62,1,0,0,1,1,26),
(2225,25,62,1,0,0,1,1,27),
(2226,26,62,1,0,0,1,1,28),
(2227,27,62,1,0,0,1,1,29),
(2228,28,62,1,0,0,1,1,30),
(2229,29,62,1,0,0,1,1,31),
(2230,30,62,1,0,0,1,1,32),
(2231,31,62,1,0,0,1,0,0),
(2232,32,62,1,0,0,1,0,0),
(2233,33,62,1,0,0,1,1,33),
(2234,34,62,1,0,0,1,1,34),
(2235,35,62,1,0,0,1,0,0),
(2236,36,62,1,1,0,1,1,8),
(2237,37,62,1,1,0,1,1,9),
(2238,38,62,1,1,0,1,1,10),
(2239,39,62,1,1,0,1,1,11),
(2240,40,62,1,1,0,1,1,12),
(2241,41,62,1,1,0,1,1,13),
(2242,42,62,1,0,0,1,0,0),
(2243,43,62,1,0,0,1,1,35),
(2244,44,62,1,0,0,1,1,36),
(2245,1,63,1,1,1,1,1,1),
(2246,2,63,1,1,0,1,1,2),
(2247,3,63,1,1,0,1,1,3),
(2248,4,63,1,1,0,1,1,4),
(2249,5,63,1,0,0,1,1,14),
(2250,6,63,1,0,0,1,1,15),
(2251,7,63,1,0,0,1,1,16),
(2252,8,63,1,0,0,1,1,17),
(2253,9,63,1,0,0,1,1,18),
(2254,10,63,1,0,0,1,1,19),
(2255,11,63,1,0,0,1,1,20),
(2256,12,63,1,1,0,1,1,5),
(2257,13,63,1,0,0,1,1,21),
(2258,14,63,1,0,0,1,1,22),
(2259,15,63,1,0,0,1,0,0),
(2260,16,63,1,0,0,1,0,0),
(2261,17,63,1,0,0,1,0,0),
(2262,18,63,1,0,0,1,0,0),
(2263,19,63,1,1,0,1,1,6),
(2264,20,63,1,1,0,1,1,7),
(2265,21,63,1,0,0,1,1,23),
(2266,22,63,1,0,0,1,1,24),
(2267,23,63,1,0,0,1,1,25),
(2268,24,63,1,0,0,1,1,26),
(2269,25,63,1,0,0,1,1,27),
(2270,26,63,1,0,0,1,1,28),
(2271,27,63,1,0,0,1,1,29),
(2272,28,63,1,0,0,1,1,30),
(2273,29,63,1,0,0,1,1,31),
(2274,30,63,1,0,0,1,1,32),
(2275,31,63,1,0,0,1,0,0),
(2276,32,63,1,0,0,1,0,0),
(2277,33,63,1,0,0,1,1,33),
(2278,34,63,1,0,0,1,1,34),
(2279,35,63,1,0,0,1,0,0),
(2280,36,63,1,1,0,1,1,8),
(2281,37,63,1,1,0,1,1,9),
(2282,38,63,1,1,0,1,1,10),
(2283,39,63,1,1,0,1,1,11),
(2284,40,63,1,1,0,1,1,12),
(2285,41,63,1,1,0,1,1,13),
(2286,42,63,1,0,0,1,0,0),
(2287,43,63,1,0,0,1,1,35),
(2288,44,63,1,0,0,1,1,36),
(2289,1,64,1,1,1,1,1,1),
(2290,2,64,1,1,0,1,1,2),
(2291,3,64,1,1,0,1,1,3),
(2292,4,64,1,1,0,1,1,4),
(2293,5,64,1,0,0,1,1,13),
(2294,6,64,1,0,0,1,1,14),
(2295,7,64,1,0,0,1,1,15),
(2296,8,64,1,0,0,1,1,16),
(2297,9,64,1,0,0,1,1,17),
(2298,10,64,1,0,0,1,1,18),
(2299,11,64,1,0,0,1,1,19),
(2300,12,64,1,1,0,1,1,5),
(2301,13,64,1,1,0,1,1,6),
(2302,14,64,1,0,0,1,1,20),
(2303,15,64,1,0,0,1,0,0),
(2304,16,64,1,0,0,1,0,0),
(2305,17,64,1,0,0,1,0,0),
(2306,18,64,1,0,0,1,0,0),
(2307,19,64,1,0,0,1,1,21),
(2308,20,64,1,0,0,1,1,22),
(2309,21,64,1,0,0,1,1,23),
(2310,22,64,1,0,0,1,1,24),
(2311,23,64,1,0,0,1,1,25),
(2312,24,64,1,0,0,1,1,26),
(2313,25,64,1,0,0,1,1,27),
(2314,26,64,1,0,0,1,1,28),
(2315,27,64,1,0,0,1,1,29),
(2316,28,64,1,0,0,1,1,30),
(2317,29,64,1,0,0,1,1,31),
(2318,30,64,1,0,0,1,1,32),
(2319,31,64,1,0,0,1,0,0),
(2320,32,64,1,0,0,1,0,0),
(2321,33,64,1,0,0,1,1,33),
(2322,34,64,1,0,0,1,1,34),
(2323,35,64,1,0,0,1,0,0),
(2324,36,64,1,1,0,1,1,7),
(2325,37,64,1,1,0,1,1,8),
(2326,38,64,1,1,0,1,1,9),
(2327,39,64,1,1,0,1,1,10),
(2328,40,64,1,1,0,1,1,11),
(2329,41,64,1,1,0,1,1,12),
(2330,42,64,1,0,0,1,0,0),
(2331,43,64,1,0,0,1,1,35),
(2332,44,64,1,0,0,1,1,36),
(2333,1,65,1,1,1,1,1,1),
(2334,2,65,1,1,0,1,1,2),
(2335,3,65,1,1,0,1,1,3),
(2336,4,65,1,1,0,1,1,4),
(2337,5,65,1,0,0,1,1,13),
(2338,6,65,1,0,0,1,1,14),
(2339,7,65,1,0,0,1,1,15),
(2340,8,65,1,0,0,1,1,16),
(2341,9,65,1,0,0,1,1,17),
(2342,10,65,1,0,0,1,1,18),
(2343,11,65,1,0,0,1,1,19),
(2344,12,65,1,1,0,1,1,5),
(2345,13,65,1,1,0,1,1,6),
(2346,14,65,1,0,0,1,1,20),
(2347,15,65,1,0,0,1,0,0),
(2348,16,65,1,0,0,1,0,0),
(2349,17,65,1,0,0,1,0,0),
(2350,18,65,1,0,0,1,0,0),
(2351,19,65,1,0,0,1,1,21),
(2352,20,65,1,0,0,1,1,22),
(2353,21,65,1,0,0,1,1,23),
(2354,22,65,1,0,0,1,1,24),
(2355,23,65,1,0,0,1,1,25),
(2356,24,65,1,0,0,1,1,26),
(2357,25,65,1,0,0,1,1,27),
(2358,26,65,1,0,0,1,1,28),
(2359,27,65,1,0,0,1,1,29),
(2360,28,65,1,0,0,1,1,30),
(2361,29,65,1,0,0,1,1,31),
(2362,30,65,1,0,0,1,1,32),
(2363,31,65,1,0,0,1,0,0),
(2364,32,65,1,0,0,1,0,0),
(2365,33,65,1,0,0,1,1,33),
(2366,34,65,1,0,0,1,1,34),
(2367,35,65,1,0,0,1,0,0),
(2368,36,65,1,1,0,1,1,7),
(2369,37,65,1,1,0,1,1,8),
(2370,38,65,1,1,0,1,1,9),
(2371,39,65,1,1,0,1,1,10),
(2372,40,65,1,1,0,1,1,11),
(2373,41,65,1,1,0,1,1,12),
(2374,42,65,1,0,0,1,0,0),
(2375,43,65,1,0,0,1,1,35),
(2376,44,65,1,0,0,1,1,36),
(2377,1,66,1,1,1,1,1,1),
(2378,2,66,1,1,0,1,1,2),
(2379,3,66,1,1,0,1,1,3),
(2380,4,66,1,1,0,1,1,4),
(2381,5,66,1,0,0,1,1,13),
(2382,6,66,1,0,0,1,1,14),
(2383,7,66,1,0,0,1,1,15),
(2384,8,66,1,0,0,1,1,16),
(2385,9,66,1,0,0,1,1,17),
(2386,10,66,1,0,0,1,1,18),
(2387,11,66,1,0,0,1,1,19),
(2388,12,66,1,1,0,1,1,5),
(2389,13,66,1,1,0,1,1,6),
(2390,14,66,1,0,0,1,1,20),
(2391,15,66,1,0,0,1,0,0),
(2392,16,66,1,0,0,1,0,0),
(2393,17,66,1,0,0,1,0,0),
(2394,18,66,1,0,0,1,0,0),
(2395,19,66,1,0,0,1,1,21),
(2396,20,66,1,0,0,1,1,22),
(2397,21,66,1,0,0,1,1,23),
(2398,22,66,1,0,0,1,1,24),
(2399,23,66,1,0,0,1,1,25),
(2400,24,66,1,0,0,1,1,26),
(2401,25,66,1,0,0,1,1,27),
(2402,26,66,1,0,0,1,1,28),
(2403,27,66,1,0,0,1,1,29),
(2404,28,66,1,0,0,1,1,30),
(2405,29,66,1,0,0,1,1,31),
(2406,30,66,1,0,0,1,1,32),
(2407,31,66,1,0,0,1,0,0),
(2408,32,66,1,0,0,1,0,0),
(2409,33,66,1,0,0,1,1,33),
(2410,34,66,1,0,0,1,1,34),
(2411,35,66,1,0,0,1,0,0),
(2412,36,66,1,1,0,1,1,7),
(2413,37,66,1,1,0,1,1,8),
(2414,38,66,1,1,0,1,1,9),
(2415,39,66,1,1,0,1,1,10),
(2416,40,66,1,1,0,1,1,11),
(2417,41,66,1,1,0,1,1,12),
(2418,42,66,1,0,0,1,0,0),
(2419,43,66,1,0,0,1,1,35),
(2420,44,66,1,0,0,1,1,36),
(2421,1,67,1,1,1,1,1,1),
(2422,2,67,1,1,0,1,1,2),
(2423,3,67,1,1,0,1,1,3),
(2424,4,67,1,1,0,1,1,4),
(2425,5,67,1,0,0,1,1,13),
(2426,6,67,1,0,0,1,1,14),
(2427,7,67,1,0,0,1,1,15),
(2428,8,67,1,0,0,1,1,16),
(2429,9,67,1,0,0,1,1,17),
(2430,10,67,1,0,0,1,1,18),
(2431,11,67,1,0,0,1,1,19),
(2432,12,67,1,1,0,1,1,5),
(2433,13,67,1,1,0,1,1,6),
(2434,14,67,1,0,0,1,1,20),
(2435,15,67,1,0,0,1,0,0),
(2436,16,67,1,0,0,1,0,0),
(2437,17,67,1,0,0,1,0,0),
(2438,18,67,1,0,0,1,0,0),
(2439,19,67,1,0,0,1,1,21),
(2440,20,67,1,0,0,1,1,22),
(2441,21,67,1,0,0,1,1,23),
(2442,22,67,1,0,0,1,1,24),
(2443,23,67,1,0,0,1,1,25),
(2444,24,67,1,0,0,1,1,26),
(2445,25,67,1,0,0,1,1,27),
(2446,26,67,1,0,0,1,1,28),
(2447,27,67,1,0,0,1,1,29),
(2448,28,67,1,0,0,1,1,30),
(2449,29,67,1,0,0,1,1,31),
(2450,30,67,1,0,0,1,1,32),
(2451,31,67,1,0,0,1,0,0),
(2452,32,67,1,0,0,1,0,0),
(2453,33,67,1,0,0,1,1,33),
(2454,34,67,1,0,0,1,1,34),
(2455,35,67,1,0,0,1,0,0),
(2456,36,67,1,1,0,1,1,7),
(2457,37,67,1,1,0,1,1,8),
(2458,38,67,1,1,0,1,1,9),
(2459,39,67,1,1,0,1,1,10),
(2460,40,67,1,1,0,1,1,11),
(2461,41,67,1,1,0,1,1,12),
(2462,42,67,1,0,0,1,0,0),
(2463,43,67,1,0,0,1,1,35),
(2464,44,67,1,0,0,1,1,36),
(2465,1,68,1,1,1,1,1,1),
(2466,2,68,1,1,0,1,1,2),
(2467,3,68,1,1,0,1,1,3),
(2468,4,68,1,1,0,1,1,4),
(2469,5,68,1,0,0,1,1,14),
(2470,6,68,1,0,0,1,1,15),
(2471,7,68,1,0,0,1,1,16),
(2472,8,68,1,0,0,1,1,17),
(2473,9,68,1,0,0,1,1,18),
(2474,10,68,1,0,0,1,1,19),
(2475,11,68,1,0,0,1,1,20),
(2476,12,68,1,1,0,1,1,5),
(2477,13,68,1,1,0,1,1,6),
(2478,14,68,1,0,0,1,1,21),
(2479,15,68,1,0,0,1,0,0),
(2480,16,68,1,0,0,1,0,0),
(2481,17,68,1,0,0,1,0,0),
(2482,18,68,1,0,0,1,0,0),
(2483,19,68,1,0,0,1,1,22),
(2484,20,68,1,0,0,1,1,23),
(2485,21,68,1,0,0,1,1,24),
(2486,22,68,1,0,0,1,1,25),
(2487,23,68,1,0,0,1,1,26),
(2488,24,68,1,0,0,1,1,27),
(2489,25,68,1,0,0,1,1,28),
(2490,26,68,1,0,0,1,1,29),
(2491,27,68,1,0,0,1,1,30),
(2492,28,68,1,0,0,1,1,31),
(2493,29,68,1,0,0,1,1,32),
(2494,30,68,1,1,0,1,1,7),
(2495,31,68,1,0,0,1,0,0),
(2496,32,68,1,0,0,1,0,0),
(2497,33,68,1,0,0,1,1,33),
(2498,34,68,1,0,0,1,1,34),
(2499,35,68,1,0,0,1,0,0),
(2500,36,68,1,1,0,1,1,8),
(2501,37,68,1,1,0,1,1,9),
(2502,38,68,1,1,0,1,1,10),
(2503,39,68,1,1,0,1,1,11),
(2504,40,68,1,1,0,1,1,12),
(2505,41,68,1,1,0,1,1,13),
(2506,42,68,1,0,0,1,0,0),
(2507,43,68,1,0,0,1,1,35),
(2508,44,68,1,0,0,1,1,36),
(2509,1,69,1,1,1,1,1,1),
(2510,2,69,1,1,0,1,1,2),
(2511,3,69,1,1,0,1,1,3),
(2512,4,69,1,1,0,1,1,4),
(2513,5,69,1,0,0,1,1,13),
(2514,6,69,1,0,0,1,1,14),
(2515,7,69,1,0,0,1,1,15),
(2516,8,69,1,0,0,1,1,16),
(2517,9,69,1,0,0,1,1,17),
(2518,10,69,1,0,0,1,1,18),
(2519,11,69,1,0,0,1,1,19),
(2520,12,69,1,0,0,1,1,20),
(2521,13,69,1,1,0,1,1,5),
(2522,14,69,1,0,0,1,1,21),
(2523,15,69,1,0,0,1,0,0),
(2524,16,69,1,0,0,1,0,0),
(2525,17,69,1,0,0,1,0,0),
(2526,18,69,1,0,0,1,0,0),
(2527,19,69,1,0,0,1,1,22),
(2528,20,69,1,0,0,1,1,23),
(2529,21,69,1,0,0,1,1,24),
(2530,22,69,1,0,0,1,1,25),
(2531,23,69,1,0,0,1,1,26),
(2532,24,69,1,0,0,1,1,27),
(2533,25,69,1,0,0,1,1,28),
(2534,26,69,1,0,0,1,1,29),
(2535,27,69,1,0,0,1,1,30),
(2536,28,69,1,0,0,1,1,31),
(2537,29,69,1,0,0,1,1,32),
(2538,30,69,1,0,0,1,1,33),
(2539,31,69,1,0,0,1,0,0),
(2540,32,69,1,0,0,1,0,0),
(2541,33,69,1,0,0,1,1,34),
(2542,34,69,1,0,0,1,1,35),
(2543,35,69,1,0,0,1,0,0),
(2544,36,69,1,1,0,1,1,6),
(2545,37,69,1,1,0,1,1,7),
(2546,38,69,1,1,0,1,1,8),
(2547,39,69,1,1,0,1,1,9),
(2548,40,69,1,1,0,1,1,10),
(2549,41,69,1,1,0,1,1,11),
(2550,42,69,1,0,0,1,0,0),
(2551,43,69,1,0,0,1,1,36),
(2552,44,69,1,0,0,1,1,37),
(2553,1,70,1,1,1,1,1,1),
(2554,2,70,1,1,0,1,1,2),
(2555,3,70,1,1,0,1,1,3),
(2556,4,70,1,1,0,1,1,4),
(2557,5,70,1,0,0,1,1,14),
(2558,6,70,1,0,0,1,1,15),
(2559,7,70,1,0,0,1,1,16),
(2560,8,70,1,0,0,1,1,17),
(2561,9,70,1,0,0,1,1,18),
(2562,10,70,1,0,0,1,1,19),
(2563,11,70,1,0,0,1,1,20),
(2564,12,70,1,1,0,1,1,5),
(2565,13,70,1,1,0,1,1,6),
(2566,14,70,1,0,0,1,1,21),
(2567,15,70,1,0,0,1,0,0),
(2568,16,70,1,0,0,1,0,0),
(2569,17,70,1,0,0,1,0,0),
(2570,18,70,1,0,0,1,0,0),
(2571,19,70,1,1,0,1,1,7),
(2572,20,70,1,0,0,1,1,22),
(2573,21,70,1,0,0,1,1,23),
(2574,22,70,1,0,0,1,1,24),
(2575,23,70,1,0,0,1,1,25),
(2576,24,70,1,0,0,1,1,26),
(2577,25,70,1,0,0,1,1,27),
(2578,26,70,1,0,0,1,1,28),
(2579,27,70,1,0,0,1,1,29),
(2580,28,70,1,0,0,1,1,30),
(2581,29,70,1,0,0,1,1,31),
(2582,30,70,1,0,0,1,1,32),
(2583,31,70,1,0,0,1,0,0),
(2584,32,70,1,0,0,1,0,0),
(2585,33,70,1,0,0,1,1,33),
(2586,34,70,1,0,0,1,1,34),
(2587,35,70,1,0,0,1,0,0),
(2588,36,70,1,1,0,1,1,8),
(2589,37,70,1,1,0,1,1,9),
(2590,38,70,1,1,0,1,1,10),
(2591,39,70,1,1,0,1,1,11),
(2592,40,70,1,1,0,1,1,12),
(2593,41,70,1,1,0,1,1,13),
(2594,42,70,1,0,0,1,0,0),
(2595,43,70,1,0,0,1,1,35),
(2596,44,70,1,0,0,1,1,36),
(2597,1,71,1,1,1,1,1,1),
(2598,2,71,1,1,0,1,1,2),
(2599,3,71,1,1,0,1,1,3),
(2600,4,71,1,1,0,1,1,4),
(2601,5,71,1,0,0,1,1,13),
(2602,6,71,1,0,0,1,1,14),
(2603,7,71,1,0,0,1,1,15),
(2604,8,71,1,0,0,1,1,16),
(2605,9,71,1,0,0,1,1,17),
(2606,10,71,1,0,0,1,1,18),
(2607,11,71,1,0,0,1,1,19),
(2608,12,71,1,1,0,1,1,5),
(2609,13,71,1,0,0,1,1,20),
(2610,14,71,1,0,0,1,1,21),
(2611,15,71,1,0,0,1,0,0),
(2612,16,71,1,0,0,1,0,0),
(2613,17,71,1,0,0,1,0,0),
(2614,18,71,1,0,0,1,0,0),
(2615,19,71,1,0,0,1,1,22),
(2616,20,71,1,1,0,1,1,6),
(2617,21,71,1,0,0,1,1,23),
(2618,22,71,1,0,0,1,1,24),
(2619,23,71,1,0,0,1,1,25),
(2620,24,71,1,0,0,1,1,26),
(2621,25,71,1,0,0,1,1,27),
(2622,26,71,1,0,0,1,1,28),
(2623,27,71,1,0,0,1,1,29),
(2624,28,71,1,0,0,1,1,30),
(2625,29,71,1,0,0,1,1,31),
(2626,30,71,1,0,0,1,1,32),
(2627,31,71,1,0,0,1,0,0),
(2628,32,71,1,0,0,1,0,0),
(2629,33,71,1,0,0,1,1,33),
(2630,34,71,1,0,0,1,1,34),
(2631,35,71,1,0,0,1,0,0),
(2632,36,71,1,1,0,1,1,7),
(2633,37,71,1,1,0,1,1,8),
(2634,38,71,1,1,0,1,1,9),
(2635,39,71,1,1,0,1,1,10),
(2636,40,71,1,1,0,1,1,11),
(2637,41,71,1,1,0,1,1,12),
(2638,42,71,1,0,0,1,0,0),
(2639,43,71,1,0,0,1,1,35),
(2640,44,71,1,0,0,1,1,36),
(2641,1,72,1,1,1,1,1,1),
(2642,2,72,1,1,0,1,1,2),
(2643,3,72,1,1,0,1,1,3),
(2644,4,72,1,1,0,1,1,4),
(2645,5,72,1,0,0,1,1,13),
(2646,6,72,1,0,0,1,1,14),
(2647,7,72,1,0,0,1,1,15),
(2648,8,72,1,0,0,1,1,16),
(2649,9,72,1,0,0,1,1,17),
(2650,10,72,1,0,0,1,1,18),
(2651,11,72,1,0,0,1,1,19),
(2652,12,72,1,1,0,1,1,5),
(2653,13,72,1,0,0,1,1,20),
(2654,14,72,1,0,0,1,1,21),
(2655,15,72,1,0,0,1,0,0),
(2656,16,72,1,0,0,1,0,0),
(2657,17,72,1,0,0,1,0,0),
(2658,18,72,1,0,0,1,0,0),
(2659,19,72,1,0,0,1,1,22),
(2660,20,72,1,1,0,1,1,6),
(2661,21,72,1,0,0,1,1,23),
(2662,22,72,1,0,0,1,1,24),
(2663,23,72,1,0,0,1,1,25),
(2664,24,72,1,0,0,1,1,26),
(2665,25,72,1,0,0,1,1,27),
(2666,26,72,1,0,0,1,1,28),
(2667,27,72,1,0,0,1,1,29),
(2668,28,72,1,0,0,1,1,30),
(2669,29,72,1,0,0,1,1,31),
(2670,30,72,1,0,0,1,1,32),
(2671,31,72,1,0,0,1,0,0),
(2672,32,72,1,0,0,1,0,0),
(2673,33,72,1,0,0,1,1,33),
(2674,34,72,1,0,0,1,1,34),
(2675,35,72,1,0,0,1,0,0),
(2676,36,72,1,1,0,1,1,7),
(2677,37,72,1,1,0,1,1,8),
(2678,38,72,1,1,0,1,1,9),
(2679,39,72,1,1,0,1,1,10),
(2680,40,72,1,1,0,1,1,11),
(2681,41,72,1,1,0,1,1,12),
(2682,42,72,1,0,0,1,0,0),
(2683,43,72,1,0,0,1,1,35),
(2684,44,72,1,0,0,1,1,36),
(2685,1,73,1,1,1,1,1,1),
(2686,2,73,1,1,0,1,1,2),
(2687,3,73,1,1,0,1,1,3),
(2688,4,73,1,0,0,1,1,13),
(2689,5,73,1,0,0,1,1,14),
(2690,6,73,1,0,0,1,1,15),
(2691,7,73,1,0,0,1,1,16),
(2692,8,73,1,0,0,1,1,17),
(2693,9,73,1,0,0,1,1,18),
(2694,10,73,1,0,0,1,1,19),
(2695,11,73,1,0,0,1,1,20),
(2696,12,73,1,1,0,1,1,4),
(2697,13,73,1,0,0,1,1,21),
(2698,14,73,1,0,0,1,1,22),
(2699,15,73,1,0,0,1,0,0),
(2700,16,73,1,0,0,1,0,0),
(2701,17,73,1,0,0,1,0,0),
(2702,18,73,1,0,0,1,0,0),
(2703,19,73,1,1,0,1,1,5),
(2704,20,73,1,1,0,1,1,6),
(2705,21,73,1,0,0,1,1,23),
(2706,22,73,1,0,0,1,1,24),
(2707,23,73,1,0,0,1,1,25),
(2708,24,73,1,0,0,1,1,26),
(2709,25,73,1,0,0,1,1,27),
(2710,26,73,1,0,0,1,1,28),
(2711,27,73,1,0,0,1,1,29),
(2712,28,73,1,0,0,1,1,30),
(2713,29,73,1,0,0,1,1,31),
(2714,30,73,1,0,0,1,1,32),
(2715,31,73,1,0,0,1,0,0),
(2716,32,73,1,0,0,1,0,0),
(2717,33,73,1,0,0,1,1,33),
(2718,34,73,1,0,0,1,1,34),
(2719,35,73,1,0,0,1,0,0),
(2720,36,73,1,1,0,1,1,7),
(2721,37,73,1,1,0,1,1,8),
(2722,38,73,1,1,0,1,1,9),
(2723,39,73,1,1,0,1,1,10),
(2724,40,73,1,1,0,1,1,11),
(2725,41,73,1,1,0,1,1,12),
(2726,42,73,1,0,0,1,0,0),
(2727,43,73,1,0,0,1,1,35),
(2728,44,73,1,0,0,1,1,36),
(2729,1,74,1,1,1,1,1,1),
(2730,2,74,1,1,0,1,1,2),
(2731,3,74,1,1,0,1,1,3),
(2732,4,74,1,0,0,1,1,13),
(2733,5,74,1,0,0,1,1,14),
(2734,6,74,1,0,0,1,1,15),
(2735,7,74,1,0,0,1,1,16),
(2736,8,74,1,0,0,1,1,17),
(2737,9,74,1,0,0,1,1,18),
(2738,10,74,1,0,0,1,1,19),
(2739,11,74,1,0,0,1,1,20),
(2740,12,74,1,1,0,1,1,4),
(2741,13,74,1,0,0,1,1,21),
(2742,14,74,1,0,0,1,1,22),
(2743,15,74,1,0,0,1,0,0),
(2744,16,74,1,0,0,1,0,0),
(2745,17,74,1,0,0,1,0,0),
(2746,18,74,1,0,0,1,0,0),
(2747,19,74,1,1,0,1,1,5),
(2748,20,74,1,1,0,1,1,6),
(2749,21,74,1,0,0,1,1,23),
(2750,22,74,1,0,0,1,1,24),
(2751,23,74,1,0,0,1,1,25),
(2752,24,74,1,0,0,1,1,26),
(2753,25,74,1,0,0,1,1,27),
(2754,26,74,1,0,0,1,1,28),
(2755,27,74,1,0,0,1,1,29),
(2756,28,74,1,0,0,1,1,30),
(2757,29,74,1,0,0,1,1,31),
(2758,30,74,1,0,0,1,1,32),
(2759,31,74,1,0,0,1,0,0),
(2760,32,74,1,0,0,1,0,0),
(2761,33,74,1,0,0,1,1,33),
(2762,34,74,1,0,0,1,1,34),
(2763,35,74,1,0,0,1,0,0),
(2764,36,74,1,1,0,1,1,7),
(2765,37,74,1,1,0,1,1,8),
(2766,38,74,1,1,0,1,1,9),
(2767,39,74,1,1,0,1,1,10),
(2768,40,74,1,1,0,1,1,11),
(2769,41,74,1,1,0,1,1,12),
(2770,42,74,1,0,0,1,0,0),
(2771,43,74,1,0,0,1,1,35),
(2772,44,74,1,0,0,1,1,36),
(2773,1,75,1,1,1,1,1,1),
(2774,2,75,1,1,0,1,1,2),
(2775,3,75,1,1,0,1,1,3),
(2776,4,75,1,1,0,1,1,4),
(2777,5,75,1,0,0,1,1,14),
(2778,6,75,1,0,0,1,1,15),
(2779,7,75,1,0,0,1,1,16),
(2780,8,75,1,0,0,1,1,17),
(2781,9,75,1,0,0,1,1,18),
(2782,10,75,1,0,0,1,1,19),
(2783,11,75,1,0,0,1,1,20),
(2784,12,75,1,1,0,1,1,5),
(2785,13,75,1,0,0,1,1,21),
(2786,14,75,1,0,0,1,1,22),
(2787,15,75,1,0,0,1,0,0),
(2788,16,75,1,0,0,1,0,0),
(2789,17,75,1,0,0,1,0,0),
(2790,18,75,1,0,0,1,0,0),
(2791,19,75,1,1,0,1,1,6),
(2792,20,75,1,1,0,1,1,7),
(2793,21,75,1,0,0,1,1,23),
(2794,22,75,1,0,0,1,1,24),
(2795,23,75,1,0,0,1,1,25),
(2796,24,75,1,0,0,1,1,26),
(2797,25,75,1,0,0,1,1,27),
(2798,26,75,1,0,0,1,1,28),
(2799,27,75,1,0,0,1,1,29),
(2800,28,75,1,0,0,1,1,30),
(2801,29,75,1,0,0,1,1,31),
(2802,30,75,1,0,0,1,1,32),
(2803,31,75,1,0,0,1,0,0),
(2804,32,75,1,0,0,1,0,0),
(2805,33,75,1,0,0,1,1,33),
(2806,34,75,1,0,0,1,1,34),
(2807,35,75,1,0,0,1,0,0),
(2808,36,75,1,1,0,1,1,8),
(2809,37,75,1,1,0,1,1,9),
(2810,38,75,1,1,0,1,1,10),
(2811,39,75,1,1,0,1,1,11),
(2812,40,75,1,1,0,1,1,12),
(2813,41,75,1,1,0,1,1,13),
(2814,42,75,1,0,0,1,0,0),
(2815,43,75,1,0,0,1,1,35),
(2816,44,75,1,0,0,1,1,36),
(2817,1,76,1,1,1,1,1,1),
(2818,2,76,1,1,0,1,1,2),
(2819,3,76,1,1,0,1,1,3),
(2820,4,76,1,1,0,1,1,4),
(2821,5,76,1,0,0,1,1,14),
(2822,6,76,1,0,0,1,1,15),
(2823,7,76,1,0,0,1,1,16),
(2824,8,76,1,0,0,1,1,17),
(2825,9,76,1,0,0,1,1,18),
(2826,10,76,1,0,0,1,1,19),
(2827,11,76,1,0,0,1,1,20),
(2828,12,76,1,1,0,1,1,5),
(2829,13,76,1,0,0,1,1,21),
(2830,14,76,1,0,0,1,1,22),
(2831,15,76,1,0,0,1,0,0),
(2832,16,76,1,0,0,1,0,0),
(2833,17,76,1,0,0,1,0,0),
(2834,18,76,1,0,0,1,0,0),
(2835,19,76,1,1,0,1,1,6),
(2836,20,76,1,1,0,1,1,7),
(2837,21,76,1,0,0,1,1,23),
(2838,22,76,1,0,0,1,1,24),
(2839,23,76,1,0,0,1,1,25),
(2840,24,76,1,0,0,1,1,26),
(2841,25,76,1,0,0,1,1,27),
(2842,26,76,1,0,0,1,1,28),
(2843,27,76,1,0,0,1,1,29),
(2844,28,76,1,0,0,1,1,30),
(2845,29,76,1,0,0,1,1,31),
(2846,30,76,1,0,0,1,1,32),
(2847,31,76,1,0,0,1,0,0),
(2848,32,76,1,0,0,1,0,0),
(2849,33,76,1,0,0,1,1,33),
(2850,34,76,1,0,0,1,1,34),
(2851,35,76,1,0,0,1,0,0),
(2852,36,76,1,1,0,1,1,8),
(2853,37,76,1,1,0,1,1,9),
(2854,38,76,1,1,0,1,1,10),
(2855,39,76,1,1,0,1,1,11),
(2856,40,76,1,1,0,1,1,12),
(2857,41,76,1,1,0,1,1,13),
(2858,42,76,1,0,0,1,0,0),
(2859,43,76,1,0,0,1,1,35),
(2860,44,76,1,0,0,1,1,36),
(2861,1,77,1,1,1,1,1,1),
(2862,2,77,1,1,0,1,1,2),
(2863,3,77,1,1,0,1,1,3),
(2864,4,77,1,1,0,1,1,4),
(2865,5,77,1,0,0,1,1,15),
(2866,6,77,1,0,0,1,1,16),
(2867,7,77,1,0,0,1,1,17),
(2868,8,77,1,0,0,1,1,18),
(2869,9,77,1,0,0,1,1,19),
(2870,10,77,1,0,0,1,1,20),
(2871,11,77,1,0,0,1,1,21),
(2872,12,77,1,0,0,1,1,22),
(2873,13,77,1,0,0,1,1,23),
(2874,14,77,1,0,0,1,1,24),
(2875,15,77,1,0,0,1,0,0),
(2876,16,77,1,0,0,1,0,0),
(2877,17,77,1,0,0,1,0,0),
(2878,18,77,1,0,0,1,0,0),
(2879,19,77,1,1,0,1,1,5),
(2880,20,77,1,1,0,1,1,6),
(2881,21,77,1,0,0,1,1,25),
(2882,22,77,1,0,0,1,1,26),
(2883,23,77,1,0,0,1,1,27),
(2884,24,77,1,0,0,1,1,28),
(2885,25,77,1,0,0,1,1,29),
(2886,26,77,1,0,0,1,1,30),
(2887,27,77,1,0,0,1,1,31),
(2888,28,77,1,0,0,1,1,32),
(2889,29,77,1,0,0,1,1,33),
(2890,30,77,1,1,0,1,1,7),
(2891,31,77,1,0,0,1,0,0),
(2892,32,77,1,0,0,1,0,0),
(2893,33,77,1,0,0,1,1,34),
(2894,34,77,1,0,0,1,1,35),
(2895,35,77,1,0,0,1,0,0),
(2896,36,77,1,1,0,1,1,8),
(2897,37,77,1,1,0,1,1,9),
(2898,38,77,1,1,0,1,1,10),
(2899,39,77,1,1,0,1,1,11),
(2900,40,77,1,1,0,1,1,12),
(2901,41,77,1,1,0,1,1,13),
(2902,42,77,1,0,0,1,0,0),
(2903,43,77,1,0,0,1,1,36),
(2904,44,77,1,0,0,1,1,37),
(2905,1,78,1,1,1,1,1,1),
(2906,2,78,1,1,0,1,1,2),
(2907,3,78,1,1,0,1,1,3),
(2908,4,78,1,1,0,1,1,4),
(2909,5,78,1,0,0,1,1,14),
(2910,6,78,1,0,0,1,1,15),
(2911,7,78,1,0,0,1,1,16),
(2912,8,78,1,0,0,1,1,17),
(2913,9,78,1,0,0,1,1,18),
(2914,10,78,1,0,0,1,1,19),
(2915,11,78,1,0,0,1,1,20),
(2916,12,78,1,1,0,1,1,5),
(2917,13,78,1,1,0,1,1,6),
(2918,14,78,1,0,0,1,1,21),
(2919,15,78,1,0,0,1,0,0),
(2920,16,78,1,0,0,1,0,0),
(2921,17,78,1,0,0,1,0,0),
(2922,18,78,1,0,0,1,0,0),
(2923,19,78,1,1,0,1,1,7),
(2924,20,78,1,0,0,1,1,22),
(2925,21,78,1,0,0,1,1,23),
(2926,22,78,1,0,0,1,1,24),
(2927,23,78,1,0,0,1,1,25),
(2928,24,78,1,0,0,1,1,26),
(2929,25,78,1,0,0,1,1,27),
(2930,26,78,1,0,0,1,1,28),
(2931,27,78,1,0,0,1,1,29),
(2932,28,78,1,0,0,1,1,30),
(2933,29,78,1,0,0,1,1,31),
(2934,30,78,1,0,0,1,1,32),
(2935,31,78,1,0,0,1,0,0),
(2936,32,78,1,0,0,1,0,0),
(2937,33,78,1,0,0,1,1,33),
(2938,34,78,1,0,0,1,1,34),
(2939,35,78,1,0,0,1,0,0),
(2940,36,78,1,1,0,1,1,8),
(2941,37,78,1,1,0,1,1,9),
(2942,38,78,1,1,0,1,1,10),
(2943,39,78,1,1,0,1,1,11),
(2944,40,78,1,1,0,1,1,12),
(2945,41,78,1,1,0,1,1,13),
(2946,42,78,1,0,0,1,0,0),
(2947,43,78,1,0,0,1,1,35),
(2948,44,78,1,0,0,1,1,36),
(2949,1,79,1,1,1,1,1,1),
(2950,2,79,1,1,0,1,1,2),
(2951,3,79,1,1,0,1,1,3),
(2952,4,79,1,1,0,1,1,4),
(2953,5,79,1,0,0,1,1,13),
(2954,6,79,1,0,0,1,1,14),
(2955,7,79,1,0,0,1,1,15),
(2956,8,79,1,0,0,1,1,16),
(2957,9,79,1,0,0,1,1,17),
(2958,10,79,1,0,0,1,1,18),
(2959,11,79,1,0,0,1,1,19),
(2960,12,79,1,1,0,1,1,5),
(2961,13,79,1,0,0,1,1,20),
(2962,14,79,1,0,0,1,1,21),
(2963,15,79,1,0,0,1,0,0),
(2964,16,79,1,0,0,1,0,0),
(2965,17,79,1,0,0,1,0,0),
(2966,18,79,1,0,0,1,0,0),
(2967,19,79,1,0,0,1,1,22),
(2968,20,79,1,1,0,1,1,6),
(2969,21,79,1,0,0,1,1,23),
(2970,22,79,1,0,0,1,1,24),
(2971,23,79,1,0,0,1,1,25),
(2972,24,79,1,0,0,1,1,26),
(2973,25,79,1,0,0,1,1,27),
(2974,26,79,1,0,0,1,1,28),
(2975,27,79,1,0,0,1,1,29),
(2976,28,79,1,0,0,1,1,30),
(2977,29,79,1,0,0,1,1,31),
(2978,30,79,1,0,0,1,1,32),
(2979,31,79,1,0,0,1,0,0),
(2980,32,79,1,0,0,1,0,0),
(2981,33,79,1,0,0,1,1,33),
(2982,34,79,1,0,0,1,1,34),
(2983,35,79,1,0,0,1,0,0),
(2984,36,79,1,1,0,1,1,7),
(2985,37,79,1,1,0,1,1,8),
(2986,38,79,1,1,0,1,1,9),
(2987,39,79,1,1,0,1,1,10),
(2988,40,79,1,1,0,1,1,11),
(2989,41,79,1,1,0,1,1,12),
(2990,42,79,1,0,0,1,0,0),
(2991,43,79,1,0,0,1,1,35),
(2992,44,79,1,0,0,1,1,36),
(2993,1,80,1,1,1,1,1,1),
(2994,2,80,1,1,0,1,1,2),
(2995,3,80,1,1,0,1,1,3),
(2996,4,80,1,1,0,1,1,4),
(2997,5,80,1,0,0,1,1,13),
(2998,6,80,1,0,0,1,1,14),
(2999,7,80,1,0,0,1,1,15),
(3000,8,80,1,0,0,1,1,16),
(3001,9,80,1,0,0,1,1,17),
(3002,10,80,1,0,0,1,1,18),
(3003,11,80,1,0,0,1,1,19),
(3004,12,80,1,1,0,1,1,5),
(3005,13,80,1,0,0,1,1,20),
(3006,14,80,1,0,0,1,1,21),
(3007,15,80,1,0,0,1,0,0),
(3008,16,80,1,0,0,1,0,0),
(3009,17,80,1,0,0,1,0,0),
(3010,18,80,1,0,0,1,0,0),
(3011,19,80,1,0,0,1,1,22),
(3012,20,80,1,1,0,1,1,6),
(3013,21,80,1,0,0,1,1,23),
(3014,22,80,1,0,0,1,1,24),
(3015,23,80,1,0,0,1,1,25),
(3016,24,80,1,0,0,1,1,26),
(3017,25,80,1,0,0,1,1,27),
(3018,26,80,1,0,0,1,1,28),
(3019,27,80,1,0,0,1,1,29),
(3020,28,80,1,0,0,1,1,30),
(3021,29,80,1,0,0,1,1,31),
(3022,30,80,1,0,0,1,1,32),
(3023,31,80,1,0,0,1,0,0),
(3024,32,80,1,0,0,1,0,0),
(3025,33,80,1,0,0,1,1,33),
(3026,34,80,1,0,0,1,1,34),
(3027,35,80,1,0,0,1,0,0),
(3028,36,80,1,1,0,1,1,7),
(3029,37,80,1,1,0,1,1,8),
(3030,38,80,1,1,0,1,1,9),
(3031,39,80,1,1,0,1,1,10),
(3032,40,80,1,1,0,1,1,11),
(3033,41,80,1,1,0,1,1,12),
(3034,42,80,1,0,0,1,0,0),
(3035,43,80,1,0,0,1,1,35),
(3036,44,80,1,0,0,1,1,36),
(3037,1,81,1,1,1,1,1,1),
(3038,2,81,1,1,0,1,1,2),
(3039,3,81,1,0,0,1,1,9),
(3040,4,81,1,1,0,1,1,3),
(3041,5,81,1,0,0,1,1,10),
(3042,6,81,1,0,0,1,1,11),
(3043,7,81,1,0,0,1,1,12),
(3044,8,81,1,0,0,1,1,13),
(3045,9,81,1,0,0,1,1,14),
(3046,10,81,1,0,0,1,1,15),
(3047,11,81,1,0,0,1,1,16),
(3048,12,81,1,1,0,1,1,4),
(3049,13,81,1,0,0,1,1,17),
(3050,14,81,1,0,0,1,1,18),
(3051,15,81,1,0,0,1,0,0),
(3052,16,81,1,0,0,1,0,0),
(3053,17,81,1,0,0,1,0,0),
(3054,18,81,1,0,0,1,0,0),
(3055,19,81,1,0,0,1,1,19),
(3056,20,81,1,0,0,1,1,20),
(3057,21,81,1,0,0,1,1,21),
(3058,22,81,1,0,0,1,1,22),
(3059,23,81,1,0,0,1,1,23),
(3060,24,81,1,0,0,1,1,24),
(3061,25,81,1,0,0,1,1,25),
(3062,26,81,1,0,0,1,1,26),
(3063,27,81,1,0,0,1,1,27),
(3064,28,81,1,0,0,1,1,28),
(3065,29,81,1,0,0,1,1,29),
(3066,30,81,1,1,0,1,1,5),
(3067,31,81,1,0,0,1,0,0),
(3068,32,81,1,0,0,1,0,0),
(3069,33,81,1,0,0,1,1,30),
(3070,34,81,1,0,0,1,1,31),
(3071,35,81,1,0,0,1,0,0),
(3072,36,81,1,0,0,1,1,32),
(3073,37,81,1,0,0,1,1,33),
(3074,38,81,1,0,0,1,1,34),
(3075,39,81,1,0,0,1,1,35),
(3076,40,81,1,0,0,1,1,36),
(3077,41,81,1,0,0,1,1,37),
(3078,42,81,1,0,0,1,0,0),
(3079,43,81,1,1,0,1,1,6),
(3080,44,81,1,1,0,1,1,7),
(3081,1,93,2,1,1,1,1,1),
(3082,2,93,2,1,0,1,1,2),
(3083,3,93,2,1,0,1,1,3),
(3084,4,93,2,1,0,1,1,4),
(3085,5,93,2,0,0,1,1,6),
(3086,6,93,2,0,0,1,1,7),
(3087,7,93,2,0,0,1,1,8),
(3088,8,93,2,0,0,1,1,9),
(3089,9,93,2,0,0,1,1,10),
(3090,10,93,2,0,0,1,1,11),
(3091,11,93,2,0,0,1,1,12),
(3092,12,93,2,1,0,1,1,5),
(3093,13,93,2,0,0,1,1,13),
(3094,14,93,2,0,0,1,1,14),
(3095,15,93,2,0,0,1,0,0),
(3096,16,93,2,0,0,1,0,0),
(3097,17,93,2,0,0,1,0,0),
(3098,18,93,2,0,0,1,0,0),
(3099,19,93,2,0,0,1,1,15),
(3100,20,93,2,0,0,1,1,16),
(3101,21,93,2,0,0,1,1,17),
(3102,22,93,2,0,0,1,1,18),
(3103,23,93,2,0,0,1,1,19),
(3104,24,93,2,0,0,1,1,20),
(3105,25,93,2,0,0,1,1,21),
(3106,26,93,2,0,0,1,1,22),
(3107,27,93,2,0,0,1,1,23),
(3108,28,93,2,0,0,1,1,24),
(3109,29,93,2,0,0,1,1,25),
(3110,30,93,2,0,0,1,1,26),
(3111,31,93,2,0,0,1,0,0),
(3112,32,93,2,0,0,1,0,0),
(3113,33,93,2,0,0,1,1,27),
(3114,34,93,2,0,0,1,1,28),
(3115,35,93,2,0,0,1,0,0),
(3116,36,93,2,0,0,1,1,29),
(3117,37,93,2,0,0,1,1,30),
(3118,38,93,2,0,0,1,1,31),
(3119,39,93,2,0,0,1,1,32),
(3120,40,93,2,0,0,1,1,33),
(3121,41,93,2,0,0,1,1,34),
(3122,42,93,2,0,0,1,0,0),
(3123,43,93,2,0,0,1,1,35),
(3124,44,93,2,0,0,1,1,36),
(3125,1,94,2,1,1,1,1,1),
(3126,2,94,2,1,0,1,1,2),
(3127,3,94,2,1,0,1,1,3),
(3128,4,94,2,1,0,1,1,4),
(3129,5,94,2,0,0,1,1,8),
(3130,6,94,2,0,0,1,1,9),
(3131,7,94,2,0,0,1,1,10),
(3132,8,94,2,0,0,1,1,11),
(3133,9,94,2,0,0,1,1,12),
(3134,10,94,2,0,0,1,1,13),
(3135,11,94,2,0,0,1,1,14),
(3136,12,94,2,1,0,1,1,5),
(3137,13,94,2,0,0,1,1,15),
(3138,14,94,2,0,0,1,1,16),
(3139,15,94,2,0,0,1,0,0),
(3140,16,94,2,0,0,1,0,0),
(3141,17,94,2,0,0,1,0,0),
(3142,18,94,2,0,0,1,0,0),
(3143,19,94,2,1,0,1,1,6),
(3144,20,94,2,1,0,1,1,7),
(3145,21,94,2,0,0,1,1,17),
(3146,22,94,2,0,0,1,1,18),
(3147,23,94,2,0,0,1,1,19),
(3148,24,94,2,0,0,1,1,20),
(3149,25,94,2,0,0,1,1,21),
(3150,26,94,2,0,0,1,1,22),
(3151,27,94,2,0,0,1,1,23),
(3152,28,94,2,0,0,1,1,24),
(3153,29,94,2,0,0,1,1,25),
(3154,30,94,2,0,0,1,1,26),
(3155,31,94,2,0,0,1,0,0),
(3156,32,94,2,0,0,1,0,0),
(3157,33,94,2,0,0,1,1,27),
(3158,34,94,2,0,0,1,1,28),
(3159,35,94,2,0,0,1,0,0),
(3160,36,94,2,0,0,1,1,29),
(3161,37,94,2,0,0,1,1,30),
(3162,38,94,2,0,0,1,1,31),
(3163,39,94,2,0,0,1,1,32),
(3164,40,94,2,0,0,1,1,33),
(3165,41,94,2,0,0,1,1,34),
(3166,42,94,2,0,0,1,0,0),
(3167,43,94,2,0,0,1,1,35),
(3168,44,94,2,0,0,1,1,36),
(3169,1,95,2,1,1,1,1,1),
(3170,2,95,2,1,0,1,1,2),
(3171,3,95,2,1,0,1,1,3),
(3172,4,95,2,1,0,1,1,4),
(3173,5,95,2,0,0,1,1,9),
(3174,6,95,2,0,0,1,1,10),
(3175,7,95,2,0,0,1,1,11),
(3176,8,95,2,0,0,1,1,12),
(3177,9,95,2,0,0,1,1,13),
(3178,10,95,2,0,0,1,1,14),
(3179,11,95,2,0,0,1,1,15),
(3180,12,95,2,1,0,1,1,5),
(3181,13,95,2,0,0,1,1,16),
(3182,14,95,2,1,0,1,1,6),
(3183,15,95,2,0,0,1,0,0),
(3184,16,95,2,0,0,1,0,0),
(3185,17,95,2,0,0,1,0,0),
(3186,18,95,2,0,0,1,0,0),
(3187,19,95,2,0,0,1,1,17),
(3188,20,95,2,0,0,1,1,18),
(3189,21,95,2,0,0,1,1,19),
(3190,22,95,2,0,0,1,1,20),
(3191,23,95,2,0,0,1,1,21),
(3192,24,95,2,0,0,1,1,22),
(3193,25,95,2,0,0,1,1,23),
(3194,26,95,2,0,0,1,1,24),
(3195,27,95,2,0,0,1,1,25),
(3196,28,95,2,0,0,1,1,26),
(3197,29,95,2,0,0,1,1,27),
(3198,30,95,2,0,0,1,1,28),
(3199,31,95,2,0,0,1,0,0),
(3200,32,95,2,0,0,1,0,0),
(3201,33,95,2,0,0,1,1,29),
(3202,34,95,2,0,0,1,1,30),
(3203,35,95,2,0,0,1,0,0),
(3204,36,95,2,1,0,1,1,7),
(3205,37,95,2,0,0,1,1,31),
(3206,38,95,2,0,0,1,1,32),
(3207,39,95,2,0,0,1,1,33),
(3208,40,95,2,1,0,1,1,8),
(3209,41,95,2,0,0,1,1,34),
(3210,42,95,2,0,0,1,0,0),
(3211,43,95,2,0,0,1,1,35),
(3212,44,95,2,0,0,1,1,36),
(3213,1,96,2,1,1,1,1,1),
(3214,2,96,2,1,0,1,1,2),
(3215,3,96,2,1,0,1,1,3),
(3216,4,96,2,1,0,1,1,4),
(3217,5,96,2,0,0,1,1,9),
(3218,6,96,2,0,0,1,1,10),
(3219,7,96,2,0,0,1,1,11),
(3220,8,96,2,0,0,1,1,12),
(3221,9,96,2,0,0,1,1,13),
(3222,10,96,2,0,0,1,1,14),
(3223,11,96,2,0,0,1,1,15),
(3224,12,96,2,1,0,1,1,5),
(3225,13,96,2,0,0,1,1,16),
(3226,14,96,2,1,0,1,1,6),
(3227,15,96,2,0,0,1,0,0),
(3228,16,96,2,0,0,1,0,0),
(3229,17,96,2,0,0,1,0,0),
(3230,18,96,2,0,0,1,0,0),
(3231,19,96,2,1,0,1,1,7),
(3232,20,96,2,1,0,1,1,8),
(3233,21,96,2,0,0,1,1,17),
(3234,22,96,2,0,0,1,1,18),
(3235,23,96,2,0,0,1,1,19),
(3236,24,96,2,0,0,1,1,20),
(3237,25,96,2,0,0,1,1,21),
(3238,26,96,2,0,0,1,1,22),
(3239,27,96,2,0,0,1,1,23),
(3240,28,96,2,0,0,1,1,24),
(3241,29,96,2,0,0,1,1,25),
(3242,30,96,2,0,0,1,1,26),
(3243,31,96,2,0,0,1,0,0),
(3244,32,96,2,0,0,1,0,0),
(3245,33,96,2,0,0,1,1,27),
(3246,34,96,2,0,0,1,1,28),
(3247,35,96,2,0,0,1,0,0),
(3248,36,96,2,0,0,1,1,29),
(3249,37,96,2,0,0,1,1,30),
(3250,38,96,2,0,0,1,1,31),
(3251,39,96,2,0,0,1,1,32),
(3252,40,96,2,0,0,1,1,33),
(3253,41,96,2,0,0,1,1,34),
(3254,42,96,2,0,0,1,0,0),
(3255,43,96,2,0,0,1,1,35),
(3256,44,96,2,0,0,1,1,36),
(3257,1,97,2,1,1,1,1,1),
(3258,2,97,2,1,0,1,1,2),
(3259,3,97,2,1,0,1,1,3),
(3260,4,97,2,0,0,1,1,11),
(3261,5,97,2,0,0,1,1,12),
(3262,6,97,2,0,0,1,1,13),
(3263,7,97,2,0,0,1,1,14),
(3264,8,97,2,0,0,1,1,15),
(3265,9,97,2,0,0,1,1,16),
(3266,10,97,2,0,0,1,1,17),
(3267,11,97,2,0,0,1,1,18),
(3268,12,97,2,1,0,1,1,4),
(3269,13,97,2,0,0,1,1,19),
(3270,14,97,2,1,0,1,1,5),
(3271,15,97,2,0,0,1,0,0),
(3272,16,97,2,0,0,1,0,0),
(3273,17,97,2,0,0,1,0,0),
(3274,18,97,2,0,0,1,0,0),
(3275,19,97,2,1,0,1,1,6),
(3276,20,97,2,1,0,1,1,7),
(3277,21,97,2,0,0,1,1,20),
(3278,22,97,2,0,0,1,1,21),
(3279,23,97,2,0,0,1,1,22),
(3280,24,97,2,0,0,1,1,23),
(3281,25,97,2,0,0,1,1,24),
(3282,26,97,2,0,0,1,1,25),
(3283,27,97,2,0,0,1,1,26),
(3284,28,97,2,0,0,1,1,27),
(3285,29,97,2,0,0,1,1,28),
(3286,30,97,2,1,0,1,1,8),
(3287,31,97,2,0,0,1,0,0),
(3288,32,97,2,0,0,1,0,0),
(3289,33,97,2,0,0,1,1,29),
(3290,34,97,2,0,0,1,1,30),
(3291,35,97,2,0,0,1,0,0),
(3292,36,97,2,0,0,1,1,31),
(3293,37,97,2,0,0,1,1,32),
(3294,38,97,2,0,0,1,1,33),
(3295,39,97,2,0,0,1,1,34),
(3296,40,97,2,0,0,1,1,35),
(3297,41,97,2,0,0,1,1,36),
(3298,42,97,2,0,0,1,0,0),
(3299,43,97,2,1,0,1,1,9),
(3300,44,97,2,0,0,1,1,37),
(3301,1,98,2,1,1,1,1,1),
(3302,2,98,2,1,0,1,1,2),
(3303,3,98,2,1,0,1,1,3),
(3304,4,98,2,1,0,1,1,4),
(3305,5,98,2,0,0,1,1,9),
(3306,6,98,2,0,0,1,1,10),
(3307,7,98,2,0,0,1,1,11),
(3308,8,98,2,0,0,1,1,12),
(3309,9,98,2,0,0,1,1,13),
(3310,10,98,2,0,0,1,1,14),
(3311,11,98,2,0,0,1,1,15),
(3312,12,98,2,1,0,1,1,5),
(3313,13,98,2,0,0,1,1,16),
(3314,14,98,2,1,0,1,1,6),
(3315,15,98,2,0,0,1,0,0),
(3316,16,98,2,0,0,1,0,0),
(3317,17,98,2,0,0,1,0,0),
(3318,18,98,2,0,0,1,0,0),
(3319,19,98,2,1,0,1,1,7),
(3320,20,98,2,1,0,1,1,8),
(3321,21,98,2,0,0,1,1,17),
(3322,22,98,2,0,0,1,1,18),
(3323,23,98,2,0,0,1,1,19),
(3324,24,98,2,0,0,1,1,20),
(3325,25,98,2,0,0,1,1,21),
(3326,26,98,2,0,0,1,1,22),
(3327,27,98,2,0,0,1,1,23),
(3328,28,98,2,0,0,1,1,24),
(3329,29,98,2,0,0,1,1,25),
(3330,30,98,2,0,0,1,1,26),
(3331,31,98,2,0,0,1,0,0),
(3332,32,98,2,0,0,1,0,0),
(3333,33,98,2,0,0,1,1,27),
(3334,34,98,2,0,0,1,1,28),
(3335,35,98,2,0,0,1,0,0),
(3336,36,98,2,0,0,1,1,29),
(3337,37,98,2,0,0,1,1,30),
(3338,38,98,2,0,0,1,1,31),
(3339,39,98,2,0,0,1,1,32),
(3340,40,98,2,0,0,1,1,33),
(3341,41,98,2,0,0,1,1,34),
(3342,42,98,2,0,0,1,0,0),
(3343,43,98,2,0,0,1,1,35),
(3344,44,98,2,0,0,1,1,36),
(3345,1,99,2,1,1,1,1,1),
(3346,2,99,2,1,0,1,1,2),
(3347,3,99,2,1,0,1,1,3),
(3348,4,99,2,1,0,1,1,4),
(3349,5,99,2,0,0,1,1,14),
(3350,6,99,2,0,0,1,1,15),
(3351,7,99,2,0,0,1,1,16),
(3352,8,99,2,0,0,1,1,17),
(3353,9,99,2,0,0,1,1,18),
(3354,10,99,2,0,0,1,1,19),
(3355,11,99,2,0,0,1,1,20),
(3356,12,99,2,1,0,1,1,5),
(3357,13,99,2,1,0,1,1,6),
(3358,14,99,2,0,0,1,1,21),
(3359,15,99,2,0,0,1,0,0),
(3360,16,99,2,0,0,1,0,0),
(3361,17,99,2,0,0,1,0,0),
(3362,18,99,2,0,0,1,0,0),
(3363,19,99,2,1,0,1,1,7),
(3364,20,99,2,0,0,1,1,22),
(3365,21,99,2,0,0,1,1,23),
(3366,22,99,2,0,0,1,1,24),
(3367,23,99,2,0,0,1,1,25),
(3368,24,99,2,0,0,1,1,26),
(3369,25,99,2,0,0,1,1,27),
(3370,26,99,2,0,0,1,1,28),
(3371,27,99,2,0,0,1,1,29),
(3372,28,99,2,0,0,1,1,30),
(3373,29,99,2,0,0,1,1,31),
(3374,30,99,2,0,0,1,1,32),
(3375,31,99,2,0,0,1,0,0),
(3376,32,99,2,0,0,1,0,0),
(3377,33,99,2,0,0,1,1,33),
(3378,34,99,2,0,0,1,1,34),
(3379,35,99,2,0,0,1,0,0),
(3380,36,99,2,1,0,1,1,8),
(3381,37,99,2,1,0,1,1,9),
(3382,38,99,2,1,0,1,1,10),
(3383,39,99,2,1,0,1,1,11),
(3384,40,99,2,1,0,1,1,12),
(3385,41,99,2,1,0,1,1,13),
(3386,42,99,2,0,0,1,0,0),
(3387,43,99,2,0,0,1,1,35),
(3388,44,99,2,0,0,1,1,36),
(3389,1,100,2,1,1,1,1,1),
(3390,2,100,2,1,0,1,1,2),
(3391,3,100,2,1,0,1,1,3),
(3392,4,100,2,1,0,1,1,4),
(3393,5,100,2,0,0,1,1,13),
(3394,6,100,2,0,0,1,1,14),
(3395,7,100,2,0,0,1,1,15),
(3396,8,100,2,0,0,1,1,16),
(3397,9,100,2,0,0,1,1,17),
(3398,10,100,2,0,0,1,1,18),
(3399,11,100,2,0,0,1,1,19),
(3400,12,100,2,1,0,1,1,5),
(3401,13,100,2,0,0,1,1,20),
(3402,14,100,2,0,0,1,1,21),
(3403,15,100,2,0,0,1,0,0),
(3404,16,100,2,0,0,1,0,0),
(3405,17,100,2,0,0,1,0,0),
(3406,18,100,2,0,0,1,0,0),
(3407,19,100,2,0,0,1,1,22),
(3408,20,100,2,1,0,1,1,6),
(3409,21,100,2,0,0,1,1,23),
(3410,22,100,2,0,0,1,1,24),
(3411,23,100,2,0,0,1,1,25),
(3412,24,100,2,0,0,1,1,26),
(3413,25,100,2,0,0,1,1,27),
(3414,26,100,2,0,0,1,1,28),
(3415,27,100,2,0,0,1,1,29),
(3416,28,100,2,0,0,1,1,30),
(3417,29,100,2,0,0,1,1,31),
(3418,30,100,2,0,0,1,1,32),
(3419,31,100,2,0,0,1,0,0),
(3420,32,100,2,0,0,1,0,0),
(3421,33,100,2,0,0,1,1,33),
(3422,34,100,2,0,0,1,1,34),
(3423,35,100,2,0,0,1,0,0),
(3424,36,100,2,1,0,1,1,7),
(3425,37,100,2,1,0,1,1,8),
(3426,38,100,2,1,0,1,1,9),
(3427,39,100,2,1,0,1,1,10),
(3428,40,100,2,1,0,1,1,11),
(3429,41,100,2,1,0,1,1,12),
(3430,42,100,2,0,0,1,0,0),
(3431,43,100,2,0,0,1,1,35),
(3432,44,100,2,0,0,1,1,36),
(3433,1,101,2,1,1,1,1,1),
(3434,2,101,2,1,0,1,1,2),
(3435,3,101,2,1,0,1,1,3),
(3436,4,101,2,1,0,1,1,4),
(3437,5,101,2,0,0,1,1,13),
(3438,6,101,2,0,0,1,1,14),
(3439,7,101,2,0,0,1,1,15),
(3440,8,101,2,0,0,1,1,16),
(3441,9,101,2,0,0,1,1,17),
(3442,10,101,2,0,0,1,1,18),
(3443,11,101,2,0,0,1,1,19),
(3444,12,101,2,1,0,1,1,5),
(3445,13,101,2,0,0,1,1,20),
(3446,14,101,2,0,0,1,1,21),
(3447,15,101,2,0,0,1,0,0),
(3448,16,101,2,0,0,1,0,0),
(3449,17,101,2,0,0,1,0,0),
(3450,18,101,2,0,0,1,0,0),
(3451,19,101,2,0,0,1,1,22),
(3452,20,101,2,1,0,1,1,6),
(3453,21,101,2,0,0,1,1,23),
(3454,22,101,2,0,0,1,1,24),
(3455,23,101,2,0,0,1,1,25),
(3456,24,101,2,0,0,1,1,26),
(3457,25,101,2,0,0,1,1,27),
(3458,26,101,2,0,0,1,1,28),
(3459,27,101,2,0,0,1,1,29),
(3460,28,101,2,0,0,1,1,30),
(3461,29,101,2,0,0,1,1,31),
(3462,30,101,2,0,0,1,1,32),
(3463,31,101,2,0,0,1,0,0),
(3464,32,101,2,0,0,1,0,0),
(3465,33,101,2,0,0,1,1,33),
(3466,34,101,2,0,0,1,1,34),
(3467,35,101,2,0,0,1,0,0),
(3468,36,101,2,1,0,1,1,7),
(3469,37,101,2,1,0,1,1,8),
(3470,38,101,2,1,0,1,1,9),
(3471,39,101,2,1,0,1,1,10),
(3472,40,101,2,1,0,1,1,11),
(3473,41,101,2,1,0,1,1,12),
(3474,42,101,2,0,0,1,0,0),
(3475,43,101,2,0,0,1,1,35),
(3476,44,101,2,0,0,1,1,36),
(3477,1,102,2,1,1,1,1,1),
(3478,2,102,2,1,0,1,1,2),
(3479,3,102,2,1,0,1,1,3),
(3480,4,102,2,1,0,1,1,4),
(3481,5,102,2,0,0,1,1,14),
(3482,6,102,2,0,0,1,1,15),
(3483,7,102,2,0,0,1,1,16),
(3484,8,102,2,0,0,1,1,17),
(3485,9,102,2,0,0,1,1,18),
(3486,10,102,2,0,0,1,1,19),
(3487,11,102,2,0,0,1,1,20),
(3488,12,102,2,1,0,1,1,5),
(3489,13,102,2,0,0,1,1,21),
(3490,14,102,2,0,0,1,1,22),
(3491,15,102,2,0,0,1,0,0),
(3492,16,102,2,0,0,1,0,0),
(3493,17,102,2,0,0,1,0,0),
(3494,18,102,2,0,0,1,0,0),
(3495,19,102,2,1,0,1,1,6),
(3496,20,102,2,1,0,1,1,7),
(3497,21,102,2,0,0,1,1,23),
(3498,22,102,2,0,0,1,1,24),
(3499,23,102,2,0,0,1,1,25),
(3500,24,102,2,0,0,1,1,26),
(3501,25,102,2,0,0,1,1,27),
(3502,26,102,2,0,0,1,1,28),
(3503,27,102,2,0,0,1,1,29),
(3504,28,102,2,0,0,1,1,30),
(3505,29,102,2,0,0,1,1,31),
(3506,30,102,2,0,0,1,1,32),
(3507,31,102,2,0,0,1,0,0),
(3508,32,102,2,0,0,1,0,0),
(3509,33,102,2,0,0,1,1,33),
(3510,34,102,2,0,0,1,1,34),
(3511,35,102,2,0,0,1,0,0),
(3512,36,102,2,1,0,1,1,8),
(3513,37,102,2,1,0,1,1,9),
(3514,38,102,2,1,0,1,1,10),
(3515,39,102,2,1,0,1,1,11),
(3516,40,102,2,1,0,1,1,12),
(3517,41,102,2,1,0,1,1,13),
(3518,42,102,2,0,0,1,0,0),
(3519,43,102,2,0,0,1,1,35),
(3520,44,102,2,0,0,1,1,36),
(3521,1,103,2,1,1,1,1,1),
(3522,2,103,2,1,0,1,1,2),
(3523,3,103,2,1,0,1,1,3),
(3524,4,103,2,1,0,1,1,4),
(3525,5,103,2,0,0,1,1,14),
(3526,6,103,2,0,0,1,1,15),
(3527,7,103,2,0,0,1,1,16),
(3528,8,103,2,0,0,1,1,17),
(3529,9,103,2,0,0,1,1,18),
(3530,10,103,2,0,0,1,1,19),
(3531,11,103,2,0,0,1,1,20),
(3532,12,103,2,1,0,1,1,5),
(3533,13,103,2,0,0,1,1,21),
(3534,14,103,2,0,0,1,1,22),
(3535,15,103,2,0,0,1,0,0),
(3536,16,103,2,0,0,1,0,0),
(3537,17,103,2,0,0,1,0,0),
(3538,18,103,2,0,0,1,0,0),
(3539,19,103,2,1,0,1,1,6),
(3540,20,103,2,1,0,1,1,7),
(3541,21,103,2,0,0,1,1,23),
(3542,22,103,2,0,0,1,1,24),
(3543,23,103,2,0,0,1,1,25),
(3544,24,103,2,0,0,1,1,26),
(3545,25,103,2,0,0,1,1,27),
(3546,26,103,2,0,0,1,1,28),
(3547,27,103,2,0,0,1,1,29),
(3548,28,103,2,0,0,1,1,30),
(3549,29,103,2,0,0,1,1,31),
(3550,30,103,2,0,0,1,1,32),
(3551,31,103,2,0,0,1,0,0),
(3552,32,103,2,0,0,1,0,0),
(3553,33,103,2,0,0,1,1,33),
(3554,34,103,2,0,0,1,1,34),
(3555,35,103,2,0,0,1,0,0),
(3556,36,103,2,1,0,1,1,8),
(3557,37,103,2,1,0,1,1,9),
(3558,38,103,2,1,0,1,1,10),
(3559,39,103,2,1,0,1,1,11),
(3560,40,103,2,1,0,1,1,12),
(3561,41,103,2,1,0,1,1,13),
(3562,42,103,2,0,0,1,0,0),
(3563,43,103,2,0,0,1,1,35),
(3564,44,103,2,0,0,1,1,36),
(3565,1,104,2,1,1,1,1,1),
(3566,2,104,2,1,0,1,1,2),
(3567,3,104,2,1,0,1,1,3),
(3568,4,104,2,1,0,1,1,4),
(3569,5,104,2,0,0,1,1,14),
(3570,6,104,2,0,0,1,1,15),
(3571,7,104,2,0,0,1,1,16),
(3572,8,104,2,0,0,1,1,17),
(3573,9,104,2,0,0,1,1,18),
(3574,10,104,2,0,0,1,1,19),
(3575,11,104,2,0,0,1,1,20),
(3576,12,104,2,1,0,1,1,5),
(3577,13,104,2,0,0,1,1,21),
(3578,14,104,2,0,0,1,1,22),
(3579,15,104,2,0,0,1,0,0),
(3580,16,104,2,0,0,1,0,0),
(3581,17,104,2,0,0,1,0,0),
(3582,18,104,2,0,0,1,0,0),
(3583,19,104,2,1,0,1,1,6),
(3584,20,104,2,1,0,1,1,7),
(3585,21,104,2,0,0,1,1,23),
(3586,22,104,2,0,0,1,1,24),
(3587,23,104,2,0,0,1,1,25),
(3588,24,104,2,0,0,1,1,26),
(3589,25,104,2,0,0,1,1,27),
(3590,26,104,2,0,0,1,1,28),
(3591,27,104,2,0,0,1,1,29),
(3592,28,104,2,0,0,1,1,30),
(3593,29,104,2,0,0,1,1,31),
(3594,30,104,2,0,0,1,1,32),
(3595,31,104,2,0,0,1,0,0),
(3596,32,104,2,0,0,1,0,0),
(3597,33,104,2,0,0,1,1,33),
(3598,34,104,2,0,0,1,1,34),
(3599,35,104,2,0,0,1,0,0),
(3600,36,104,2,1,0,1,1,8),
(3601,37,104,2,1,0,1,1,9),
(3602,38,104,2,1,0,1,1,10),
(3603,39,104,2,1,0,1,1,11),
(3604,40,104,2,1,0,1,1,12),
(3605,41,104,2,1,0,1,1,13),
(3606,42,104,2,0,0,1,0,0),
(3607,43,104,2,0,0,1,1,35),
(3608,44,104,2,0,0,1,1,36),
(3609,1,105,2,1,1,1,1,1),
(3610,2,105,2,1,0,1,1,2),
(3611,3,105,2,1,0,1,1,3),
(3612,4,105,2,1,0,1,1,4),
(3613,5,105,2,0,0,1,1,14),
(3614,6,105,2,0,0,1,1,15),
(3615,7,105,2,0,0,1,1,16),
(3616,8,105,2,0,0,1,1,17),
(3617,9,105,2,0,0,1,1,18),
(3618,10,105,2,0,0,1,1,19),
(3619,11,105,2,0,0,1,1,20),
(3620,12,105,2,1,0,1,1,5),
(3621,13,105,2,0,0,1,1,21),
(3622,14,105,2,0,0,1,1,22),
(3623,15,105,2,0,0,1,0,0),
(3624,16,105,2,0,0,1,0,0),
(3625,17,105,2,0,0,1,0,0),
(3626,18,105,2,0,0,1,0,0),
(3627,19,105,2,1,0,1,1,6),
(3628,20,105,2,1,0,1,1,7),
(3629,21,105,2,0,0,1,1,23),
(3630,22,105,2,0,0,1,1,24),
(3631,23,105,2,0,0,1,1,25),
(3632,24,105,2,0,0,1,1,26),
(3633,25,105,2,0,0,1,1,27),
(3634,26,105,2,0,0,1,1,28),
(3635,27,105,2,0,0,1,1,29),
(3636,28,105,2,0,0,1,1,30),
(3637,29,105,2,0,0,1,1,31),
(3638,30,105,2,0,0,1,1,32),
(3639,31,105,2,0,0,1,0,0),
(3640,32,105,2,0,0,1,0,0),
(3641,33,105,2,0,0,1,1,33),
(3642,34,105,2,0,0,1,1,34),
(3643,35,105,2,0,0,1,0,0),
(3644,36,105,2,1,0,1,1,8),
(3645,37,105,2,1,0,1,1,9),
(3646,38,105,2,1,0,1,1,10),
(3647,39,105,2,1,0,1,1,11),
(3648,40,105,2,1,0,1,1,12),
(3649,41,105,2,1,0,1,1,13),
(3650,42,105,2,0,0,1,0,0),
(3651,43,105,2,0,0,1,1,35),
(3652,44,105,2,0,0,1,1,36),
(3653,1,106,2,1,1,1,1,1),
(3654,2,106,2,1,0,1,1,2),
(3655,3,106,2,1,0,1,1,3),
(3656,4,106,2,1,0,1,1,4),
(3657,5,106,2,0,0,1,1,16),
(3658,6,106,2,0,0,1,1,17),
(3659,7,106,2,0,0,1,1,18),
(3660,8,106,2,0,0,1,1,19),
(3661,9,106,2,0,0,1,1,20),
(3662,10,106,2,0,0,1,1,21),
(3663,11,106,2,0,0,1,1,22),
(3664,12,106,2,1,0,1,1,5),
(3665,13,106,2,0,0,1,1,23),
(3666,14,106,2,0,0,1,1,24),
(3667,15,106,2,0,0,1,0,0),
(3668,16,106,2,0,0,1,0,0),
(3669,17,106,2,0,0,1,0,0),
(3670,18,106,2,0,0,1,0,0),
(3671,19,106,2,1,0,1,1,6),
(3672,20,106,2,1,0,1,1,7),
(3673,21,106,2,0,0,1,1,25),
(3674,22,106,2,0,0,1,1,26),
(3675,23,106,2,0,0,1,1,27),
(3676,24,106,2,0,0,1,1,28),
(3677,25,106,2,0,0,1,1,29),
(3678,26,106,2,0,0,1,1,30),
(3679,27,106,2,0,0,1,1,31),
(3680,28,106,2,0,0,1,1,32),
(3681,29,106,2,0,0,1,1,33),
(3682,30,106,2,1,0,1,1,8),
(3683,31,106,2,0,0,1,0,0),
(3684,32,106,2,0,0,1,0,0),
(3685,33,106,2,0,0,1,1,34),
(3686,34,106,2,0,0,1,1,35),
(3687,35,106,2,0,0,1,0,0),
(3688,36,106,2,1,0,1,1,9),
(3689,37,106,2,1,0,1,1,10),
(3690,38,106,2,1,0,1,1,11),
(3691,39,106,2,1,0,1,1,12),
(3692,40,106,2,1,0,1,1,13),
(3693,41,106,2,1,0,1,1,14),
(3694,42,106,2,0,0,1,0,0),
(3695,43,106,2,1,0,1,1,15),
(3696,44,106,2,0,0,1,1,36),
(3697,1,107,2,1,1,1,1,1),
(3698,2,107,2,1,0,1,1,2),
(3699,3,107,2,1,0,1,1,3),
(3700,4,107,2,1,0,1,1,4),
(3701,5,107,2,0,0,1,1,14),
(3702,6,107,2,0,0,1,1,15),
(3703,7,107,2,0,0,1,1,16),
(3704,8,107,2,0,0,1,1,17),
(3705,9,107,2,0,0,1,1,18),
(3706,10,107,2,0,0,1,1,19),
(3707,11,107,2,0,0,1,1,20),
(3708,12,107,2,1,0,1,1,5),
(3709,13,107,2,1,0,1,1,6),
(3710,14,107,2,0,0,1,1,21),
(3711,15,107,2,0,0,1,0,0),
(3712,16,107,2,0,0,1,0,0),
(3713,17,107,2,0,0,1,0,0),
(3714,18,107,2,0,0,1,0,0),
(3715,19,107,2,1,0,1,1,7),
(3716,20,107,2,0,0,1,1,22),
(3717,21,107,2,0,0,1,1,23),
(3718,22,107,2,0,0,1,1,24),
(3719,23,107,2,0,0,1,1,25),
(3720,24,107,2,0,0,1,1,26),
(3721,25,107,2,0,0,1,1,27),
(3722,26,107,2,0,0,1,1,28),
(3723,27,107,2,0,0,1,1,29),
(3724,28,107,2,0,0,1,1,30),
(3725,29,107,2,0,0,1,1,31),
(3726,30,107,2,0,0,1,1,32),
(3727,31,107,2,0,0,1,0,0),
(3728,32,107,2,0,0,1,0,0),
(3729,33,107,2,0,0,1,1,33),
(3730,34,107,2,0,0,1,1,34),
(3731,35,107,2,0,0,1,0,0),
(3732,36,107,2,1,0,1,1,8),
(3733,37,107,2,1,0,1,1,9),
(3734,38,107,2,1,0,1,1,10),
(3735,39,107,2,1,0,1,1,11),
(3736,40,107,2,1,0,1,1,12),
(3737,41,107,2,1,0,1,1,13),
(3738,42,107,2,0,0,1,0,0),
(3739,43,107,2,0,0,1,1,35),
(3740,44,107,2,0,0,1,1,36),
(3741,1,108,2,1,1,1,1,1),
(3742,2,108,2,1,0,1,1,2),
(3743,3,108,2,1,0,1,1,3),
(3744,4,108,2,1,0,1,1,4),
(3745,5,108,2,0,0,1,1,14),
(3746,6,108,2,0,0,1,1,15),
(3747,7,108,2,0,0,1,1,16),
(3748,8,108,2,0,0,1,1,17),
(3749,9,108,2,0,0,1,1,18),
(3750,10,108,2,0,0,1,1,19),
(3751,11,108,2,0,0,1,1,20),
(3752,12,108,2,1,0,1,1,5),
(3753,13,108,2,0,0,1,1,21),
(3754,14,108,2,0,0,1,1,22),
(3755,15,108,2,0,0,1,0,0),
(3756,16,108,2,0,0,1,0,0),
(3757,17,108,2,0,0,1,0,0),
(3758,18,108,2,0,0,1,0,0),
(3759,19,108,2,1,0,1,1,6),
(3760,20,108,2,1,0,1,1,7),
(3761,21,108,2,0,0,1,1,23),
(3762,22,108,2,0,0,1,1,24),
(3763,23,108,2,0,0,1,1,25),
(3764,24,108,2,0,0,1,1,26),
(3765,25,108,2,0,0,1,1,27),
(3766,26,108,2,0,0,1,1,28),
(3767,27,108,2,0,0,1,1,29),
(3768,28,108,2,0,0,1,1,30),
(3769,29,108,2,0,0,1,1,31),
(3770,30,108,2,0,0,1,1,32),
(3771,31,108,2,0,0,1,0,0),
(3772,32,108,2,0,0,1,0,0),
(3773,33,108,2,0,0,1,1,33),
(3774,34,108,2,0,0,1,1,34),
(3775,35,108,2,0,0,1,0,0),
(3776,36,108,2,1,0,1,1,8),
(3777,37,108,2,1,0,1,1,9),
(3778,38,108,2,1,0,1,1,10),
(3779,39,108,2,1,0,1,1,11),
(3780,40,108,2,1,0,1,1,12),
(3781,41,108,2,1,0,1,1,13),
(3782,42,108,2,0,0,1,0,0),
(3783,43,108,2,0,0,1,1,35),
(3784,44,108,2,0,0,1,1,36),
(3785,1,109,2,1,1,1,1,1),
(3786,2,109,2,1,0,1,1,2),
(3787,3,109,2,1,0,1,1,3),
(3788,4,109,2,1,0,1,1,4),
(3789,5,109,2,0,0,1,1,14),
(3790,6,109,2,0,0,1,1,15),
(3791,7,109,2,0,0,1,1,16),
(3792,8,109,2,0,0,1,1,17),
(3793,9,109,2,0,0,1,1,18),
(3794,10,109,2,0,0,1,1,19),
(3795,11,109,2,0,0,1,1,20),
(3796,12,109,2,1,0,1,1,5),
(3797,13,109,2,0,0,1,1,21),
(3798,14,109,2,0,0,1,1,22),
(3799,15,109,2,0,0,1,0,0),
(3800,16,109,2,0,0,1,0,0),
(3801,17,109,2,0,0,1,0,0),
(3802,18,109,2,0,0,1,0,0),
(3803,19,109,2,1,0,1,1,6),
(3804,20,109,2,1,0,1,1,7),
(3805,21,109,2,0,0,1,1,23),
(3806,22,109,2,0,0,1,1,24),
(3807,23,109,2,0,0,1,1,25),
(3808,24,109,2,0,0,1,1,26),
(3809,25,109,2,0,0,1,1,27),
(3810,26,109,2,0,0,1,1,28),
(3811,27,109,2,0,0,1,1,29),
(3812,28,109,2,0,0,1,1,30),
(3813,29,109,2,0,0,1,1,31),
(3814,30,109,2,0,0,1,1,32),
(3815,31,109,2,0,0,1,0,0),
(3816,32,109,2,0,0,1,0,0),
(3817,33,109,2,0,0,1,1,33),
(3818,34,109,2,0,0,1,1,34),
(3819,35,109,2,0,0,1,0,0),
(3820,36,109,2,1,0,1,1,8),
(3821,37,109,2,1,0,1,1,9),
(3822,38,109,2,1,0,1,1,10),
(3823,39,109,2,1,0,1,1,11),
(3824,40,109,2,1,0,1,1,12),
(3825,41,109,2,1,0,1,1,13),
(3826,42,109,2,0,0,1,0,0),
(3827,43,109,2,0,0,1,1,35),
(3828,44,109,2,0,0,1,1,36),
(3829,1,110,2,1,1,1,1,1),
(3830,2,110,2,1,0,1,1,2),
(3831,3,110,2,1,0,1,1,3),
(3832,4,110,2,1,0,1,1,4),
(3833,5,110,2,0,0,1,1,13),
(3834,6,110,2,0,0,1,1,14),
(3835,7,110,2,0,0,1,1,15),
(3836,8,110,2,0,0,1,1,16),
(3837,9,110,2,0,0,1,1,17),
(3838,10,110,2,0,0,1,1,18),
(3839,11,110,2,0,0,1,1,19),
(3840,12,110,2,1,0,1,1,5),
(3841,13,110,2,1,0,1,1,6),
(3842,14,110,2,0,0,1,1,20),
(3843,15,110,2,0,0,1,0,0),
(3844,16,110,2,0,0,1,0,0),
(3845,17,110,2,0,0,1,0,0),
(3846,18,110,2,0,0,1,0,0),
(3847,19,110,2,0,0,1,1,21),
(3848,20,110,2,0,0,1,1,22),
(3849,21,110,2,0,0,1,1,23),
(3850,22,110,2,0,0,1,1,24),
(3851,23,110,2,0,0,1,1,25),
(3852,24,110,2,0,0,1,1,26),
(3853,25,110,2,0,0,1,1,27),
(3854,26,110,2,0,0,1,1,28),
(3855,27,110,2,0,0,1,1,29),
(3856,28,110,2,0,0,1,1,30),
(3857,29,110,2,0,0,1,1,31),
(3858,30,110,2,0,0,1,1,32),
(3859,31,110,2,0,0,1,0,0),
(3860,32,110,2,0,0,1,0,0),
(3861,33,110,2,0,0,1,1,33),
(3862,34,110,2,0,0,1,1,34),
(3863,35,110,2,0,0,1,0,0),
(3864,36,110,2,1,0,1,1,7),
(3865,37,110,2,1,0,1,1,8),
(3866,38,110,2,1,0,1,1,9),
(3867,39,110,2,1,0,1,1,10),
(3868,40,110,2,1,0,1,1,11),
(3869,41,110,2,1,0,1,1,12),
(3870,42,110,2,0,0,1,0,0),
(3871,43,110,2,0,0,1,1,35),
(3872,44,110,2,0,0,1,1,36),
(3873,1,111,2,1,1,1,1,1),
(3874,2,111,2,1,0,1,1,2),
(3875,3,111,2,1,0,1,1,3),
(3876,4,111,2,1,0,1,1,4),
(3877,5,111,2,0,0,1,1,13),
(3878,6,111,2,0,0,1,1,14),
(3879,7,111,2,0,0,1,1,15),
(3880,8,111,2,0,0,1,1,16),
(3881,9,111,2,0,0,1,1,17),
(3882,10,111,2,0,0,1,1,18),
(3883,11,111,2,0,0,1,1,19),
(3884,12,111,2,1,0,1,1,5),
(3885,13,111,2,1,0,1,1,6),
(3886,14,111,2,0,0,1,1,20),
(3887,15,111,2,0,0,1,0,0),
(3888,16,111,2,0,0,1,0,0),
(3889,17,111,2,0,0,1,0,0),
(3890,18,111,2,0,0,1,0,0),
(3891,19,111,2,0,0,1,1,21),
(3892,20,111,2,0,0,1,1,22),
(3893,21,111,2,0,0,1,1,23),
(3894,22,111,2,0,0,1,1,24),
(3895,23,111,2,0,0,1,1,25),
(3896,24,111,2,0,0,1,1,26),
(3897,25,111,2,0,0,1,1,27),
(3898,26,111,2,0,0,1,1,28),
(3899,27,111,2,0,0,1,1,29),
(3900,28,111,2,0,0,1,1,30),
(3901,29,111,2,0,0,1,1,31),
(3902,30,111,2,0,0,1,1,32),
(3903,31,111,2,0,0,1,0,0),
(3904,32,111,2,0,0,1,0,0),
(3905,33,111,2,0,0,1,1,33),
(3906,34,111,2,0,0,1,1,34),
(3907,35,111,2,0,0,1,0,0),
(3908,36,111,2,1,0,1,1,7),
(3909,37,111,2,1,0,1,1,8),
(3910,38,111,2,1,0,1,1,9),
(3911,39,111,2,1,0,1,1,10),
(3912,40,111,2,1,0,1,1,11),
(3913,41,111,2,1,0,1,1,12),
(3914,42,111,2,0,0,1,0,0),
(3915,43,111,2,0,0,1,1,35),
(3916,44,111,2,0,0,1,1,36),
(3917,1,112,2,1,1,1,1,1),
(3918,2,112,2,1,0,1,1,2),
(3919,3,112,2,1,0,1,1,3),
(3920,4,112,2,1,0,1,1,4),
(3921,5,112,2,0,0,1,1,13),
(3922,6,112,2,0,0,1,1,14),
(3923,7,112,2,0,0,1,1,15),
(3924,8,112,2,0,0,1,1,16),
(3925,9,112,2,0,0,1,1,17),
(3926,10,112,2,0,0,1,1,18),
(3927,11,112,2,0,0,1,1,19),
(3928,12,112,2,1,0,1,1,5),
(3929,13,112,2,1,0,1,1,6),
(3930,14,112,2,0,0,1,1,20),
(3931,15,112,2,0,0,1,0,0),
(3932,16,112,2,0,0,1,0,0),
(3933,17,112,2,0,0,1,0,0),
(3934,18,112,2,0,0,1,0,0),
(3935,19,112,2,0,0,1,1,21),
(3936,20,112,2,0,0,1,1,22),
(3937,21,112,2,0,0,1,1,23),
(3938,22,112,2,0,0,1,1,24),
(3939,23,112,2,0,0,1,1,25),
(3940,24,112,2,0,0,1,1,26),
(3941,25,112,2,0,0,1,1,27),
(3942,26,112,2,0,0,1,1,28),
(3943,27,112,2,0,0,1,1,29),
(3944,28,112,2,0,0,1,1,30),
(3945,29,112,2,0,0,1,1,31),
(3946,30,112,2,0,0,1,1,32),
(3947,31,112,2,0,0,1,0,0),
(3948,32,112,2,0,0,1,0,0),
(3949,33,112,2,0,0,1,1,33),
(3950,34,112,2,0,0,1,1,34),
(3951,35,112,2,0,0,1,0,0),
(3952,36,112,2,1,0,1,1,7),
(3953,37,112,2,1,0,1,1,8),
(3954,38,112,2,1,0,1,1,9),
(3955,39,112,2,1,0,1,1,10),
(3956,40,112,2,1,0,1,1,11),
(3957,41,112,2,1,0,1,1,12),
(3958,42,112,2,0,0,1,0,0),
(3959,43,112,2,0,0,1,1,35),
(3960,44,112,2,0,0,1,1,36),
(3961,1,113,2,1,1,1,1,1),
(3962,2,113,2,1,0,1,1,2),
(3963,3,113,2,1,0,1,1,3),
(3964,4,113,2,1,0,1,1,4),
(3965,5,113,2,0,0,1,1,13),
(3966,6,113,2,0,0,1,1,14),
(3967,7,113,2,0,0,1,1,15),
(3968,8,113,2,0,0,1,1,16),
(3969,9,113,2,0,0,1,1,17),
(3970,10,113,2,0,0,1,1,18),
(3971,11,113,2,0,0,1,1,19),
(3972,12,113,2,1,0,1,1,5),
(3973,13,113,2,1,0,1,1,6),
(3974,14,113,2,0,0,1,1,20),
(3975,15,113,2,0,0,1,0,0),
(3976,16,113,2,0,0,1,0,0),
(3977,17,113,2,0,0,1,0,0),
(3978,18,113,2,0,0,1,0,0),
(3979,19,113,2,0,0,1,1,21),
(3980,20,113,2,0,0,1,1,22),
(3981,21,113,2,0,0,1,1,23),
(3982,22,113,2,0,0,1,1,24),
(3983,23,113,2,0,0,1,1,25),
(3984,24,113,2,0,0,1,1,26),
(3985,25,113,2,0,0,1,1,27),
(3986,26,113,2,0,0,1,1,28),
(3987,27,113,2,0,0,1,1,29),
(3988,28,113,2,0,0,1,1,30),
(3989,29,113,2,0,0,1,1,31),
(3990,30,113,2,0,0,1,1,32),
(3991,31,113,2,0,0,1,0,0),
(3992,32,113,2,0,0,1,0,0),
(3993,33,113,2,0,0,1,1,33),
(3994,34,113,2,0,0,1,1,34),
(3995,35,113,2,0,0,1,0,0),
(3996,36,113,2,1,0,1,1,7),
(3997,37,113,2,1,0,1,1,8),
(3998,38,113,2,1,0,1,1,9),
(3999,39,113,2,1,0,1,1,10),
(4000,40,113,2,1,0,1,1,11),
(4001,41,113,2,1,0,1,1,12),
(4002,42,113,2,0,0,1,0,0),
(4003,43,113,2,0,0,1,1,35),
(4004,44,113,2,0,0,1,1,36),
(4005,1,114,2,1,1,1,1,1),
(4006,2,114,2,1,0,1,1,2),
(4007,3,114,2,1,0,1,1,3),
(4008,4,114,2,1,0,1,1,4),
(4009,5,114,2,0,0,1,1,14),
(4010,6,114,2,0,0,1,1,15),
(4011,7,114,2,0,0,1,1,16),
(4012,8,114,2,0,0,1,1,17),
(4013,9,114,2,0,0,1,1,18),
(4014,10,114,2,0,0,1,1,19),
(4015,11,114,2,0,0,1,1,20),
(4016,12,114,2,1,0,1,1,5),
(4017,13,114,2,1,0,1,1,6),
(4018,14,114,2,0,0,1,1,21),
(4019,15,114,2,0,0,1,0,0),
(4020,16,114,2,0,0,1,0,0),
(4021,17,114,2,0,0,1,0,0),
(4022,18,114,2,0,0,1,0,0),
(4023,19,114,2,0,0,1,1,22),
(4024,20,114,2,0,0,1,1,23),
(4025,21,114,2,0,0,1,1,24),
(4026,22,114,2,0,0,1,1,25),
(4027,23,114,2,0,0,1,1,26),
(4028,24,114,2,0,0,1,1,27),
(4029,25,114,2,0,0,1,1,28),
(4030,26,114,2,0,0,1,1,29),
(4031,27,114,2,0,0,1,1,30),
(4032,28,114,2,0,0,1,1,31),
(4033,29,114,2,0,0,1,1,32),
(4034,30,114,2,1,0,1,1,7),
(4035,31,114,2,0,0,1,0,0),
(4036,32,114,2,0,0,1,0,0),
(4037,33,114,2,0,0,1,1,33),
(4038,34,114,2,0,0,1,1,34),
(4039,35,114,2,0,0,1,0,0),
(4040,36,114,2,1,0,1,1,8),
(4041,37,114,2,1,0,1,1,9),
(4042,38,114,2,1,0,1,1,10),
(4043,39,114,2,1,0,1,1,11),
(4044,40,114,2,1,0,1,1,12),
(4045,41,114,2,1,0,1,1,13),
(4046,42,114,2,0,0,1,0,0),
(4047,43,114,2,0,0,1,1,35),
(4048,44,114,2,0,0,1,1,36),
(4049,1,115,2,1,1,1,1,1),
(4050,2,115,2,1,0,1,1,2),
(4051,3,115,2,1,0,1,1,3),
(4052,4,115,2,1,0,1,1,4),
(4053,5,115,2,0,0,1,1,13),
(4054,6,115,2,0,0,1,1,14),
(4055,7,115,2,0,0,1,1,15),
(4056,8,115,2,0,0,1,1,16),
(4057,9,115,2,0,0,1,1,17),
(4058,10,115,2,0,0,1,1,18),
(4059,11,115,2,0,0,1,1,19),
(4060,12,115,2,0,0,1,1,20),
(4061,13,115,2,1,0,1,1,5),
(4062,14,115,2,0,0,1,1,21),
(4063,15,115,2,0,0,1,0,0),
(4064,16,115,2,0,0,1,0,0),
(4065,17,115,2,0,0,1,0,0),
(4066,18,115,2,0,0,1,0,0),
(4067,19,115,2,0,0,1,1,22),
(4068,20,115,2,0,0,1,1,23),
(4069,21,115,2,0,0,1,1,24),
(4070,22,115,2,0,0,1,1,25),
(4071,23,115,2,0,0,1,1,26),
(4072,24,115,2,0,0,1,1,27),
(4073,25,115,2,0,0,1,1,28),
(4074,26,115,2,0,0,1,1,29),
(4075,27,115,2,0,0,1,1,30),
(4076,28,115,2,0,0,1,1,31),
(4077,29,115,2,0,0,1,1,32),
(4078,30,115,2,0,0,1,1,33),
(4079,31,115,2,0,0,1,0,0),
(4080,32,115,2,0,0,1,0,0),
(4081,33,115,2,0,0,1,1,34),
(4082,34,115,2,0,0,1,1,35),
(4083,35,115,2,0,0,1,0,0),
(4084,36,115,2,1,0,1,1,6),
(4085,37,115,2,1,0,1,1,7),
(4086,38,115,2,1,0,1,1,8),
(4087,39,115,2,1,0,1,1,9),
(4088,40,115,2,1,0,1,1,10),
(4089,41,115,2,1,0,1,1,11),
(4090,42,115,2,0,0,1,0,0),
(4091,43,115,2,0,0,1,1,36),
(4092,44,115,2,0,0,1,1,37),
(4093,1,116,2,1,1,1,1,1),
(4094,2,116,2,1,0,1,1,2),
(4095,3,116,2,1,0,1,1,3),
(4096,4,116,2,1,0,1,1,4),
(4097,5,116,2,0,0,1,1,14),
(4098,6,116,2,0,0,1,1,15),
(4099,7,116,2,0,0,1,1,16),
(4100,8,116,2,0,0,1,1,17),
(4101,9,116,2,0,0,1,1,18),
(4102,10,116,2,0,0,1,1,19),
(4103,11,116,2,0,0,1,1,20),
(4104,12,116,2,1,0,1,1,5),
(4105,13,116,2,1,0,1,1,6),
(4106,14,116,2,0,0,1,1,21),
(4107,15,116,2,0,0,1,0,0),
(4108,16,116,2,0,0,1,0,0),
(4109,17,116,2,0,0,1,0,0),
(4110,18,116,2,0,0,1,0,0),
(4111,19,116,2,1,0,1,1,7),
(4112,20,116,2,0,0,1,1,22),
(4113,21,116,2,0,0,1,1,23),
(4114,22,116,2,0,0,1,1,24),
(4115,23,116,2,0,0,1,1,25),
(4116,24,116,2,0,0,1,1,26),
(4117,25,116,2,0,0,1,1,27),
(4118,26,116,2,0,0,1,1,28),
(4119,27,116,2,0,0,1,1,29),
(4120,28,116,2,0,0,1,1,30),
(4121,29,116,2,0,0,1,1,31),
(4122,30,116,2,0,0,1,1,32),
(4123,31,116,2,0,0,1,0,0),
(4124,32,116,2,0,0,1,0,0),
(4125,33,116,2,0,0,1,1,33),
(4126,34,116,2,0,0,1,1,34),
(4127,35,116,2,0,0,1,0,0),
(4128,36,116,2,1,0,1,1,8),
(4129,37,116,2,1,0,1,1,9),
(4130,38,116,2,1,0,1,1,10),
(4131,39,116,2,1,0,1,1,11),
(4132,40,116,2,1,0,1,1,12),
(4133,41,116,2,1,0,1,1,13),
(4134,42,116,2,0,0,1,0,0),
(4135,43,116,2,0,0,1,1,35),
(4136,44,116,2,0,0,1,1,36),
(4137,1,117,2,1,1,1,1,1),
(4138,2,117,2,1,0,1,1,2),
(4139,3,117,2,1,0,1,1,3),
(4140,4,117,2,1,0,1,1,4),
(4141,5,117,2,0,0,1,1,13),
(4142,6,117,2,0,0,1,1,14),
(4143,7,117,2,0,0,1,1,15),
(4144,8,117,2,0,0,1,1,16),
(4145,9,117,2,0,0,1,1,17),
(4146,10,117,2,0,0,1,1,18),
(4147,11,117,2,0,0,1,1,19),
(4148,12,117,2,1,0,1,1,5),
(4149,13,117,2,0,0,1,1,20),
(4150,14,117,2,0,0,1,1,21),
(4151,15,117,2,0,0,1,0,0),
(4152,16,117,2,0,0,1,0,0),
(4153,17,117,2,0,0,1,0,0),
(4154,18,117,2,0,0,1,0,0),
(4155,19,117,2,0,0,1,1,22),
(4156,20,117,2,1,0,1,1,6),
(4157,21,117,2,0,0,1,1,23),
(4158,22,117,2,0,0,1,1,24),
(4159,23,117,2,0,0,1,1,25),
(4160,24,117,2,0,0,1,1,26),
(4161,25,117,2,0,0,1,1,27),
(4162,26,117,2,0,0,1,1,28),
(4163,27,117,2,0,0,1,1,29),
(4164,28,117,2,0,0,1,1,30),
(4165,29,117,2,0,0,1,1,31),
(4166,30,117,2,0,0,1,1,32),
(4167,31,117,2,0,0,1,0,0),
(4168,32,117,2,0,0,1,0,0),
(4169,33,117,2,0,0,1,1,33),
(4170,34,117,2,0,0,1,1,34),
(4171,35,117,2,0,0,1,0,0),
(4172,36,117,2,1,0,1,1,7),
(4173,37,117,2,1,0,1,1,8),
(4174,38,117,2,1,0,1,1,9),
(4175,39,117,2,1,0,1,1,10),
(4176,40,117,2,1,0,1,1,11),
(4177,41,117,2,1,0,1,1,12),
(4178,42,117,2,0,0,1,0,0),
(4179,43,117,2,0,0,1,1,35),
(4180,44,117,2,0,0,1,1,36),
(4181,1,118,2,1,1,1,1,1),
(4182,2,118,2,1,0,1,1,2),
(4183,3,118,2,1,0,1,1,3),
(4184,4,118,2,1,0,1,1,4),
(4185,5,118,2,0,0,1,1,13),
(4186,6,118,2,0,0,1,1,14),
(4187,7,118,2,0,0,1,1,15),
(4188,8,118,2,0,0,1,1,16),
(4189,9,118,2,0,0,1,1,17),
(4190,10,118,2,0,0,1,1,18),
(4191,11,118,2,0,0,1,1,19),
(4192,12,118,2,1,0,1,1,5),
(4193,13,118,2,0,0,1,1,20),
(4194,14,118,2,0,0,1,1,21),
(4195,15,118,2,0,0,1,0,0),
(4196,16,118,2,0,0,1,0,0),
(4197,17,118,2,0,0,1,0,0),
(4198,18,118,2,0,0,1,0,0),
(4199,19,118,2,0,0,1,1,22),
(4200,20,118,2,1,0,1,1,6),
(4201,21,118,2,0,0,1,1,23),
(4202,22,118,2,0,0,1,1,24),
(4203,23,118,2,0,0,1,1,25),
(4204,24,118,2,0,0,1,1,26),
(4205,25,118,2,0,0,1,1,27),
(4206,26,118,2,0,0,1,1,28),
(4207,27,118,2,0,0,1,1,29),
(4208,28,118,2,0,0,1,1,30),
(4209,29,118,2,0,0,1,1,31),
(4210,30,118,2,0,0,1,1,32),
(4211,31,118,2,0,0,1,0,0),
(4212,32,118,2,0,0,1,0,0),
(4213,33,118,2,0,0,1,1,33),
(4214,34,118,2,0,0,1,1,34),
(4215,35,118,2,0,0,1,0,0),
(4216,36,118,2,1,0,1,1,7),
(4217,37,118,2,1,0,1,1,8),
(4218,38,118,2,1,0,1,1,9),
(4219,39,118,2,1,0,1,1,10),
(4220,40,118,2,1,0,1,1,11),
(4221,41,118,2,1,0,1,1,12),
(4222,42,118,2,0,0,1,0,0),
(4223,43,118,2,0,0,1,1,35),
(4224,44,118,2,0,0,1,1,36),
(4225,1,119,2,1,1,1,1,1),
(4226,2,119,2,1,0,1,1,2),
(4227,3,119,2,1,0,1,1,3),
(4228,4,119,2,0,0,1,1,13),
(4229,5,119,2,0,0,1,1,14),
(4230,6,119,2,0,0,1,1,15),
(4231,7,119,2,0,0,1,1,16),
(4232,8,119,2,0,0,1,1,17),
(4233,9,119,2,0,0,1,1,18),
(4234,10,119,2,0,0,1,1,19),
(4235,11,119,2,0,0,1,1,20),
(4236,12,119,2,1,0,1,1,4),
(4237,13,119,2,0,0,1,1,21),
(4238,14,119,2,0,0,1,1,22),
(4239,15,119,2,0,0,1,0,0),
(4240,16,119,2,0,0,1,0,0),
(4241,17,119,2,0,0,1,0,0),
(4242,18,119,2,0,0,1,0,0),
(4243,19,119,2,1,0,1,1,5),
(4244,20,119,2,1,0,1,1,6),
(4245,21,119,2,0,0,1,1,23),
(4246,22,119,2,0,0,1,1,24),
(4247,23,119,2,0,0,1,1,25),
(4248,24,119,2,0,0,1,1,26),
(4249,25,119,2,0,0,1,1,27),
(4250,26,119,2,0,0,1,1,28),
(4251,27,119,2,0,0,1,1,29),
(4252,28,119,2,0,0,1,1,30),
(4253,29,119,2,0,0,1,1,31),
(4254,30,119,2,0,0,1,1,32),
(4255,31,119,2,0,0,1,0,0),
(4256,32,119,2,0,0,1,0,0),
(4257,33,119,2,0,0,1,1,33),
(4258,34,119,2,0,0,1,1,34),
(4259,35,119,2,0,0,1,0,0),
(4260,36,119,2,1,0,1,1,7),
(4261,37,119,2,1,0,1,1,8),
(4262,38,119,2,1,0,1,1,9),
(4263,39,119,2,1,0,1,1,10),
(4264,40,119,2,1,0,1,1,11),
(4265,41,119,2,1,0,1,1,12),
(4266,42,119,2,0,0,1,0,0),
(4267,43,119,2,0,0,1,1,35),
(4268,44,119,2,0,0,1,1,36),
(4269,1,120,2,1,1,1,1,1),
(4270,2,120,2,1,0,1,1,2),
(4271,3,120,2,1,0,1,1,3),
(4272,4,120,2,0,0,1,1,13),
(4273,5,120,2,0,0,1,1,14),
(4274,6,120,2,0,0,1,1,15),
(4275,7,120,2,0,0,1,1,16),
(4276,8,120,2,0,0,1,1,17),
(4277,9,120,2,0,0,1,1,18),
(4278,10,120,2,0,0,1,1,19),
(4279,11,120,2,0,0,1,1,20),
(4280,12,120,2,1,0,1,1,4),
(4281,13,120,2,0,0,1,1,21),
(4282,14,120,2,0,0,1,1,22),
(4283,15,120,2,0,0,1,0,0),
(4284,16,120,2,0,0,1,0,0),
(4285,17,120,2,0,0,1,0,0),
(4286,18,120,2,0,0,1,0,0),
(4287,19,120,2,1,0,1,1,5),
(4288,20,120,2,1,0,1,1,6),
(4289,21,120,2,0,0,1,1,23),
(4290,22,120,2,0,0,1,1,24),
(4291,23,120,2,0,0,1,1,25),
(4292,24,120,2,0,0,1,1,26),
(4293,25,120,2,0,0,1,1,27),
(4294,26,120,2,0,0,1,1,28),
(4295,27,120,2,0,0,1,1,29),
(4296,28,120,2,0,0,1,1,30),
(4297,29,120,2,0,0,1,1,31),
(4298,30,120,2,0,0,1,1,32),
(4299,31,120,2,0,0,1,0,0),
(4300,32,120,2,0,0,1,0,0),
(4301,33,120,2,0,0,1,1,33),
(4302,34,120,2,0,0,1,1,34),
(4303,35,120,2,0,0,1,0,0),
(4304,36,120,2,1,0,1,1,7),
(4305,37,120,2,1,0,1,1,8),
(4306,38,120,2,1,0,1,1,9),
(4307,39,120,2,1,0,1,1,10),
(4308,40,120,2,1,0,1,1,11),
(4309,41,120,2,1,0,1,1,12),
(4310,42,120,2,0,0,1,0,0),
(4311,43,120,2,0,0,1,1,35),
(4312,44,120,2,0,0,1,1,36),
(4313,1,121,2,1,1,1,1,1),
(4314,2,121,2,1,0,1,1,2),
(4315,3,121,2,1,0,1,1,3),
(4316,4,121,2,1,0,1,1,4),
(4317,5,121,2,0,0,1,1,14),
(4318,6,121,2,0,0,1,1,15),
(4319,7,121,2,0,0,1,1,16),
(4320,8,121,2,0,0,1,1,17),
(4321,9,121,2,0,0,1,1,18),
(4322,10,121,2,0,0,1,1,19),
(4323,11,121,2,0,0,1,1,20),
(4324,12,121,2,1,0,1,1,5),
(4325,13,121,2,0,0,1,1,21),
(4326,14,121,2,0,0,1,1,22),
(4327,15,121,2,0,0,1,0,0),
(4328,16,121,2,0,0,1,0,0),
(4329,17,121,2,0,0,1,0,0),
(4330,18,121,2,0,0,1,0,0),
(4331,19,121,2,1,0,1,1,6),
(4332,20,121,2,1,0,1,1,7),
(4333,21,121,2,0,0,1,1,23),
(4334,22,121,2,0,0,1,1,24),
(4335,23,121,2,0,0,1,1,25),
(4336,24,121,2,0,0,1,1,26),
(4337,25,121,2,0,0,1,1,27),
(4338,26,121,2,0,0,1,1,28),
(4339,27,121,2,0,0,1,1,29),
(4340,28,121,2,0,0,1,1,30),
(4341,29,121,2,0,0,1,1,31),
(4342,30,121,2,0,0,1,1,32),
(4343,31,121,2,0,0,1,0,0),
(4344,32,121,2,0,0,1,0,0),
(4345,33,121,2,0,0,1,1,33),
(4346,34,121,2,0,0,1,1,34),
(4347,35,121,2,0,0,1,0,0),
(4348,36,121,2,1,0,1,1,8),
(4349,37,121,2,1,0,1,1,9),
(4350,38,121,2,1,0,1,1,10),
(4351,39,121,2,1,0,1,1,11),
(4352,40,121,2,1,0,1,1,12),
(4353,41,121,2,1,0,1,1,13),
(4354,42,121,2,0,0,1,0,0),
(4355,43,121,2,0,0,1,1,35),
(4356,44,121,2,0,0,1,1,36),
(4357,1,122,2,1,1,1,1,1),
(4358,2,122,2,1,0,1,1,2),
(4359,3,122,2,1,0,1,1,3),
(4360,4,122,2,1,0,1,1,4),
(4361,5,122,2,0,0,1,1,14),
(4362,6,122,2,0,0,1,1,15),
(4363,7,122,2,0,0,1,1,16),
(4364,8,122,2,0,0,1,1,17),
(4365,9,122,2,0,0,1,1,18),
(4366,10,122,2,0,0,1,1,19),
(4367,11,122,2,0,0,1,1,20),
(4368,12,122,2,1,0,1,1,5),
(4369,13,122,2,0,0,1,1,21),
(4370,14,122,2,0,0,1,1,22),
(4371,15,122,2,0,0,1,0,0),
(4372,16,122,2,0,0,1,0,0),
(4373,17,122,2,0,0,1,0,0),
(4374,18,122,2,0,0,1,0,0),
(4375,19,122,2,1,0,1,1,6),
(4376,20,122,2,1,0,1,1,7),
(4377,21,122,2,0,0,1,1,23),
(4378,22,122,2,0,0,1,1,24),
(4379,23,122,2,0,0,1,1,25),
(4380,24,122,2,0,0,1,1,26),
(4381,25,122,2,0,0,1,1,27),
(4382,26,122,2,0,0,1,1,28),
(4383,27,122,2,0,0,1,1,29),
(4384,28,122,2,0,0,1,1,30),
(4385,29,122,2,0,0,1,1,31),
(4386,30,122,2,0,0,1,1,32),
(4387,31,122,2,0,0,1,0,0),
(4388,32,122,2,0,0,1,0,0),
(4389,33,122,2,0,0,1,1,33),
(4390,34,122,2,0,0,1,1,34),
(4391,35,122,2,0,0,1,0,0),
(4392,36,122,2,1,0,1,1,8),
(4393,37,122,2,1,0,1,1,9),
(4394,38,122,2,1,0,1,1,10),
(4395,39,122,2,1,0,1,1,11),
(4396,40,122,2,1,0,1,1,12),
(4397,41,122,2,1,0,1,1,13),
(4398,42,122,2,0,0,1,0,0),
(4399,43,122,2,0,0,1,1,35),
(4400,44,122,2,0,0,1,1,36),
(4401,1,123,2,1,1,1,1,1),
(4402,2,123,2,1,0,1,1,2),
(4403,3,123,2,1,0,1,1,3),
(4404,4,123,2,1,0,1,1,4),
(4405,5,123,2,0,0,1,1,15),
(4406,6,123,2,0,0,1,1,16),
(4407,7,123,2,0,0,1,1,17),
(4408,8,123,2,0,0,1,1,18),
(4409,9,123,2,0,0,1,1,19),
(4410,10,123,2,0,0,1,1,20),
(4411,11,123,2,0,0,1,1,21),
(4412,12,123,2,0,0,1,1,22),
(4413,13,123,2,0,0,1,1,23),
(4414,14,123,2,0,0,1,1,24),
(4415,15,123,2,0,0,1,0,0),
(4416,16,123,2,0,0,1,0,0),
(4417,17,123,2,0,0,1,0,0),
(4418,18,123,2,0,0,1,0,0),
(4419,19,123,2,1,0,1,1,5),
(4420,20,123,2,1,0,1,1,6),
(4421,21,123,2,0,0,1,1,25),
(4422,22,123,2,0,0,1,1,26),
(4423,23,123,2,0,0,1,1,27),
(4424,24,123,2,0,0,1,1,28),
(4425,25,123,2,0,0,1,1,29),
(4426,26,123,2,0,0,1,1,30),
(4427,27,123,2,0,0,1,1,31),
(4428,28,123,2,0,0,1,1,32),
(4429,29,123,2,0,0,1,1,33),
(4430,30,123,2,1,0,1,1,7),
(4431,31,123,2,0,0,1,0,0),
(4432,32,123,2,0,0,1,0,0),
(4433,33,123,2,0,0,1,1,34),
(4434,34,123,2,0,0,1,1,35),
(4435,35,123,2,0,0,1,0,0),
(4436,36,123,2,1,0,1,1,8),
(4437,37,123,2,1,0,1,1,9),
(4438,38,123,2,1,0,1,1,10),
(4439,39,123,2,1,0,1,1,11),
(4440,40,123,2,1,0,1,1,12),
(4441,41,123,2,1,0,1,1,13),
(4442,42,123,2,0,0,1,0,0),
(4443,43,123,2,0,0,1,1,36),
(4444,44,123,2,0,0,1,1,37),
(4445,1,124,2,1,1,1,1,1),
(4446,2,124,2,1,0,1,1,2),
(4447,3,124,2,1,0,1,1,3),
(4448,4,124,2,1,0,1,1,4),
(4449,5,124,2,0,0,1,1,14),
(4450,6,124,2,0,0,1,1,15),
(4451,7,124,2,0,0,1,1,16),
(4452,8,124,2,0,0,1,1,17),
(4453,9,124,2,0,0,1,1,18),
(4454,10,124,2,0,0,1,1,19),
(4455,11,124,2,0,0,1,1,20),
(4456,12,124,2,1,0,1,1,5),
(4457,13,124,2,1,0,1,1,6),
(4458,14,124,2,0,0,1,1,21),
(4459,15,124,2,0,0,1,0,0),
(4460,16,124,2,0,0,1,0,0),
(4461,17,124,2,0,0,1,0,0),
(4462,18,124,2,0,0,1,0,0),
(4463,19,124,2,1,0,1,1,7),
(4464,20,124,2,0,0,1,1,22),
(4465,21,124,2,0,0,1,1,23),
(4466,22,124,2,0,0,1,1,24),
(4467,23,124,2,0,0,1,1,25),
(4468,24,124,2,0,0,1,1,26),
(4469,25,124,2,0,0,1,1,27),
(4470,26,124,2,0,0,1,1,28),
(4471,27,124,2,0,0,1,1,29),
(4472,28,124,2,0,0,1,1,30),
(4473,29,124,2,0,0,1,1,31),
(4474,30,124,2,0,0,1,1,32),
(4475,31,124,2,0,0,1,0,0),
(4476,32,124,2,0,0,1,0,0),
(4477,33,124,2,0,0,1,1,33),
(4478,34,124,2,0,0,1,1,34),
(4479,35,124,2,0,0,1,0,0),
(4480,36,124,2,1,0,1,1,8),
(4481,37,124,2,1,0,1,1,9),
(4482,38,124,2,1,0,1,1,10),
(4483,39,124,2,1,0,1,1,11),
(4484,40,124,2,1,0,1,1,12),
(4485,41,124,2,1,0,1,1,13),
(4486,42,124,2,0,0,1,0,0),
(4487,43,124,2,0,0,1,1,35),
(4488,44,124,2,0,0,1,1,36),
(4489,1,125,2,1,1,1,1,1),
(4490,2,125,2,1,0,1,1,2),
(4491,3,125,2,1,0,1,1,3),
(4492,4,125,2,1,0,1,1,4),
(4493,5,125,2,0,0,1,1,13),
(4494,6,125,2,0,0,1,1,14),
(4495,7,125,2,0,0,1,1,15),
(4496,8,125,2,0,0,1,1,16),
(4497,9,125,2,0,0,1,1,17),
(4498,10,125,2,0,0,1,1,18),
(4499,11,125,2,0,0,1,1,19),
(4500,12,125,2,1,0,1,1,5),
(4501,13,125,2,0,0,1,1,20),
(4502,14,125,2,0,0,1,1,21),
(4503,15,125,2,0,0,1,0,0),
(4504,16,125,2,0,0,1,0,0),
(4505,17,125,2,0,0,1,0,0),
(4506,18,125,2,0,0,1,0,0),
(4507,19,125,2,0,0,1,1,22),
(4508,20,125,2,1,0,1,1,6),
(4509,21,125,2,0,0,1,1,23),
(4510,22,125,2,0,0,1,1,24),
(4511,23,125,2,0,0,1,1,25),
(4512,24,125,2,0,0,1,1,26),
(4513,25,125,2,0,0,1,1,27),
(4514,26,125,2,0,0,1,1,28),
(4515,27,125,2,0,0,1,1,29),
(4516,28,125,2,0,0,1,1,30),
(4517,29,125,2,0,0,1,1,31),
(4518,30,125,2,0,0,1,1,32),
(4519,31,125,2,0,0,1,0,0),
(4520,32,125,2,0,0,1,0,0),
(4521,33,125,2,0,0,1,1,33),
(4522,34,125,2,0,0,1,1,34),
(4523,35,125,2,0,0,1,0,0),
(4524,36,125,2,1,0,1,1,7),
(4525,37,125,2,1,0,1,1,8),
(4526,38,125,2,1,0,1,1,9),
(4527,39,125,2,1,0,1,1,10),
(4528,40,125,2,1,0,1,1,11),
(4529,41,125,2,1,0,1,1,12),
(4530,42,125,2,0,0,1,0,0),
(4531,43,125,2,0,0,1,1,35),
(4532,44,125,2,0,0,1,1,36),
(4533,1,126,2,1,1,1,1,1),
(4534,2,126,2,1,0,1,1,2),
(4535,3,126,2,1,0,1,1,3),
(4536,4,126,2,1,0,1,1,4),
(4537,5,126,2,0,0,1,1,13),
(4538,6,126,2,0,0,1,1,14),
(4539,7,126,2,0,0,1,1,15),
(4540,8,126,2,0,0,1,1,16),
(4541,9,126,2,0,0,1,1,17),
(4542,10,126,2,0,0,1,1,18),
(4543,11,126,2,0,0,1,1,19),
(4544,12,126,2,1,0,1,1,5),
(4545,13,126,2,0,0,1,1,20),
(4546,14,126,2,0,0,1,1,21),
(4547,15,126,2,0,0,1,0,0),
(4548,16,126,2,0,0,1,0,0),
(4549,17,126,2,0,0,1,0,0),
(4550,18,126,2,0,0,1,0,0),
(4551,19,126,2,0,0,1,1,22),
(4552,20,126,2,1,0,1,1,6),
(4553,21,126,2,0,0,1,1,23),
(4554,22,126,2,0,0,1,1,24),
(4555,23,126,2,0,0,1,1,25),
(4556,24,126,2,0,0,1,1,26),
(4557,25,126,2,0,0,1,1,27),
(4558,26,126,2,0,0,1,1,28),
(4559,27,126,2,0,0,1,1,29),
(4560,28,126,2,0,0,1,1,30),
(4561,29,126,2,0,0,1,1,31),
(4562,30,126,2,0,0,1,1,32),
(4563,31,126,2,0,0,1,0,0),
(4564,32,126,2,0,0,1,0,0),
(4565,33,126,2,0,0,1,1,33),
(4566,34,126,2,0,0,1,1,34),
(4567,35,126,2,0,0,1,0,0),
(4568,36,126,2,1,0,1,1,7),
(4569,37,126,2,1,0,1,1,8),
(4570,38,126,2,1,0,1,1,9),
(4571,39,126,2,1,0,1,1,10),
(4572,40,126,2,1,0,1,1,11),
(4573,41,126,2,1,0,1,1,12),
(4574,42,126,2,0,0,1,0,0),
(4575,43,126,2,0,0,1,1,35),
(4576,44,126,2,0,0,1,1,36),
(4577,1,127,2,1,1,1,1,1),
(4578,2,127,2,1,0,1,1,2),
(4579,3,127,2,0,0,1,1,9),
(4580,4,127,2,1,0,1,1,3),
(4581,5,127,2,0,0,1,1,10),
(4582,6,127,2,0,0,1,1,11),
(4583,7,127,2,0,0,1,1,12),
(4584,8,127,2,0,0,1,1,13),
(4585,9,127,2,0,0,1,1,14),
(4586,10,127,2,0,0,1,1,15),
(4587,11,127,2,0,0,1,1,16),
(4588,12,127,2,1,0,1,1,4),
(4589,13,127,2,0,0,1,1,17),
(4590,14,127,2,0,0,1,1,18),
(4591,15,127,2,0,0,1,0,0),
(4592,16,127,2,0,0,1,0,0),
(4593,17,127,2,0,0,1,0,0),
(4594,18,127,2,0,0,1,0,0),
(4595,19,127,2,0,0,1,1,19),
(4596,20,127,2,0,0,1,1,20),
(4597,21,127,2,0,0,1,1,21),
(4598,22,127,2,0,0,1,1,22),
(4599,23,127,2,0,0,1,1,23),
(4600,24,127,2,0,0,1,1,24),
(4601,25,127,2,0,0,1,1,25),
(4602,26,127,2,0,0,1,1,26),
(4603,27,127,2,0,0,1,1,27),
(4604,28,127,2,0,0,1,1,28),
(4605,29,127,2,0,0,1,1,29),
(4606,30,127,2,1,0,1,1,5),
(4607,31,127,2,0,0,1,0,0),
(4608,32,127,2,0,0,1,0,0),
(4609,33,127,2,0,0,1,1,30),
(4610,34,127,2,0,0,1,1,31),
(4611,35,127,2,0,0,1,0,0),
(4612,36,127,2,0,0,1,1,32),
(4613,37,127,2,0,0,1,1,33),
(4614,38,127,2,0,0,1,1,34),
(4615,39,127,2,0,0,1,1,35),
(4616,40,127,2,0,0,1,1,36),
(4617,41,127,2,0,0,1,1,37),
(4618,42,127,2,0,0,1,0,0),
(4619,43,127,2,1,0,1,1,6),
(4620,44,127,2,1,0,1,1,7);
/*!40000 ALTER TABLE `IDPUserColumnsSettings` ENABLE KEYS */;
UNLOCK TABLES;

--
-- Table structure for table `IDPUserExtensions`
--

DROP TABLE IF EXISTS `IDPUserExtensions`;
/*!40101 SET @saved_cs_client     = @@character_set_client */;
/*!40101 SET character_set_client = utf8mb4 */;
CREATE TABLE `IDPUserExtensions` (
  `id` int(11) NOT NULL AUTO_INCREMENT,
  `user_id` int(11) DEFAULT NULL,
  `initials` varchar(4) NOT NULL,
  `uacounter` int(11) NOT NULL,
  `language` int(11) NOT NULL,
  PRIMARY KEY (`id`),
  KEY `IDX_4AC7FC44A76ED395` (`user_id`),
  CONSTRAINT `FK_4AC7FC44A76ED395` FOREIGN KEY (`user_id`) REFERENCES `bsUsers` (`id`) ON DELETE SET NULL
) ENGINE=InnoDB AUTO_INCREMENT=3 DEFAULT CHARSET=utf8mb3 COLLATE=utf8mb3_unicode_ci;
/*!40101 SET character_set_client = @saved_cs_client */;

--
-- Dumping data for table `IDPUserExtensions`
--

LOCK TABLES `IDPUserExtensions` WRITE;
/*!40000 ALTER TABLE `IDPUserExtensions` DISABLE KEYS */;
INSERT INTO `IDPUserExtensions` VALUES
(1,1,'*BS*',2,0),
(2,2,'*AD*',2,0);
/*!40000 ALTER TABLE `IDPUserExtensions` ENABLE KEYS */;
UNLOCK TABLES;

--
-- Table structure for table `IDPUserFiles`
--

DROP TABLE IF EXISTS `IDPUserFiles`;
/*!40101 SET @saved_cs_client     = @@character_set_client */;
/*!40101 SET character_set_client = utf8mb4 */;
CREATE TABLE `IDPUserFiles` (
  `id` int(11) NOT NULL AUTO_INCREMENT,
  `user_id` int(11) DEFAULT NULL,
  `name` varchar(255) DEFAULT NULL,
  `filename` varchar(255) DEFAULT NULL,
  `filetype` int(11) DEFAULT NULL,
  `filesize` int(11) DEFAULT NULL,
  `filetime` int(11) DEFAULT NULL,
  `nb_download` int(11) DEFAULT NULL,
  `in_progress` tinyint(1) DEFAULT NULL,
  PRIMARY KEY (`id`)
) ENGINE=InnoDB DEFAULT CHARSET=utf8mb3 COLLATE=utf8mb3_unicode_ci;
/*!40101 SET character_set_client = @saved_cs_client */;

--
-- Dumping data for table `IDPUserFiles`
--

LOCK TABLES `IDPUserFiles` WRITE;
/*!40000 ALTER TABLE `IDPUserFiles` DISABLE KEYS */;
/*!40000 ALTER TABLE `IDPUserFiles` ENABLE KEYS */;
UNLOCK TABLES;

--
-- Table structure for table `IDPUserPagesSettings`
--

DROP TABLE IF EXISTS `IDPUserPagesSettings`;
/*!40101 SET @saved_cs_client     = @@character_set_client */;
/*!40101 SET character_set_client = utf8mb4 */;
CREATE TABLE `IDPUserPagesSettings` (
  `id` int(11) NOT NULL AUTO_INCREMENT,
  `user_id` int(11) DEFAULT NULL,
  `page_id` int(11) DEFAULT NULL,
  `nb_row_per_page` int(11) DEFAULT NULL,
  `array_type_list` tinyint(1) NOT NULL,
  PRIMARY KEY (`id`)
) ENGINE=InnoDB AUTO_INCREMENT=139 DEFAULT CHARSET=utf8mb3 COLLATE=utf8mb3_unicode_ci;
/*!40101 SET character_set_client = @saved_cs_client */;

--
-- Dumping data for table `IDPUserPagesSettings`
--

LOCK TABLES `IDPUserPagesSettings` WRITE;
/*!40000 ALTER TABLE `IDPUserPagesSettings` DISABLE KEYS */;
INSERT INTO `IDPUserPagesSettings` VALUES
(1,0,1,10,0),
(2,0,2,10,0),
(3,0,3,10,0),
(4,0,4,10,0),
(5,0,5,10,0),
(6,0,6,10,0),
(7,0,7,10,0),
(8,0,8,10,0),
(9,0,9,10,0),
(10,0,10,10,0),
(11,0,11,10,0),
(12,0,12,10,0),
(13,0,13,10,0),
(14,0,14,10,0),
(15,0,15,10,0),
(16,0,16,10,0),
(17,0,17,10,0),
(18,0,18,10,0),
(19,0,19,10,0),
(20,0,20,10,0),
(21,0,21,10,0),
(22,0,22,10,0),
(23,0,23,10,0),
(24,0,24,10,0),
(25,0,25,10,0),
(26,0,26,10,0),
(27,0,27,10,0),
(28,0,28,10,0),
(29,0,29,10,0),
(30,0,30,10,0),
(31,0,31,10,0),
(32,0,32,10,0),
(33,0,33,10,0),
(34,0,34,10,0),
(35,0,35,10,0),
(36,0,36,10,0),
(37,0,37,10,0),
(38,0,38,10,0),
(39,0,39,10,0),
(40,0,40,10,0),
(41,0,41,10,0),
(42,0,42,10,0),
(43,0,43,10,0),
(44,0,44,10,0),
(45,0,45,10,0),
(46,0,46,10,0),
(47,1,1,10,0),
(48,1,2,10,0),
(49,1,3,10,0),
(50,1,4,10,0),
(51,1,5,10,0),
(52,1,6,10,0),
(53,1,7,10,0),
(54,1,8,10,0),
(55,1,9,10,0),
(56,1,10,10,0),
(57,1,11,10,0),
(58,1,12,10,0),
(59,1,13,10,0),
(60,1,14,10,0),
(61,1,15,10,0),
(62,1,16,10,0),
(63,1,17,10,0),
(64,1,18,10,0),
(65,1,19,10,0),
(66,1,20,10,0),
(67,1,21,10,0),
(68,1,22,10,0),
(69,1,23,10,0),
(70,1,24,10,0),
(71,1,25,10,0),
(72,1,26,10,0),
(73,1,27,10,0),
(74,1,28,10,0),
(75,1,29,10,0),
(76,1,30,10,0),
(77,1,31,10,0),
(78,1,32,10,0),
(79,1,33,10,0),
(80,1,34,10,0),
(81,1,35,10,0),
(82,1,36,10,0),
(83,1,37,10,0),
(84,1,38,10,0),
(85,1,39,10,0),
(86,1,40,10,0),
(87,1,41,10,0),
(88,1,42,10,0),
(89,1,43,10,0),
(90,1,44,10,0),
(91,1,45,10,0),
(92,1,46,10,0),
(93,2,1,10,0),
(94,2,2,10,0),
(95,2,3,10,0),
(96,2,4,10,0),
(97,2,5,10,0),
(98,2,6,10,0),
(99,2,7,10,0),
(100,2,8,10,0),
(101,2,9,10,0),
(102,2,10,10,0),
(103,2,11,10,0),
(104,2,12,10,0),
(105,2,13,10,0),
(106,2,14,10,0),
(107,2,15,10,0),
(108,2,16,10,0),
(109,2,17,10,0),
(110,2,18,10,0),
(111,2,19,10,0),
(112,2,20,10,0),
(113,2,21,10,0),
(114,2,22,10,0),
(115,2,23,10,0),
(116,2,24,10,0),
(117,2,25,10,0),
(118,2,26,10,0),
(119,2,27,10,0),
(120,2,28,10,0),
(121,2,29,10,0),
(122,2,30,10,0),
(123,2,31,10,0),
(124,2,32,10,0),
(125,2,33,10,0),
(126,2,34,10,0),
(127,2,35,10,0),
(128,2,36,10,0),
(129,2,37,10,0),
(130,2,38,10,0),
(131,2,39,10,0),
(132,2,40,10,0),
(133,2,41,10,0),
(134,2,42,10,0),
(135,2,43,10,0),
(136,2,44,10,0),
(137,2,45,10,0),
(138,2,46,10,0);
/*!40000 ALTER TABLE `IDPUserPagesSettings` ENABLE KEYS */;
UNLOCK TABLES;

--
-- Table structure for table `IDPUserServices`
--

DROP TABLE IF EXISTS `IDPUserServices`;
/*!40101 SET @saved_cs_client     = @@character_set_client */;
/*!40101 SET character_set_client = utf8mb4 */;
CREATE TABLE `IDPUserServices` (
  `id` int(11) NOT NULL AUTO_INCREMENT,
  `user_id` int(11) DEFAULT NULL,
  `service_id` int(11) DEFAULT NULL,
  PRIMARY KEY (`id`),
  KEY `IDX_FF2041B1A76ED395` (`user_id`),
  KEY `IDX_FF2041B1ED5CA9E6` (`service_id`),
  CONSTRAINT `FK_FF2041B1A76ED395` FOREIGN KEY (`user_id`) REFERENCES `bsUsers` (`id`) ON DELETE SET NULL,
  CONSTRAINT `FK_FF2041B1ED5CA9E6` FOREIGN KEY (`service_id`) REFERENCES `IDPServices` (`id`) ON DELETE SET NULL
) ENGINE=InnoDB AUTO_INCREMENT=5 DEFAULT CHARSET=utf8mb3 COLLATE=utf8mb3_unicode_ci;
/*!40101 SET character_set_client = @saved_cs_client */;

--
-- Dumping data for table `IDPUserServices`
--

LOCK TABLES `IDPUserServices` WRITE;
/*!40000 ALTER TABLE `IDPUserServices` DISABLE KEYS */;
INSERT INTO `IDPUserServices` VALUES
(1,1,1),
(2,2,1),
(3,1,2),
(4,2,2);
/*!40000 ALTER TABLE `IDPUserServices` ENABLE KEYS */;
UNLOCK TABLES;

--
-- Table structure for table `bsAdminconfig`
--

DROP TABLE IF EXISTS `bsAdminconfig`;
/*!40101 SET @saved_cs_client     = @@character_set_client */;
/*!40101 SET character_set_client = utf8mb4 */;
CREATE TABLE `bsAdminconfig` (
  `id` int(11) NOT NULL AUTO_INCREMENT,
  `softwaremajorversion` int(11) NOT NULL,
  `softwareminorversion` int(11) NOT NULL,
  `softwarereleaseversion` int(11) NOT NULL,
  `databasemajorversion` int(11) NOT NULL,
  `databaseminorversion` int(11) NOT NULL,
  `databasereleaseversion` int(11) NOT NULL,
  PRIMARY KEY (`id`)
) ENGINE=InnoDB AUTO_INCREMENT=2 DEFAULT CHARSET=utf8mb3 COLLATE=utf8mb3_unicode_ci;
/*!40101 SET character_set_client = @saved_cs_client */;

--
-- Dumping data for table `bsAdminconfig`
--

LOCK TABLES `bsAdminconfig` WRITE;
/*!40000 ALTER TABLE `bsAdminconfig` DISABLE KEYS */;
INSERT INTO `bsAdminconfig` VALUES
(1,1,0,0,1,0,0);
/*!40000 ALTER TABLE `bsAdminconfig` ENABLE KEYS */;
UNLOCK TABLES;

--
-- Table structure for table `bsMessages`
--

DROP TABLE IF EXISTS `bsMessages`;
/*!40101 SET @saved_cs_client     = @@character_set_client */;
/*!40101 SET character_set_client = utf8mb4 */;
CREATE TABLE `bsMessages` (
  `id` int(11) NOT NULL AUTO_INCREMENT,
  `bsFrom` int(11) DEFAULT NULL,
  `bsTo` int(11) DEFAULT NULL,
  `Title` varchar(255) DEFAULT NULL,
  `Text` longtext DEFAULT NULL,
  `sentDate` datetime DEFAULT NULL,
  `bsStatus` int(11) DEFAULT NULL,
  `bsViewed` tinyint(1) NOT NULL DEFAULT 0,
  PRIMARY KEY (`id`)
) ENGINE=InnoDB DEFAULT CHARSET=utf8mb3 COLLATE=utf8mb3_unicode_ci;
/*!40101 SET character_set_client = @saved_cs_client */;

--
-- Dumping data for table `bsMessages`
--

LOCK TABLES `bsMessages` WRITE;
/*!40000 ALTER TABLE `bsMessages` DISABLE KEYS */;
/*!40000 ALTER TABLE `bsMessages` ENABLE KEYS */;
UNLOCK TABLES;

--
-- Table structure for table `bsRights`
--

DROP TABLE IF EXISTS `bsRights`;
/*!40101 SET @saved_cs_client     = @@character_set_client */;
/*!40101 SET character_set_client = utf8mb4 */;
CREATE TABLE `bsRights` (
  `id` int(11) NOT NULL AUTO_INCREMENT,
  `name` varchar(255) NOT NULL,
  `description` varchar(1024) NOT NULL,
  `scale` int(11) NOT NULL,
  PRIMARY KEY (`id`)
) ENGINE=InnoDB AUTO_INCREMENT=27 DEFAULT CHARSET=utf8mb3 COLLATE=utf8mb3_unicode_ci;
/*!40101 SET character_set_client = @saved_cs_client */;

--
-- Dumping data for table `bsRights`
--

LOCK TABLES `bsRights` WRITE;
/*!40000 ALTER TABLE `bsRights` DISABLE KEYS */;
INSERT INTO `bsRights` VALUES
(1,'RIGHT_ARCHIVE_NEW','Saisir',0),
(2,'RIGHT_TRANSFER','Transférer',0),
(3,'RIGHT_RELOC','Relocaliser',0),
(4,'RIGHT_CONSULT','Consulter une unité d\'archives',0),
(5,'RIGHT_DELETE','Détruire une unité d\'archives',0),
(6,'RIGHT_RETURN','Retourner une unité d\'archives',0),
(7,'RIGHT_EXIT','Sortir définitivement une unité d\'archives',0),
(8,'RIGHT_COMMAND','Passer une commande',0),
(9,'RIGHT_FOLLOW_COMMAND','Suivre vos commandes',0),
(10,'RIGHT_VALIDATE_USER_ASKS','Valider les demandes des utilisateurs',0),
(11,'RIGHT_MANAGE_PROVIDER_WANTS','Gérer les demandes des prestataires',0),
(12,'RIGHT_CLOSE_USER_WANTS','Clôturer les demandes des utilisateurs',0),
(13,'RIGHT_MANAGE_BDD','Gérer la base archive',0),
(14,'RIGHT_AUDIT','Accéder à l\'audit',0),
(15,'RIGHT_AUDIT_ADV','Accéder à l\'audit (noms)',0),
(16,'RIGHT_STAT','Consulter les statistiques',0),
(17,'RIGHT_UNLIMITED','Gérer les conservations illimitées',0),
(18,'RIGHT_ACTIVITY_SYNTHESIS','Voir la synthèse d\'activité',0),
(19,'RIGHT_EXPORT_ALL','Exporter toutes les données',0),
(20,'RIGHT_IMPORT','Importer les données',0),
(21,'RIGHT_IMPORTS_REPORT','Accéder au rapport des imports',0),
(22,'RIGHT_MANAGE_COMMAND','Gérer les commandes',0),
(23,'RIGHT_MANAGE_CATALOG','Gérer le catalogue',0),
(24,'RIGHT_MANAGE_USERS','Gérer les utilisateurs',0),
(25,'RIGHT_MANAGE_SETTINGS','Gérer les paramètres',0),
(26,'RIGHT_RECONCILIATION','Rapprocher les stocks',0);
/*!40000 ALTER TABLE `bsRights` ENABLE KEYS */;
UNLOCK TABLES;

--
-- Table structure for table `bsRoles`
--

DROP TABLE IF EXISTS `bsRoles`;
/*!40101 SET @saved_cs_client     = @@character_set_client */;
/*!40101 SET character_set_client = utf8mb4 */;
CREATE TABLE `bsRoles` (
  `id` int(11) NOT NULL AUTO_INCREMENT,
  `name` varchar(255) NOT NULL,
  `description` varchar(1024) NOT NULL,
  `scale` int(11) NOT NULL,
  PRIMARY KEY (`id`)
) ENGINE=InnoDB AUTO_INCREMENT=7 DEFAULT CHARSET=utf8mb3 COLLATE=utf8mb3_unicode_ci;
/*!40101 SET character_set_client = @saved_cs_client */;

--
-- Dumping data for table `bsRoles`
--

LOCK TABLES `bsRoles` WRITE;
/*!40000 ALTER TABLE `bsRoles` DISABLE KEYS */;
INSERT INTO `bsRoles` VALUES
(1,'ROLE_USER','Utilisateur',125),
(2,'ROLE_SUPER_USER','Super utilisateur',100),
(3,'ROLE_ARCHIVIST','Archiviste',75),
(4,'ROLE_SUPER_ARCHIVIST','Super archiviste',50),
(5,'ROLE_ADMIN','Administrateur',25),
(6,'ROLE_SUPER_ADMIN','Super administrateur',0);
/*!40000 ALTER TABLE `bsRoles` ENABLE KEYS */;
UNLOCK TABLES;

--
-- Table structure for table `bsTranslation`
--

DROP TABLE IF EXISTS `bsTranslation`;
/*!40101 SET @saved_cs_client     = @@character_set_client */;
/*!40101 SET character_set_client = utf8mb4 */;
CREATE TABLE `bsTranslation` (
  `id` int(11) NOT NULL AUTO_INCREMENT,
  `page` int(11) NOT NULL,
  `sentence` int(11) NOT NULL,
  `language` int(11) NOT NULL,
  `translation` varchar(255) NOT NULL,
  PRIMARY KEY (`id`)
) ENGINE=InnoDB AUTO_INCREMENT=2446 DEFAULT CHARSET=utf8mb3 COLLATE=utf8mb3_unicode_ci;
/*!40101 SET character_set_client = @saved_cs_client */;

--
-- Dumping data for table `bsTranslation`
--

LOCK TABLES `bsTranslation` WRITE;
/*!40000 ALTER TABLE `bsTranslation` DISABLE KEYS */;
INSERT INTO `bsTranslation` VALUES
(1,20,1,0,'IDP Consulting Archimage'),
(2,20,1,1,'IDP Consulting Archimage'),
(3,20,2,0,'Identifiez-vous'),
(4,20,2,1,'Identify'),
(5,20,3,0,'Identifiant'),
(6,20,3,1,'Login'),
(7,20,4,0,'Mot de passe'),
(8,20,4,1,'Password'),
(9,20,5,0,'Connexion'),
(10,20,5,1,'Connect'),
(11,20,6,0,'Vous êtes déjà connecté sur un autre poste !'),
(12,20,6,1,'You are already connected elsewhere !'),
(13,20,7,0,'Votre identifiant ou votre mot de passe est incorrect !'),
(14,20,7,1,'Your login or your password is wrong !'),
(15,20,8,0,'Une erreur est survenue, merci de ré-essayer ultérieurement !'),
(16,20,8,1,'An error occured, please try again later !'),
(17,1,1,0,'IDP Consulting Archimage'),
(18,1,1,1,'IDP Consulting Archimage'),
(19,1,2,0,'IDP Consulting'),
(20,1,2,1,'IDP Consulting'),
(21,1,3,0,'Aide'),
(22,1,3,1,'Help'),
(23,1,4,0,'Je suis perdu(e)'),
(24,1,4,1,'I\'m lost'),
(25,1,5,0,'Changer de mot de passe'),
(26,1,5,1,'Parameters'),
(27,1,6,0,'Déconnexion'),
(28,1,6,1,'Disconnect'),
(29,1,7,0,'Tous droits réservés IDP Consulting'),
(30,1,7,1,'Copyright IDP Consulting'),
(31,40,1,0,'Unité d\'Archives Sauvegardée'),
(32,40,1,1,'Archive units saved'),
(33,40,2,0,'Demandes de transfert'),
(34,40,2,1,'Transfer ask'),
(35,40,3,0,'Demandes de consultation'),
(36,40,3,1,'Consult ask'),
(37,40,4,0,'Demandes de retour'),
(38,40,4,1,'Return ask'),
(39,40,5,0,'Demandes de sortie définitive'),
(40,40,5,1,'Exit ask'),
(41,40,6,0,'Demandes de destruction'),
(42,40,6,1,'Destruct ask'),
(43,40,7,0,'ttttt'),
(44,40,7,1,'ttttt'),
(45,40,8,0,'Commandes'),
(46,40,8,1,'Orders'),
(47,40,9,0,'d/m/Y h:m'),
(48,40,9,1,'m/d/Y h:m'),
(49,40,10,0,'Vous souhaitez :'),
(50,40,10,1,'You wish :'),
(51,40,11,0,'Créer une unité d\'archives'),
(52,40,11,1,'Create an archives unit'),
(53,40,12,0,'Saisir'),
(54,40,12,1,'Enter'),
(55,40,13,0,'Transférer'),
(56,40,13,1,'Transfer'),
(57,40,14,0,'Consulter une unité d\'archives'),
(58,40,14,1,'Consult an archives unit'),
(59,40,15,0,'Détruire une unité d\'archives'),
(60,40,15,1,'Destroy an archives unit'),
(61,40,16,0,'Retourner une unité d\'archives'),
(62,40,16,1,'Return an archives unit'),
(63,40,17,0,'Sortir définitivement une unité d\'archives'),
(64,40,17,1,'Definitively exit an archives unit'),
(65,40,18,0,'Commander des fournitures'),
(66,40,18,1,'Order furnitures'),
(67,40,19,0,'Passer une commande'),
(68,40,19,1,'Make an order'),
(69,40,20,0,'Suivre vos commandes'),
(70,40,20,1,'View your orders'),
(71,40,21,0,'Gérer les demandes des utilisateurs'),
(72,40,21,1,'Manage users wants'),
(73,40,22,0,'Gérer la base archives'),
(74,40,22,1,'Manage Archives database'),
(75,40,23,0,'Consulter les statistiques'),
(76,40,23,1,'Consult statistics'),
(77,40,24,0,'Exporter ou Importer des données'),
(78,40,24,1,'Export or import datas'),
(79,40,25,0,'Gérer les commandes'),
(80,40,25,1,'Manage orders'),
(81,40,26,0,'Gérer le catalogue'),
(82,40,26,1,'Manage catalog'),
(83,40,100,0,'Archimage - Je suis perdu(e)'),
(84,40,100,1,'Archimage - I\'m lost'),
(85,40,101,0,'Bienvenu dans la fonctionnalité d\'aide contextuelle d\'Archimage'),
(86,40,101,1,'Welcome in Archimage contextual help function'),
(87,40,102,0,'Archimage - Je suis perdu(e)'),
(88,40,102,1,'Archimage - I\'m lost'),
(89,40,103,0,'Vous êtes actuellement sur la page d\'accueil d\'Archimage, qui vous permet d\'accéder aux principales fonctionnalités'),
(90,40,103,1,'You are now on Archimage main page in which you can access all main functions'),
(91,40,104,0,'Archimage - Entête'),
(92,40,104,1,'Archimage - Header'),
(93,40,105,0,'C\'est la barre de titre, contenant les menus d\'aide et la gestion du compte'),
(94,40,105,1,'It id the header, with help menus and account management'),
(95,40,106,0,'Archimage - Aide'),
(96,40,106,1,'Archimage - Help'),
(97,40,107,0,'Avec ce bouton vous pouvez consulter l\'aide du logiciel'),
(98,40,107,1,'With this button you can consult the software help'),
(99,40,108,0,'Archimage - Aide'),
(100,40,108,1,'Archimage - Help'),
(101,40,109,0,'Avec ce bouton vous pouvez appeler à l\'aide et avoir un soutien pour l\'écran en cours'),
(102,40,109,1,'With this button you can call a contextual help on the current screen'),
(103,40,110,0,'Archimage - Gestion du compte'),
(104,40,110,1,'Archimage - Account management'),
(105,40,111,0,'Avec ce bouton vous pouvez vous déconnecter ou paramétrer votre compte'),
(106,40,111,1,'With this button you can disconnect or manage your account settings'),
(107,40,112,0,'Archimage - Menu de gauche'),
(108,40,112,1,'Archimage - Left menu'),
(109,40,113,0,'Vous avez ici un résumé de vos demandes en cours'),
(110,40,113,1,'You have here a resume of all current demands'),
(111,40,114,0,'Archimage - Actions'),
(112,40,114,1,'Archimage - Actions'),
(113,40,115,0,'Grâce à ces boutons vous pouvez effectuer une action avec l\\\'outil'),
(114,40,115,1,'Thanks to these buttons you can choose an action you want to make'),
(115,40,0,0,'Vos opérations en cours'),
(116,40,0,1,'Your current operations'),
(117,2,1,0,'IDP Consulting Archimage'),
(118,2,1,1,'IDP Consulting Archimage'),
(119,2,2,0,'IDP Consulting'),
(120,2,2,1,'IDP Consulting'),
(121,2,3,0,'Aide'),
(122,2,3,1,'Help'),
(123,2,4,0,'Je suis perdu(e)'),
(124,2,4,1,'I\'m lost'),
(125,2,5,0,'Changer de mot de passe'),
(126,2,5,1,'Settings'),
(127,2,6,0,'Déconnexion'),
(128,2,6,1,'Disconnect'),
(129,2,7,0,'Accueil'),
(130,2,7,1,'Main'),
(131,2,8,0,'Archives'),
(132,2,8,1,'Archives'),
(133,2,9,0,'Saisir'),
(134,2,9,1,'Enter'),
(135,2,10,0,'Transférer'),
(136,2,10,1,'Transfer'),
(137,2,11,0,'Consulter'),
(138,2,11,1,'Consult'),
(139,2,12,0,'Retourner'),
(140,2,12,1,'Exit'),
(141,2,13,0,'Sortir définitivement'),
(142,2,13,1,'Consult'),
(143,2,14,0,'Détruire'),
(144,2,14,1,'Destroy'),
(145,2,15,0,'Fournitures'),
(146,2,15,1,'Furnitures'),
(147,2,16,0,'Commander'),
(148,2,16,1,'Order'),
(149,2,17,0,'En cours'),
(150,2,17,1,'Ordered'),
(151,2,18,0,'Gérer les commandes'),
(152,2,18,1,'Manage orders'),
(153,2,19,0,'Gestion des archives'),
(154,2,19,1,'Manage archives'),
(155,2,20,0,'Valider les demandes des utilisateurs'),
(156,2,20,1,'Manage user wants'),
(157,2,21,0,'Gérer la base archives'),
(158,2,21,1,'Manage archives database'),
(159,2,22,0,'Consulter les statistiques'),
(160,2,22,1,'Consult statistics'),
(161,2,23,0,'Exporter toutes les données'),
(162,2,23,1,'Export all datas'),
(163,2,24,0,'Tous droits réservés IDP Consulting'),
(164,2,24,1,'Copyright IDP Consulting'),
(165,60,1,0,'Saisir'),
(166,60,1,1,'New'),
(167,60,2,0,'Modifier'),
(168,60,2,1,'Modify'),
(169,60,3,0,'une unité d\'archives'),
(170,60,3,1,'Archive'),
(171,60,4,0,'Le formulaire comporte des erreurs !'),
(172,60,4,1,'Errors in form'),
(173,60,5,0,'Certains champs obligatoires n\'ont pas été renseignés !'),
(174,60,5,1,'Some mandatory fields are empty !'),
(175,60,6,0,'Fermer'),
(176,60,6,1,'Close'),
(177,60,7,0,'Le numéro d\'ordre'),
(178,60,7,1,'The order number'),
(179,60,8,0,'Le propriétaire'),
(180,60,8,1,'The owner'),
(181,60,9,0,'Service'),
(182,60,9,1,'Service'),
(183,60,10,0,'Entité légale'),
(184,60,10,1,'Legal entity'),
(185,60,11,0,'Code budgétaire'),
(186,60,11,1,'Budget code'),
(187,60,12,0,'Les informations descriptives'),
(188,60,12,1,'Description information'),
(189,60,13,0,'Activité'),
(190,60,13,1,'Activity'),
(191,60,14,0,'Type du document'),
(192,60,14,1,'Document type'),
(193,60,15,0,'Descriptif 1'),
(194,60,15,1,'Description 1'),
(195,60,16,0,'Descriptif 2'),
(196,60,16,1,'Description 2'),
(197,60,17,0,'La durée de conservation'),
(198,60,17,1,'Keep alive duration'),
(199,60,18,0,'Année de clôture'),
(200,60,18,1,'Closure year'),
(201,60,19,0,'Année de destruction'),
(202,60,19,1,'Destruction year'),
(203,60,20,0,'Les identifiants des contenants'),
(204,60,20,1,'Provider ID(s)'),
(205,60,21,0,'N° de dossier'),
(206,60,21,1,'Document, File number'),
(207,60,22,0,'N° de boîte'),
(208,60,22,1,'Box number'),
(209,60,23,0,'N° de conteneur'),
(210,60,23,1,'Container number'),
(211,60,24,0,'Compte prestataire'),
(212,60,24,1,'Provider account'),
(213,60,25,0,'Le libellé'),
(214,60,25,1,'The name'),
(215,60,26,0,'Les bornes'),
(216,60,26,1,'The limits'),
(217,60,27,0,'Date de'),
(218,60,27,1,'Date from'),
(219,60,28,0,'à'),
(220,60,28,1,'to'),
(221,60,29,0,'Num. de'),
(222,60,29,1,'Num. from'),
(223,60,30,0,'à'),
(224,60,30,1,'to'),
(225,60,31,0,'Alpha. de'),
(226,60,31,1,'Alpha. from'),
(227,60,32,0,'à'),
(228,60,32,1,'to'),
(229,60,33,0,'Alphanum. de'),
(230,60,33,1,'Alphanum. from'),
(231,60,34,0,'à'),
(232,60,34,1,'to'),
(233,60,35,0,'Sauvegarder'),
(234,60,35,1,'Save'),
(235,60,36,0,'Valider'),
(236,60,36,1,'Validate'),
(237,60,37,0,'Imprimer la fiche'),
(238,60,37,1,'Print'),
(239,60,38,0,'Modifier'),
(240,60,38,1,'Modify'),
(241,60,39,0,'Une erreur est survenue lors de l\'initialisation des paramètres de saisie, merci de ré-essayer ultérieurement !'),
(242,60,39,1,'An error occured during parameters initialization, please try again later !'),
(243,0,1,0,'Accès interdit, vous n\'avez pas les droits suffisants pour accéder à'),
(244,0,1,1,'Access denied, you don\'t have enough privilege do enter here'),
(245,0,2,0,'Erreur système : Identifiant Service inconnu'),
(246,0,2,1,'System Error : Service Id Unknown'),
(247,0,3,0,'Erreur système: Identifiant entité légale inconnu'),
(248,0,3,1,'System Error : Legal Entity Id Unknown'),
(249,0,4,0,'Erreur système: identifiant code budgétaire inconnu'),
(250,0,4,1,'System Error : Budget Code Id Unknown'),
(251,0,5,0,'Erreur système: identifiant d\'activité inconnu'),
(252,0,5,1,'System Error : Activity Id Unknown'),
(253,0,6,0,'Erreur système: identifiant de type de document incconu'),
(254,0,6,1,'System Error : Document Type Id Unknown'),
(255,0,7,0,'Erreur système: identifiant de descriptif 1 inconnu'),
(256,0,7,1,'System Error : Description 1 Id Unknown'),
(257,0,8,0,'Erreur système: identifiant de descriptif 2 inconnu'),
(258,0,8,1,'System Error : Description 2 Id Unknown'),
(259,0,9,0,'Erreur système: identifiant de prestataire inconnu'),
(260,0,9,1,'System Error : Provider Id Unknown'),
(261,0,10,0,'Erreur système: identifiant d\'archive inconnu'),
(262,0,10,1,'System Error : Archive Id Unknown'),
(263,0,11,0,'L\'archive a été validée avec succès'),
(264,0,11,1,'Archive validation success'),
(265,0,12,0,'L\'archive a été sauvegardée avec succès'),
(266,0,12,1,'Archive save success'),
(267,0,13,0,'Erreur système: requête POST attendue'),
(268,0,13,1,'System ERROR: POST required'),
(269,0,14,0,'L\'archive demandée en modification n\'existe pas !'),
(270,0,14,1,'Archive asked for modification doesn\'t exist !'),
(271,0,15,0,'La modification de l\'archive demandée est effectuée'),
(272,0,15,1,'Archive modification success'),
(273,0,16,0,'Votre demande de transfert a bien été enregistrée, vos archives seront prises en charge prochainement'),
(274,0,16,1,'Your ask for transfer has been taken in account, it will be fullfilled as soon as possible'),
(275,0,17,0,'Votre demande de consultation a bien été enregistrée, vos archives seront prises en charge prochainement'),
(276,0,17,1,'Your ask for consultation has been taken in account, it will be fullfilled as soon as possible'),
(277,0,18,0,'Votre demande de retour a bien été enregistrée, vos archives seront prises en charge prochainement'),
(278,0,18,1,'Your ask for return has been taken in account, it will be fullfilled as soon as possible'),
(279,0,19,0,'Votre demande de récupération définitive a bien été enregistrée, vos archives seront prises en charge prochainement'),
(280,0,19,1,'Your ask for exit has been taken in account, it will be fullfilled as soon as possible'),
(281,0,20,0,'Votre demande de destruction a bien été enregistrée, vos archives seront prises en charge prochainement'),
(282,0,20,1,'Your ask for delete has been taken in account, it will be fullfilled as soon as possible'),
(283,61,1,0,'Date de transfert souhaitée'),
(284,61,1,1,'Wish transfer date'),
(285,61,2,0,'N° étage'),
(286,61,2,1,'Floor'),
(287,61,3,0,'N° bureau'),
(288,61,3,1,'Office'),
(289,61,4,0,'Commentaires'),
(290,61,4,1,'Comments'),
(291,61,5,0,'Transférer'),
(292,61,5,1,'Transfer'),
(293,61,6,0,'Service'),
(294,61,6,1,'Service'),
(295,61,7,0,'N° d\'ordre'),
(296,61,7,1,'Order Nb'),
(297,61,8,0,'Entité'),
(298,61,8,1,'Entity'),
(299,61,9,0,'Libellé'),
(300,61,9,1,'Name'),
(301,61,10,0,'Id'),
(302,61,10,1,'Id'),
(303,61,11,0,'Nature'),
(304,61,11,1,'Nature'),
(305,61,12,0,'Type'),
(306,61,12,1,'Type'),
(307,61,13,0,'Descriptif 1'),
(308,61,13,1,'Description 1'),
(309,61,14,0,'Descriptif 2'),
(310,61,14,1,'Description 2'),
(311,61,15,0,'Code budget'),
(312,61,15,1,'Budget code'),
(313,61,16,0,'N° Dossier'),
(314,61,16,1,'Document Nb'),
(315,61,17,0,'N° Boîte'),
(316,61,17,1,'Box Nb'),
(317,61,18,0,'N° Conteneur'),
(318,61,18,1,'Container Nb'),
(319,61,19,0,'Compte prestataire'),
(320,61,19,1,'Provider'),
(321,61,20,0,'Précisions pour le transfert'),
(322,61,20,1,'Transfer precisions'),
(323,61,21,0,'Abandonner'),
(324,61,21,1,'Cancel'),
(325,61,22,0,'Vue'),
(326,61,22,1,'View'),
(327,61,23,0,'Transfert'),
(328,61,23,1,'Transfer'),
(329,61,24,0,'Aucune archive'),
(330,61,24,1,'No archive'),
(331,61,25,0,'Clôture'),
(332,61,25,1,'Closure'),
(333,61,26,0,'Destruction'),
(334,61,26,1,'Destruction'),
(335,61,27,0,'Modifier'),
(336,61,27,1,'Modify'),
(337,61,28,0,'Supprimer'),
(338,61,28,1,'Suppress'),
(339,61,29,0,'Demander le transfert'),
(340,61,29,1,'Transfer archives'),
(341,61,30,0,'Demande en salle interne service'),
(342,61,30,1,'Service archive room'),
(343,61,31,0,'Demande en salle intermédiaire'),
(344,61,31,1,'Intermediate archive room'),
(345,61,32,0,'Demande chez le prestataire'),
(346,61,32,1,'Provider'),
(347,61,33,0,'Demande de Confirmation'),
(348,61,33,1,'Confirmation request'),
(349,61,34,0,'Confirmez-vous la suppression de l\'archive {0}'),
(350,61,34,1,'Do you confirm {0} archive deletion'),
(351,61,35,0,'Abandonner'),
(352,61,35,1,'Cancel'),
(353,61,36,0,'Confirmer la suppression'),
(354,61,36,1,'Confirm delete'),
(355,61,37,0,'Supprimer'),
(356,61,37,1,'Delete'),
(357,61,38,0,'Vous devez choisir une date'),
(358,61,38,1,'You must enter a date !'),
(359,61,39,0,'Vous devez entrer un étage !'),
(360,61,39,1,'You must enter a floor !'),
(361,61,40,0,'Vous devez entrer un bureau !'),
(362,61,40,1,'You must enter an office !'),
(363,61,41,0,'Une erreur est survenue, merci de ré-essayer ultérieurement !'),
(364,61,41,1,'An error occured, please try again later !'),
(365,62,1,0,'Le propriétaire'),
(366,62,1,1,'The owner'),
(367,62,2,0,'Service est'),
(368,62,2,1,'Service is'),
(369,62,3,0,'N/A'),
(370,62,3,1,'N/A'),
(371,62,4,0,'Entité légale est'),
(372,62,4,1,'Legal entity is'),
(373,62,5,0,'Code budgétaire est'),
(374,62,5,1,'Budget code is'),
(375,62,6,0,'Les informations descriptives'),
(376,62,6,1,'Description information'),
(377,62,7,0,'Activité est'),
(378,62,7,1,'Activity is'),
(379,62,8,0,'Type de document est'),
(380,62,8,1,'Document type is'),
(381,62,9,0,'Les identifiants des contenants'),
(382,62,9,1,'Provider ID(s)'),
(383,62,10,0,'N° de dossier contient'),
(384,62,10,1,'Document nb contains'),
(385,62,11,0,'N° de boite contient'),
(386,62,11,1,'Box nb contains'),
(387,62,12,0,'N° de conteneur contient'),
(388,62,12,1,'Container nb contains'),
(389,62,13,0,'Compte prestataire est'),
(390,62,13,1,'Provider is'),
(391,62,14,0,'L\'identification automatique'),
(392,62,14,1,'Automatic id'),
(393,62,15,0,'N° d\'ordre contient'),
(394,62,15,1,'Order number contains'),
(395,62,16,0,'Le descriptif du contenu'),
(396,62,16,1,'Description'),
(397,62,17,0,'Libellé contient'),
(398,62,17,1,'Name contains'),
(399,62,18,0,'La durée de conservation'),
(400,62,18,1,'Keep alive length'),
(401,62,19,0,'Année de clôture'),
(402,62,19,1,'Closure year'),
(403,62,20,0,'Année de destruction'),
(404,62,20,1,'Destruction year'),
(405,62,21,0,'Les bornes'),
(406,62,21,1,'Limits'),
(407,62,22,0,'Date contient'),
(408,62,22,1,'Date contains'),
(409,62,23,0,'Alphabétique contient'),
(410,62,23,1,'Alphabetic contains'),
(411,62,24,0,'Numérique contient'),
(412,62,24,1,'Numeric contains'),
(413,62,25,0,'Alphanumérique contient'),
(414,62,25,1,'Alphanumeric contains'),
(415,62,26,0,'Lancer la Recherche'),
(416,62,26,1,'Search'),
(417,62,27,0,'Tous'),
(418,62,27,1,'All'),
(419,62,28,0,'Toutes'),
(420,62,28,1,'All'),
(421,62,29,0,'Toutes'),
(422,62,29,1,'All'),
(423,62,30,0,'Tous'),
(424,62,30,1,'All'),
(425,62,31,0,'Tous'),
(426,62,31,1,'All'),
(427,62,32,0,'Tous'),
(428,62,32,1,'All'),
(429,62,33,0,'Tous'),
(430,62,33,1,'All'),
(431,62,34,0,'Tous'),
(432,62,34,1,'All'),
(433,62,35,0,'Une erreur est survenue lors de l\'initialisation des paramètres de recherche, merci de ré-essayer ultérieurement !'),
(434,62,35,1,'An error occured during search parameters initialization, please try again later !'),
(435,62,36,0,'Il n\'y a pas d\'archives correspondant à vos critères'),
(436,62,36,1,'No match results found'),
(437,62,37,0,'Service'),
(438,62,37,1,'Service'),
(439,62,38,0,'N° d\'ordre'),
(440,62,38,1,'Order nb'),
(441,62,39,0,'Entité légale'),
(442,62,39,1,'Legal entity'),
(443,62,40,0,'Libellé'),
(444,62,40,1,'Name'),
(445,62,41,0,'Activité'),
(446,62,41,1,'Activity'),
(447,62,42,0,'Type de document'),
(448,62,42,1,'Document type'),
(449,62,43,0,'Descriptif 1'),
(450,62,43,1,'Description 1'),
(451,62,44,0,'Descriptif 2'),
(452,62,44,1,'Description 2'),
(453,62,45,0,'Code budgétaire'),
(454,62,45,1,'Budget code'),
(455,62,46,0,'N° Dossier'),
(456,62,46,1,'Document nb'),
(457,62,47,0,'N° de boîte'),
(458,62,47,1,'Box nb'),
(459,62,48,0,'N° de conteneur'),
(460,62,48,1,'Container nb'),
(461,62,49,0,'Compte prestataire'),
(462,62,49,1,'Provider'),
(463,62,50,1,'Date min'),
(464,62,50,1,'Date min'),
(465,62,51,0,'Date max'),
(466,62,51,1,'Date max'),
(467,62,52,0,'Num. min'),
(468,62,52,1,'Num. min'),
(469,62,53,0,'Num. max'),
(470,62,53,1,'Num. max'),
(471,62,54,0,'Alpha. min'),
(472,62,54,1,'Alpha. min'),
(473,62,55,0,'Alpha. max'),
(474,62,55,1,'Alpha. max'),
(475,62,56,0,'Alphanum. min'),
(476,62,56,1,'Alphanum. min'),
(477,62,57,0,'Alphanum. max'),
(478,62,57,1,'Alphanum. max'),
(479,62,58,0,'Date clôture'),
(480,62,58,1,'Closure date'),
(481,62,59,0,'Date destruction'),
(482,62,59,1,'Destruction date'),
(483,62,60,0,'Statut'),
(484,62,60,1,'Status'),
(485,62,61,0,'Il y a trop de réponses à votre requête, seules les 100 premières sont affichées. Veuillez affiner votre recherche.'),
(486,62,61,1,'There are too many results, please precise your search !'),
(487,62,62,0,'Recherche'),
(488,62,62,1,'Search'),
(489,63,1,0,'Filtre actuellement actif'),
(490,63,1,1,'Current filter'),
(491,63,2,0,'Choisir un nouveau filtre'),
(492,63,2,1,'Choose a filter'),
(493,63,3,0,'Dans la totalité des archives'),
(494,63,3,1,'In all archives'),
(495,63,4,0,'En cours de transfert'),
(496,63,4,1,'Being transfered'),
(497,63,5,0,'Disponible'),
(498,63,5,1,'Available'),
(499,63,6,0,'En cours de livraison'),
(500,63,6,1,'Being delivered'),
(501,63,7,0,'En cours de consultation'),
(502,63,7,1,'Being consulted'),
(503,63,8,0,'En cours de retour'),
(504,63,8,1,'Being returned'),
(505,63,9,0,'En cours de destruction'),
(506,63,9,1,'Being destroyed'),
(507,63,10,0,'En cours de récupération définitive'),
(508,63,10,1,'Being exited'),
(509,63,11,0,'Chez le prestataire'),
(510,63,11,1,'At the provider'),
(511,63,12,0,'En interne'),
(512,63,12,1,'In internal'),
(513,63,13,0,'Appliquer le nouveau filtre'),
(514,63,13,1,'Apply new filter'),
(515,63,14,0,'Filtres'),
(516,63,14,1,'Filters'),
(517,64,1,0,'Vue'),
(518,64,1,1,'View'),
(519,64,2,0,'Consultation'),
(520,64,2,1,'Consultation'),
(521,64,3,0,'Aucune archive'),
(522,64,3,1,'No archive'),
(523,64,4,0,'Service'),
(524,64,4,1,'Service'),
(525,64,5,0,'N° d\'ordre'),
(526,64,5,1,'Order nb'),
(527,64,6,0,'Entité'),
(528,64,6,1,'Entity'),
(529,64,7,0,'Code Budget'),
(530,64,7,1,'Budget code'),
(531,64,8,0,'Nature'),
(532,64,8,1,'Nature'),
(533,64,9,0,'Type'),
(534,64,9,1,'Type'),
(535,64,10,0,'Clôture'),
(536,64,10,1,'Closure'),
(537,64,11,0,'Destruction'),
(538,64,11,1,'Destruction'),
(539,64,12,0,'N° Dossier'),
(540,64,12,1,'Document nb'),
(541,64,13,0,'N° de boîte'),
(542,64,13,1,'Box nb'),
(543,64,14,0,'N° de conteneur'),
(544,64,14,1,'Container nb'),
(545,64,15,0,'Code Prestataire'),
(546,64,15,1,'Provider code'),
(547,64,16,0,'Demander la consultation'),
(548,64,16,1,'Ask for archives'),
(549,64,17,0,'Demande classique'),
(550,64,17,1,'Classic order'),
(551,64,18,0,'Demande avec préparation spécifique'),
(552,64,18,1,'Order with specific preparation'),
(553,64,19,0,'Résultats'),
(554,64,19,1,'Results'),
(555,64,20,0,'Vous devez choisir une date'),
(556,64,20,1,'You must enter a date'),
(557,65,1,0,'Date de consultation souhaitée'),
(558,65,1,1,'Consult wish date'),
(559,65,2,0,'N° étage'),
(560,65,2,1,'Floor'),
(561,65,3,0,'N° bureau'),
(562,65,3,1,'Office'),
(563,65,4,0,'Commentaires'),
(564,65,4,1,'Comments'),
(565,65,5,0,'Demander la consultation'),
(566,65,5,1,'Ask for consult'),
(567,65,6,0,'Sélectionnez une adresse'),
(568,65,6,1,'Select an address'),
(569,65,7,0,'Adresse'),
(570,65,7,1,'Address'),
(571,65,8,0,'Messages'),
(572,65,8,1,'Messages'),
(573,65,9,0,'Annuler'),
(574,65,9,1,'Cancel'),
(575,65,10,0,'Précisions'),
(576,65,10,1,'Details'),
(577,65,11,0,'Libellé'),
(578,65,11,1,'Name'),
(579,64,21,0,'Demander le retour'),
(580,64,21,1,'Return archives'),
(581,64,22,0,'Demande de retour après consultation'),
(582,64,22,1,'Return order after consultation'),
(583,66,1,0,'Date de retour souhaitée'),
(584,66,1,1,'Wish date'),
(585,66,2,0,'Sélectionnez une adresse'),
(586,66,2,1,'Select an address'),
(587,66,3,0,'Adresse'),
(588,66,3,1,'Address'),
(589,66,4,0,'n° étage'),
(590,66,4,1,'Floor'),
(591,66,5,0,'N° bureau'),
(592,66,5,1,'Office'),
(593,66,6,0,'Commentaires'),
(594,66,6,1,'Comments'),
(595,66,7,0,'Demander le retour'),
(596,66,7,1,'Ask the return'),
(597,66,8,0,'Demander le retour d\'unités d\'archives'),
(598,66,8,1,'Ask the archives return'),
(599,66,9,0,'Messages'),
(600,66,9,1,'Messages'),
(601,66,10,0,'Libellé'),
(602,66,10,1,'Name'),
(603,66,11,0,'Précisions'),
(604,66,11,1,'Precisions'),
(605,66,12,0,'Annuler'),
(606,66,12,1,'Cancel'),
(607,65,12,0,'Demander la consultation d\'unités d\'archives'),
(608,65,12,1,'Ask for archives consult'),
(609,64,23,0,'Demander la sortie définitive'),
(610,64,23,1,'Archives exit'),
(611,64,24,0,'Demande de sortie définitive'),
(612,64,24,1,'Ask for exit'),
(613,67,1,0,'Date de sortie définitive souhaitée'),
(614,67,1,1,'Wish date'),
(615,67,2,0,'Sélectionnez une adresse'),
(616,67,2,1,'Select an address'),
(617,67,3,0,'Adresse'),
(618,67,3,1,'Address'),
(619,67,4,0,'N° étage'),
(620,67,4,1,'Floor'),
(621,67,5,0,'N° bureau'),
(622,67,5,1,'Office'),
(623,67,6,0,'Commentaires'),
(624,67,6,1,'Comments'),
(625,67,7,0,'Demander la sortie définitive'),
(626,67,7,1,'Ask for exit'),
(627,67,8,0,'Demander le récupération définitive d\'unités d\'archives'),
(628,67,8,1,'Ask for archives exit'),
(629,67,9,0,'Messages'),
(630,67,9,1,'Messages'),
(631,67,10,0,'Précisions'),
(632,67,10,1,'Precisions'),
(633,67,11,0,'Annuler'),
(634,67,11,1,'Cancel'),
(635,67,12,0,'Libellé'),
(636,67,12,1,'Name'),
(637,64,25,0,'Demander la destruction'),
(638,64,25,1,'Archives destruction'),
(639,64,26,0,'Demande de destruction'),
(640,64,26,1,'Ask destruction'),
(641,68,1,0,'Date de destruction souhaitée'),
(642,68,1,1,'Wish date'),
(643,68,2,0,'Demander la destruction'),
(644,68,2,1,'Ask for destruction'),
(645,68,3,0,'Demander la destruction d\'unités d\'archives'),
(646,68,3,1,'Ask for archives destruction'),
(647,68,4,0,'Messages'),
(648,68,4,1,'Messages'),
(649,68,5,0,'Précisions'),
(650,68,5,1,'Precisions'),
(651,68,6,0,'Annuler'),
(652,68,6,1,'Cancel'),
(653,68,7,0,'Nom'),
(654,68,7,1,'Name'),
(655,69,1,0,'Le formulaire comporte des erreurs !'),
(656,69,1,1,'There are errors !'),
(657,69,2,0,'Certains champs obligatoires n\'ont pas été renseignés !'),
(658,69,2,1,'Some mandatory fields are empty !'),
(659,69,3,0,'Fermer'),
(660,69,3,1,'Close'),
(661,69,4,0,'N° d\'ordre'),
(662,69,4,1,'Order number'),
(663,69,5,0,'Le propriétaire'),
(664,69,5,1,'The owner'),
(665,69,6,0,'Service'),
(666,69,6,1,'Service'),
(667,69,7,0,'Entité légale'),
(668,69,7,1,'Legal entity'),
(669,69,8,0,'Code budgétaire'),
(670,69,8,1,'Budget code'),
(671,69,9,0,'Les informations descriptives'),
(672,69,9,1,'Description information'),
(673,69,10,0,'Activité'),
(674,69,10,1,'Activity'),
(675,69,11,0,'Type du document'),
(676,69,11,1,'Document type'),
(677,69,12,0,'Descriptif 1'),
(678,69,12,1,'Description 1'),
(679,69,13,0,'Descriptif 2'),
(680,69,13,1,'Description 2'),
(681,69,14,0,'La durée de conservation'),
(682,69,14,1,'Conservation duration'),
(683,69,15,0,'Année de clôture'),
(684,69,15,1,'Closure year'),
(685,69,16,0,'Année de destruction'),
(686,69,16,1,'Destruction year'),
(687,69,17,0,'Les identifiants des contenants'),
(688,69,17,1,'Provider ID(s)'),
(689,69,18,0,'N° de dossier'),
(690,69,18,1,'File number'),
(691,69,19,0,'N° de boîte'),
(692,69,19,1,'Box number'),
(693,69,20,0,'N° de conteneur'),
(694,69,20,1,'Container number'),
(695,69,21,0,'Code prestataire'),
(696,69,21,1,'Provider code'),
(697,69,22,0,'Libellé'),
(698,69,22,1,'Label'),
(699,69,23,0,'Bornes'),
(700,69,23,1,'Limits'),
(701,69,24,0,'Date de'),
(702,69,24,1,'Date from'),
(703,69,25,0,'à'),
(704,69,25,1,'to'),
(705,69,26,0,'Num. de'),
(706,69,26,1,'Num. from'),
(707,69,27,0,'à'),
(708,69,27,1,'to'),
(709,69,28,0,'Alpha. de'),
(710,69,28,1,'Alpha. from'),
(711,69,29,0,'à'),
(712,69,29,1,'to'),
(713,69,30,0,'Alphanum. de'),
(714,69,30,1,'Alphanum. from'),
(715,69,31,0,'à'),
(716,69,31,1,'to'),
(717,69,32,0,'Modifier'),
(718,69,32,1,'Modify'),
(719,69,33,0,'Valider la modification'),
(720,69,33,1,'Confirm modification'),
(721,69,34,0,'Supprimer'),
(722,69,34,1,'Delete'),
(723,69,35,0,'Annuler'),
(724,69,35,1,'Cancel'),
(725,69,36,0,'Demande de Confirmation'),
(726,69,36,1,'Confirmation wanted'),
(727,69,37,0,'Confirmez-vous la suppression de l\'archive'),
(728,69,37,1,'Do you confirm deletion of archive'),
(729,69,38,0,'Abandonner'),
(730,69,38,1,'Cancel'),
(731,69,39,0,'Confirmer la suppression'),
(732,69,39,1,'Confirm delete'),
(733,69,40,0,'Attention'),
(734,69,40,1,'Warning'),
(735,69,41,0,'Votre liste Transférer, ou votre liste Annuler le transfert ne sont pas vide. <br/>Votre demande videra ces listes, voulez vous continuer ?'),
(736,69,41,1,'Your transfer list, or cancel transfer are not empty <br/> Your request will empty them, do you want to continue ?'),
(737,69,42,0,'Confirmer la demande'),
(738,69,42,1,'Confirm your request'),
(739,69,43,0,'A transférer'),
(740,69,43,1,'To be transfered'),
(741,69,44,0,'A consulter'),
(742,69,44,1,'To be delivered'),
(743,69,45,0,'A retourner'),
(744,69,45,1,'To be returned'),
(745,69,46,0,'A sortir définitivement'),
(746,69,46,1,'To be exited'),
(747,69,47,0,'A détruire'),
(748,69,47,1,'To be destroyed'),
(749,69,48,0,'Prestataire'),
(750,69,48,1,'Provider'),
(751,69,49,0,'Salle intermédiaire'),
(752,69,49,1,'Intermediate room'),
(753,69,50,0,'Salle interne service'),
(754,69,50,1,'Inernal room'),
(755,69,51,0,'Sans préparation'),
(756,69,51,1,'Without preparation'),
(757,69,52,0,'Avec préparation spécifique'),
(758,69,52,1,'With preparation'),
(759,69,53,0,'Conteneurs'),
(760,69,53,1,'Containers'),
(761,69,54,0,'Boîtes'),
(762,69,54,1,'Boxes'),
(763,69,55,0,'Dossiers'),
(764,69,55,1,'Files'),
(765,69,56,0,'Sans numéro'),
(766,69,56,1,'Without number'),
(767,69,57,0,'Transfert'),
(768,69,57,1,'Transfer'),
(769,69,58,0,'Archives à transférer'),
(770,69,58,1,'Archives to be transfered'),
(771,69,59,0,'Transfert à annuler'),
(772,69,59,1,'Transfer cancel'),
(773,69,60,0,'Annuler le transfert'),
(774,69,60,1,'Cancel'),
(775,69,61,0,'Libellé'),
(776,69,61,1,'Name'),
(777,69,62,0,'Date min'),
(778,69,62,1,'Date min'),
(779,69,63,0,'Date max'),
(780,69,63,1,'Date max'),
(781,69,64,0,'Num. min'),
(782,69,64,1,'Num. min'),
(783,69,65,0,'Num. max'),
(784,69,65,1,'Num. max'),
(785,69,66,0,'Alpha. min'),
(786,69,66,1,'Alpha. min'),
(787,69,67,0,'Alpha. max'),
(788,69,67,1,'Alpha. max'),
(789,69,68,0,'Alphanum. min'),
(790,69,68,1,'Alphanum. min'),
(791,69,69,0,'Alphanum. max'),
(792,69,69,1,'Alphanum. max'),
(793,69,70,0,'Confirmez-vous la suppression de l\'archive'),
(794,69,70,1,'Do you confirm the archive destroy'),
(795,69,71,0,'Archives à consulter'),
(796,69,71,1,'Archives to be delivered'),
(797,69,72,0,'Archives à retourner'),
(798,69,72,1,'Archives to be returned'),
(799,69,73,0,'Archives à détruire'),
(800,69,73,1,'Archives to be destroyed'),
(801,69,74,0,'Archives à sortir définitivement'),
(802,69,74,1,'Archives to be exited'),
(803,69,75,0,'et votre liste'),
(804,69,75,1,'and your list'),
(805,69,76,0,'Consultation à annuler'),
(806,69,76,1,'Cancel of delivery'),
(807,69,77,0,'Retour à annuler'),
(808,69,77,1,'Cancel of return'),
(809,69,78,0,'Destruction à annuler'),
(810,69,78,1,'Cancel of destroy'),
(811,69,79,0,'Sortie définitive à annuler'),
(812,69,79,1,'Cancel of exit'),
(813,69,80,0,'n\'est pas vide'),
(814,69,80,1,'is not empty'),
(815,69,81,0,'ne sont pas vides'),
(816,69,81,1,'are not empty'),
(817,69,82,0,'Votre demande videra ces listes, voulez vous continuer ?'),
(818,69,82,1,'Your request will empty these lists, do you want to continue ?'),
(819,69,83,0,'Consultation'),
(820,69,83,1,'Deliver'),
(821,69,84,0,'Retour'),
(822,69,84,1,'Return'),
(823,69,85,0,'Sortie définitive'),
(824,69,85,1,'Exit'),
(825,69,86,0,'Destruction'),
(826,69,86,1,'Destroy'),
(827,69,87,0,'Une erreur système est survenue'),
(828,69,87,1,'An error occured, please retry later !'),
(829,70,1,0,'Saisie'),
(830,70,1,1,'Enter'),
(831,70,2,0,'Utilisateurs'),
(832,70,2,1,'Users'),
(833,70,3,0,'Prestataires'),
(834,70,3,1,'Providers'),
(835,70,4,0,'Visibilité'),
(836,70,4,1,'Visibility'),
(837,70,5,0,'Services'),
(838,70,5,1,'Services'),
(839,70,6,0,'Entités légales'),
(840,70,6,1,'Legal entities'),
(841,70,7,0,'Codes Budgétaires'),
(842,70,7,1,'Budget codes'),
(843,70,8,0,'Activités'),
(844,70,8,1,'Activities'),
(845,70,9,0,'Types de document'),
(846,70,9,1,'Document types'),
(847,70,10,0,'Descriptifs 1'),
(848,70,10,1,'Descriptions 1'),
(849,70,11,0,'Descriptifs 2'),
(850,70,11,1,'Descriptions 2'),
(851,70,12,0,'Adresses'),
(852,70,12,1,'Addresses'),
(853,71,1,0,'Demande de Confirmation'),
(854,71,1,1,'Confirmation'),
(855,71,2,0,'Confirmez-vous la suppression du service'),
(856,71,2,1,'Do you confirm delete of Service '),
(857,71,3,0,'Abandonner'),
(858,71,3,1,'Cancel'),
(859,71,4,0,'Confirmer la suppression'),
(860,71,4,1,'Confirm delete'),
(861,71,5,0,'Modification du Service'),
(862,71,5,1,'Service modification'),
(863,71,6,0,'Nom'),
(864,71,6,1,'Name'),
(865,71,7,0,'Annuler'),
(866,71,7,1,'Cancel'),
(867,71,8,0,'Confirmer la modification'),
(868,71,8,1,'Confirm modification'),
(869,71,9,0,'Nom du service'),
(870,71,9,1,'Service name'),
(871,71,10,0,'Actions'),
(872,71,10,1,'Actions'),
(873,71,11,0,'Ajouter un nouveau Service'),
(874,71,11,1,'Add a new service'),
(875,71,12,0,'Ajouter'),
(876,71,12,1,'Add'),
(877,71,13,0,'Modifier'),
(878,71,13,1,'Modify'),
(879,71,14,0,'Supprimer'),
(880,71,14,1,'Delete'),
(881,71,15,0,'Une erreur est survenue, merci de ré-essayer ultérieurement !'),
(882,71,15,1,'An error occured, please try again later'),
(883,72,1,0,'Demande de Confirmation'),
(884,72,1,1,'Confirmation wanted'),
(885,72,2,0,'Confirmez-vous la suppression de l\'entité légale'),
(886,72,2,1,'Do you confirm delete of legal entity '),
(887,72,3,0,'Abandonner'),
(888,72,3,1,'Cancel'),
(889,72,4,0,'Confirmer la suppression'),
(890,72,4,1,'Confirm delete'),
(891,72,5,0,'Modification de l\'Entité Légale'),
(892,72,5,1,'Legal entity modification'),
(893,72,6,0,'Nom'),
(894,72,6,1,'Name'),
(895,72,7,0,'Annuler'),
(896,72,7,1,'Cancel'),
(897,72,8,0,'Confirmer la modification'),
(898,72,8,1,'Confirm modification'),
(899,72,9,0,'Nom de l\'entité légale'),
(900,72,9,1,'Legal entity name'),
(901,72,10,0,'Actions'),
(902,72,10,1,'Actions'),
(903,72,11,0,'Ajouter une nouvelle Entité Légale'),
(904,72,11,1,'Add a new legal entity'),
(905,72,12,0,'Ajouter'),
(906,72,12,1,'Add'),
(907,72,13,0,'Modifier'),
(908,72,13,1,'Modify'),
(909,72,14,0,'Supprimer'),
(910,72,14,1,'Delete'),
(911,72,15,0,'Une erreur est survenue, merci de ré-essayer ultérieurement !'),
(912,72,15,1,'An error occured, please try again later !'),
(913,72,16,0,'Liens'),
(914,72,16,1,'Links'),
(915,73,1,0,'Votre demande est en cours de traitement.<br/><br/>Merci de patienter !'),
(916,73,1,1,'You request is currently treated.<br/><br/>Please wait !'),
(917,73,2,0,'Liens avec les Services'),
(918,73,2,1,'Services links'),
(919,73,3,0,'Nom du Service'),
(920,73,3,1,'Service name'),
(921,73,4,0,'Une erreur est survenue, merci de ré-essayer ultérieurement !'),
(922,73,4,1,'An error occured, please try again later !'),
(923,73,5,0,'Une erreur est survenue lors de l\'initialisation des paramètres de saisie, merci de ré-essayer ultérieurement !'),
(924,73,5,1,'An error occured during settings init. Please try again later !'),
(925,74,1,0,'Demande de Confirmation'),
(926,74,1,1,'Confirm wanted'),
(927,74,2,0,'Confirmez-vous la suppression du code budgétaire'),
(928,74,2,1,'Do you confirm delete of budget code'),
(929,74,3,0,'Abandonner'),
(930,74,3,1,'Cancel'),
(931,74,4,0,'Confirmer la suppression'),
(932,74,4,1,'Confirm delete'),
(933,74,5,0,'Modification du code budgétaire'),
(934,74,5,1,'Budget code modification'),
(935,74,6,0,'Nom'),
(936,74,6,1,'Name'),
(937,74,7,0,'Annuler'),
(938,74,7,1,'Cancel'),
(939,74,8,0,'Confirmer la modification'),
(940,74,8,1,'Confirm modification'),
(941,74,9,0,'Nom du code budgétaire'),
(942,74,9,1,'Budget code name'),
(943,74,10,0,'Actions'),
(944,74,10,1,'Actions'),
(945,74,11,0,'Ajouter un nouveau code budgétaire'),
(946,74,11,1,'Add a new budget code'),
(947,74,12,0,'Ajouter'),
(948,74,12,1,'Add'),
(949,74,13,0,'Modifier'),
(950,74,13,1,'Modify'),
(951,74,14,0,'Supprimer'),
(952,74,14,1,'Delete'),
(953,74,15,0,'Une erreur est survenue, merci de ré-essayer ultérieurement !'),
(954,74,15,1,'An error occured, please try again later !'),
(955,74,16,0,'Liens'),
(956,74,16,1,'Links'),
(957,75,1,0,'Votre demande est en cours de traitement.<br/><br/>Merci de patienter !'),
(958,75,1,1,'Your request is being processed.<br/><br/>Please wait !'),
(959,75,2,0,'Liens avec les services'),
(960,75,2,1,'Services links'),
(961,75,3,0,'Nom du Service'),
(962,75,3,1,'Service name'),
(963,75,4,0,'Une erreur est survenue, merci de ré-essayer ultérieurement !'),
(964,75,4,1,'An error occured, please try again later !'),
(965,75,5,0,'Une erreur est survenue lors de l\'initialisation des paramètres de saisie, merci de ré-essayer ultérieurement !'),
(966,75,5,1,'An error occured during settings init. Please try again later !'),
(967,76,1,0,'Demande de Confirmation'),
(968,76,1,1,'Confirm wanted'),
(969,76,2,0,'Confirmez-vous la suppression du type de document'),
(970,76,2,1,'Do you confirm delete of activity'),
(971,76,3,0,'Abandonner'),
(972,76,3,1,'Cancel'),
(973,76,4,0,'Confirmer la suppression'),
(974,74,4,1,'Confirm delete'),
(975,74,5,0,'Modification de l\'activité'),
(976,74,5,1,'budget code modification'),
(977,74,6,0,'Nom'),
(978,74,6,1,'Name'),
(979,74,7,0,'Annuler'),
(980,74,7,1,'Cancel'),
(981,74,8,0,'Confirmer la modification'),
(982,74,8,1,'Confirm modification'),
(983,74,9,0,'Nom de l\'activité'),
(984,74,9,1,'Budget code name'),
(985,74,10,0,'Actions'),
(986,74,10,1,'Actions'),
(987,74,11,0,'Ajouter une nouvelle activité'),
(988,74,11,1,'Add a new budget code'),
(989,74,12,0,'Ajouter'),
(990,74,12,1,'Add'),
(991,74,13,0,'Modifier'),
(992,74,13,1,'Modify'),
(993,74,14,0,'Supprimer'),
(994,74,14,1,'Delete'),
(995,74,15,0,' Une erreur est survenue, merci de ré-essayer ultérieurement !'),
(996,74,15,1,'An error occured, please try again later'),
(997,74,16,0,'Liens'),
(998,74,16,1,'Links'),
(999,75,1,0,'Votre demande est en cours de traitement.<br/><br/>Merci de patienter !'),
(1000,75,1,1,'Your request is being processed, <br/><br/>Please wait !'),
(1001,75,2,0,'Liens avec les Services'),
(1002,75,2,1,'Services links'),
(1003,75,3,0,'Nom du Service'),
(1004,75,3,1,'Service name'),
(1005,75,4,0,'Une erreur est survenue, merci de ré-essayer ultérieurement !'),
(1006,75,4,1,'An error occured, please try again later !'),
(1007,75,5,0,'Une erreur est survenue lors de l\'initialisation des paramètres de saisie, merci de ré-essayer ultérieurement !'),
(1008,75,5,1,'An error occured during settings init. Please try again later !'),
(1009,76,4,1,'Confirm delete'),
(1010,76,5,0,'Modification du type de document'),
(1011,76,5,1,'Document type modification'),
(1012,76,6,0,'Nom'),
(1013,76,6,1,'Name'),
(1014,76,7,0,'Annuler'),
(1015,76,7,1,'Cancel'),
(1016,76,8,0,'Confirmer la modification'),
(1017,76,8,1,'Confirm modify'),
(1018,76,9,0,'Nom du type de document'),
(1019,76,9,1,'Document type name'),
(1020,76,10,0,'Actions'),
(1021,76,10,1,'Actions'),
(1022,76,11,0,'Ajouter un nouveau type de document'),
(1023,76,11,1,'Add a new document type'),
(1024,76,12,0,'Ajouter'),
(1025,76,12,1,'Add'),
(1026,76,13,0,'Modifier'),
(1027,76,13,1,'Modify'),
(1028,76,14,0,'Supprimer'),
(1029,76,14,1,'Delete'),
(1030,76,15,0,'Une erreur est survenue, merci de ré-essayer ultérieurement !'),
(1031,76,15,1,'An error occured, please try again later !'),
(1032,76,16,0,'Liens'),
(1033,76,16,1,'Links'),
(1034,76,17,0,'Durée de conservation'),
(1035,76,17,1,'Keep length'),
(1036,76,18,0,'Durée'),
(1037,76,18,1,'Length'),
(1038,77,1,0,'Votre demande est en cours de traitement.<br/><br/>Merci de patienter !'),
(1039,77,1,1,'Your request is being processed <br/><br/>Please wait !'),
(1040,77,2,0,'Liens avec les Activités'),
(1041,77,2,1,'Activities links'),
(1042,77,3,0,'Nom de l\'activité'),
(1043,77,3,1,'Activity name'),
(1044,77,4,0,'Une erreur est survenue, merci de ré-essayer ultérieurement !'),
(1045,77,4,1,'An error occured, please try again later !'),
(1046,77,5,0,'Une erreur est survenue lors de l\'initialisation des paramètres de saisie, merci de ré-essayer ultérieurement !'),
(1047,77,5,1,'An error occured during settings init. Please try again later !'),
(1048,78,1,0,'Demande de Confirmation'),
(1049,78,1,1,'Confirm wanted'),
(1050,78,2,0,'Confirmez-vous la suppression du descriptif 1'),
(1051,78,2,1,'Do you confirm delete of description 1 '),
(1052,78,3,0,'Abandonner'),
(1053,78,3,1,'Cancel'),
(1054,78,4,0,'Confirmer la suppression'),
(1055,78,4,1,'Confirm delete'),
(1056,78,5,0,'Modification du descriptif 1'),
(1057,78,5,1,'Description 1 modification'),
(1058,78,6,0,'Nom'),
(1059,78,6,1,'Name'),
(1060,78,7,0,'Annuler'),
(1061,78,7,1,'Cancel'),
(1062,78,8,0,'Confirmer la modification'),
(1063,78,8,1,'Confirm modify'),
(1064,78,9,0,'Nom du descriptif 1'),
(1065,78,9,1,'Description 1 name'),
(1066,78,10,0,'Actions'),
(1067,78,10,1,'Actions'),
(1068,78,11,0,'Ajouter un nouveau descriptif 1'),
(1069,78,11,1,'Add new description 1'),
(1070,78,12,0,'Ajouter'),
(1071,78,12,1,'Add'),
(1072,78,13,0,'Modifier'),
(1073,78,13,1,'Modify'),
(1074,78,14,0,'Supprimer'),
(1075,78,14,1,'Delete'),
(1076,78,15,0,'Une erreur est survenue, merci de ré-essayer ultérieurement !'),
(1077,78,15,1,'An error occured, please try again later !'),
(1078,78,16,0,'Liens'),
(1079,78,16,1,'Links'),
(1080,79,1,0,'Votre demande est en cours de traitement.<br/><br/>Merci de patienter !'),
(1081,79,1,1,'Your request is being processed. <br/><br/> Please wait !'),
(1082,79,2,0,'Liens avec les Services'),
(1083,79,2,1,'Services links'),
(1084,79,3,0,'Nom du service'),
(1085,79,3,1,'Service name'),
(1086,79,4,0,'Une erreur est survenue, merci de ré-essayer ultérieurement !'),
(1087,79,4,1,'An error occured, please try again later !'),
(1088,79,5,0,'Une erreur est survenue lors de l\'initialisation des paramètres de saisie, merci de ré-essayer ultérieurement !'),
(1089,79,5,1,'An error occured during settings init. Please try again later !'),
(1090,80,1,0,'Demande de Confirmation'),
(1091,80,1,1,'Confirm wanted'),
(1092,80,2,0,'Confirmez-vous la suppression du descriptif 2'),
(1093,80,2,1,'Do you confirm delete of description 2'),
(1094,80,3,0,'Abandonner'),
(1095,80,3,1,'Cancel'),
(1096,80,4,0,'Confirmer la suppression'),
(1097,80,4,1,'Confirm delete'),
(1098,80,5,0,'Modification du descriptif 2'),
(1099,80,5,1,'Description 2 modification'),
(1100,80,6,0,'Nom'),
(1101,80,6,1,'Name'),
(1102,80,7,0,'Annuler'),
(1103,80,7,1,'Cancel'),
(1104,80,8,0,'Confirmer la modification'),
(1105,80,8,1,'Confirm modify'),
(1106,80,9,0,'Nom du descriptif 2'),
(1107,80,9,1,'Description 2 Name'),
(1108,80,10,0,'Actions'),
(1109,80,10,1,'Actions'),
(1110,80,11,0,'Ajouter un nouveau descriptif 2'),
(1111,80,11,1,'Add a new description 2'),
(1112,80,12,0,'Ajouter'),
(1113,80,12,1,'Add'),
(1114,80,13,0,'Modifier'),
(1115,80,13,1,'Modify'),
(1116,80,14,0,'Supprimer'),
(1117,80,14,1,'Delete'),
(1118,80,15,0,'Une erreur est survenue, merci de ré-essayer ultérieurement !'),
(1119,80,15,1,'An error occured, please try again later'),
(1120,80,16,0,'Liens'),
(1121,80,16,1,'Links'),
(1122,81,1,0,'Votre demande est en cours de traitement.<br/><br/>Merci de patienter !'),
(1123,81,1,1,'Your request is being processed, <br/><br/> Please wait !'),
(1124,81,2,0,'Liens avec les Services'),
(1125,81,2,1,'Services links'),
(1126,81,3,0,'Nom du service'),
(1127,81,3,1,'Service name'),
(1128,81,4,0,'Une erreur est survenue, merci de ré-essayer ultérieurement !'),
(1129,81,4,1,'An error occured, please try again later !'),
(1130,81,5,0,'Une erreur est survenue lors de l\'initialisation des paramètres de saisie, merci de ré-essayer ultérieurement !'),
(1131,81,5,1,'An error occured during settings init. Please try again later !'),
(1132,70,13,0,'Gérer la base archives'),
(1133,70,13,1,'Manage archive database'),
(1134,82,1,0,'Demande de Confirmation'),
(1135,82,1,1,'Confirm wanted'),
(1136,82,2,0,'Confirmez-vous la suppression de l\'activité'),
(1137,82,2,1,'Do you confirm delete of activity'),
(1138,82,3,0,'Abandonner'),
(1139,82,3,1,'Cancel'),
(1140,82,4,0,'Confirmer la suppression'),
(1141,82,4,1,'Confirm delete'),
(1142,82,5,0,'Modification de l\'activité'),
(1143,82,5,1,'Activity modification'),
(1144,82,6,0,'Nom'),
(1145,82,6,1,'Name'),
(1146,82,7,0,'Abandonner'),
(1147,82,7,1,'Cancel'),
(1148,82,8,0,'Confirmer la modification'),
(1149,82,8,1,'Confirm modification'),
(1150,82,9,0,'Nom de l\'activité'),
(1151,82,9,1,'Activity name'),
(1152,82,10,0,'Actions'),
(1153,82,10,1,'Actions'),
(1154,82,11,0,'Ajouter une nouvelle activité'),
(1155,82,11,1,'Add a new activity'),
(1156,82,12,0,'Ajouter'),
(1157,82,12,1,'Add'),
(1158,82,13,0,'Modifier'),
(1159,82,13,1,'Modify'),
(1160,82,14,0,'Supprimer'),
(1161,82,14,1,'Delete'),
(1162,82,15,0,'Une erreur est survenue, merci de ré-essayer ultérieurement !'),
(1163,82,15,1,'An error occured, please try again later !'),
(1164,82,16,0,'Liens'),
(1165,82,16,1,'Links'),
(1166,83,1,0,'Votre demande est en cours de traitement.<br/><br/>Merci de patienter !'),
(1167,83,1,1,'Your request is being processed. <br/><br/> Please wait'),
(1168,83,2,0,'Liens avec les Services'),
(1169,83,2,1,'Services links'),
(1170,83,3,0,'Nom du service'),
(1171,83,3,1,'Service name'),
(1172,83,4,0,'Une erreur est survenue, merci de ré-essayer ultérieurement !'),
(1173,83,4,1,'An error occured, please try again later !'),
(1174,83,5,0,'Une erreur est survenue lors de l\'initialisation des paramètres de saisie, merci de ré-essayer ultérieurement !'),
(1175,83,5,1,'An error occured during settings init. Please try again later !'),
(1176,84,1,0,'Demande de Confirmation'),
(1177,84,1,1,'Confirm wanted'),
(1178,84,2,0,'Confirmez-vous la suppression du compte prestataire'),
(1179,84,2,1,'Do you confirm delete of provider '),
(1180,84,3,0,'Abandonner'),
(1181,84,3,1,'Cancel'),
(1182,84,4,0,'Confirmer la suppression'),
(1183,84,4,1,'Confirm delete'),
(1184,84,5,0,'Modification du prestataire'),
(1185,84,5,1,'Provider modification'),
(1186,84,6,0,'Compte prestataire'),
(1187,84,6,1,'Provider account'),
(1188,84,7,0,'Annuler'),
(1189,84,7,1,'Cancel'),
(1190,84,8,0,'Confirmer la modification'),
(1191,84,8,1,'Confirm modify'),
(1192,84,9,0,'Compte prestataire'),
(1193,84,9,1,'Provider account'),
(1194,84,10,0,'Actions'),
(1195,84,10,1,'Actions'),
(1196,84,11,0,'Ajouter un nouveau prestataire'),
(1197,84,11,1,'Add a new provider'),
(1198,84,12,0,'Ajouter'),
(1199,84,12,1,'Add'),
(1200,84,13,0,'Modifier'),
(1201,84,13,1,'Modify'),
(1202,84,14,0,'Supprimer'),
(1203,84,14,1,'Delete'),
(1204,84,15,0,'Une erreur est survenue, merci de ré-essayer ultérieurement !'),
(1205,84,15,1,'An error occured, please try again later !'),
(1206,84,16,0,'Liens'),
(1207,84,16,1,'Links'),
(1208,85,1,0,'Votre demande est en cours de traitement.<br/><br/>Merci de patienter !'),
(1209,85,1,1,'Your request is being processed. <br/><br/> Please wait !'),
(1210,85,2,0,'Liens avec les Services'),
(1211,85,2,1,'Links with services'),
(1212,85,3,0,'Nom du service'),
(1213,85,3,1,'Service name'),
(1214,85,4,0,'Une erreur est survenue, merci de ré-essayer ultérieurement !'),
(1215,85,4,1,'An error occured, please try again later !'),
(1216,85,5,0,'Une erreur est survenue lors de l\'initialisation des paramètres de saisie, merci de ré-essayer ultérieurement !'),
(1217,85,5,1,'An error occured during settings init. Please try again later !'),
(1218,86,1,0,'Demande de Confirmation'),
(1219,86,1,1,'Confirm wanted'),
(1220,86,2,0,'Confirmez-vous la suppression de l\'adresse'),
(1221,86,2,1,'Do you confirm delete of delivery address '),
(1222,86,3,0,'Abandonner'),
(1223,86,3,1,'Cancel'),
(1224,86,4,0,'Confirmer la suppression'),
(1225,86,4,1,'Confirm delete'),
(1226,86,5,0,'Modification de l\'adresse de livraison'),
(1227,86,5,1,'Delivery address modification'),
(1228,86,6,0,'Adresse'),
(1229,86,6,1,'Address'),
(1230,86,7,0,'Annuler'),
(1231,86,7,1,'Cancel'),
(1232,86,8,0,'Confirmer la modification'),
(1233,86,8,1,'Confirm modify'),
(1234,86,9,0,'Adresse'),
(1235,86,9,1,'Delivery address'),
(1236,86,10,0,'Actions'),
(1237,86,10,1,'Actions'),
(1238,86,11,0,'Ajouter une nouvelle adresse'),
(1239,86,11,1,'Add a new delivery address'),
(1240,86,12,0,'Ajouter'),
(1241,86,12,1,'Add'),
(1242,86,13,0,'Modifier'),
(1243,86,13,1,'Modify'),
(1244,86,14,0,'Supprimer'),
(1245,86,14,1,'Delete'),
(1246,86,15,0,'Une erreur est survenue, merci de ré-essayer ultérieurement !'),
(1247,86,15,1,'An error occured, please try again later !'),
(1248,21,1,0,'Administration - Utilisateurs - Liste'),
(1249,21,1,1,'Admin - Users - List'),
(1250,21,2,0,'Utilisateurs'),
(1251,21,2,1,'Users'),
(1252,21,3,0,'Demande de Confirmation'),
(1253,21,3,1,'Confirm wanted'),
(1254,21,4,0,'Confirmez-vous la suppression de l\'utilisateur'),
(1255,21,4,1,'Do you confirm delete of user '),
(1256,21,5,0,'Abandonner'),
(1257,21,5,1,'Cancel'),
(1258,21,6,0,'Confirmer la suppression'),
(1259,21,6,1,'Confirm delete'),
(1260,21,7,0,'Nom'),
(1261,21,7,1,'Last name'),
(1262,21,8,0,'Prénom'),
(1263,21,8,1,'First name'),
(1264,21,9,0,'Identifiant'),
(1265,21,9,1,'Login'),
(1266,21,10,0,'Actions'),
(1267,21,10,1,'Actions'),
(1268,21,11,0,'Créer un nouvel utilisateur'),
(1269,21,11,1,'Create a new user'),
(1270,21,12,0,'Modifier'),
(1271,21,12,1,'Modify'),
(1272,21,13,0,'Supprimer'),
(1273,21,13,1,'Delete'),
(1274,21,14,0,'Droits'),
(1275,21,14,1,'Rights'),
(1276,21,15,0,'Une erreur est survenue, merci de ré-essayer ultérieurement !'),
(1277,21,15,1,'An error occured, please try again later !'),
(1278,22,1,0,'Nom'),
(1279,22,1,1,'Last name'),
(1280,22,2,0,'Prénom'),
(1281,22,2,1,'First name'),
(1282,22,3,0,'Identifiant'),
(1283,22,3,1,'Login'),
(1284,22,4,0,'Mot de passe'),
(1285,22,4,1,'Password'),
(1286,22,5,0,'Changer le mot de passe'),
(1287,22,5,1,'Change the password'),
(1288,22,6,0,'Laisser vide pour ne pas changer'),
(1289,22,6,1,'Keep empty to not change'),
(1290,22,7,0,'Initiales'),
(1291,22,7,1,'Initials'),
(1292,22,8,0,'Ajouter'),
(1293,22,8,1,'Add'),
(1294,22,9,0,'Modifier'),
(1295,22,9,1,'Modify'),
(1296,22,10,0,'Administration - Utilisateurs -'),
(1297,22,10,1,'Admin - Users -'),
(1298,22,11,0,'Utilisateurs'),
(1299,22,11,1,'Users'),
(1300,22,12,0,'Rôle'),
(1301,22,12,1,'Role'),
(1302,22,13,0,'Services visibles'),
(1303,22,13,1,'Visible services'),
(1304,22,14,0,'Nom du service'),
(1305,22,14,1,'Service name'),
(1306,22,15,0,'Choisir un role'),
(1307,22,15,1,'Choose a role'),
(1308,22,16,0,'Une erreur est survenue lors de l\'initialisation des paramètres de saisie, merci de ré-essayer ultérieurement !'),
(1309,22,16,1,'An error occured during parameters initialisation, please try again later !'),
(1310,21,16,0,'Liste'),
(1311,21,16,1,'List'),
(1312,23,1,0,'Administration - Utilisateurs - Modification droits'),
(1313,23,1,1,'Admin - Users - Rights modification'),
(1314,23,2,0,'Utilisateurs'),
(1315,23,2,1,'Users'),
(1316,23,3,0,'Modification droits'),
(1317,23,3,1,'Rights modification'),
(1318,23,4,0,'Votre demande est en cours de traitement. <br/><br/> Merci de patienter.'),
(1319,23,4,1,'Your request is being processed. <br/><br/> Please wait !'),
(1320,23,5,0,'Droits octroyés'),
(1321,23,5,1,'Rights enabled'),
(1322,23,6,0,'Description du droit'),
(1323,23,6,1,'Right description'),
(1324,23,7,0,'Une erreur est survenue, merci de ré-essayer ultérieurement !'),
(1325,23,7,1,'An error occured, please try again later !'),
(1326,23,8,0,'Une erreur est survenue lors de l\'initialisation des paramètres de saisie, merci de ré-essayer ultérieurement !'),
(1327,23,8,1,'An error occured during settings init. Please try again later !'),
(1328,100,1,0,'Visibilité'),
(1329,100,1,1,'Visibility'),
(1330,100,2,0,'Code budgétaire'),
(1331,100,2,1,'Budget code'),
(1332,100,3,0,'Visible'),
(1333,100,3,1,'Shown'),
(1334,100,4,0,'Obligatoire'),
(1335,100,4,1,'Mandatory'),
(1336,100,5,0,'Activité'),
(1337,100,5,1,'Activity'),
(1338,100,6,0,'Type de document'),
(1339,100,6,1,'Document type'),
(1340,100,7,0,'Descriptif 1'),
(1341,100,7,1,'Description 1'),
(1342,100,8,0,'Descriptif 2'),
(1343,100,8,1,'Description 2'),
(1344,100,9,0,'Nom'),
(1345,100,9,1,'Name'),
(1346,100,10,0,'Bornes numériques'),
(1347,100,10,1,'Numeric limits'),
(1348,100,11,0,'Bornes alphabétiques'),
(1349,100,11,1,'Alphabetic limits'),
(1350,100,12,0,'Bornes alphanumériques'),
(1351,100,12,1,'Alpha-numeric limits'),
(1352,100,13,0,'Bornes de dates'),
(1353,100,13,1,'Date limits'),
(1354,100,14,0,'N° de dossier'),
(1355,100,14,1,'File number'),
(1356,100,15,0,'N° de boîte'),
(1357,100,15,1,'Box number'),
(1358,100,16,0,'N° de conteneur'),
(1359,100,16,1,'Container number'),
(1360,100,17,0,'Compte prestataire'),
(1361,100,17,1,'Provider'),
(1362,100,18,0,'Langue par défaut'),
(1363,100,18,1,'Default language'),
(1364,100,19,0,'Caché'),
(1365,100,19,1,'Hidden'),
(1366,100,20,0,'Facultatif'),
(1367,100,20,1,'Optional'),
(1368,120,1,0,'Visualiser les statistiques'),
(1369,120,1,1,'View statistics'),
(1370,120,2,0,'Général'),
(1371,120,2,1,'Main'),
(1372,120,3,0,'Personnalisé'),
(1373,120,3,1,'Custom'),
(1374,120,4,0,'Mouvement'),
(1375,120,4,1,'Move'),
(1376,120,5,0,'Transferts'),
(1377,120,5,1,'Transfers'),
(1378,120,6,0,'Consultations'),
(1379,120,6,1,'Consultations'),
(1380,120,7,0,'Retours'),
(1381,120,7,1,'Returns'),
(1382,120,8,0,'Sorties définitives'),
(1383,120,8,1,'Exits'),
(1384,120,9,0,'Destructions'),
(1385,120,9,1,'Destructions'),
(1386,120,10,0,'Contenant'),
(1387,120,10,1,'Contain'),
(1388,120,11,0,'Tous'),
(1389,120,11,1,'All'),
(1390,120,12,0,'Conteneurs '),
(1391,120,12,1,'Containers'),
(1392,120,13,0,'Boites'),
(1393,120,13,1,'Boxes'),
(1394,120,14,0,'Dossiers'),
(1395,120,14,1,'Files'),
(1396,120,15,0,'Service'),
(1397,120,15,1,'Service'),
(1398,120,16,0,'Compte prestataire'),
(1399,120,16,1,'Provider account'),
(1400,120,17,0,'Type de graphique'),
(1401,120,17,1,'Graphic type'),
(1402,120,18,0,'Barres'),
(1403,120,18,1,'Bars'),
(1404,120,19,0,'Lignes'),
(1405,120,19,1,'Lines'),
(1406,120,20,0,'Points'),
(1407,120,20,1,'Dots'),
(1408,120,21,0,'Une erreur est survenue lors de l\'initialisation des paramètres, merci de ré-essayer ultérieurement !'),
(1409,120,21,1,'An error occured during settings init. Please try again later !'),
(1410,120,22,0,'Quantité'),
(1411,120,22,1,'Quantity'),
(1412,120,23,0,'Mois'),
(1413,120,23,1,'Month'),
(1414,120,24,0,' en salle service'),
(1415,120,24,1,' in service room'),
(1416,120,25,0,' en salle intermédiaire'),
(1417,120,25,1,' in intermediate room'),
(1418,120,26,0,' chez le prestataire'),
(1419,120,26,1,' at the provider'),
(1420,120,27,0,'Début'),
(1421,120,27,1,'Begin'),
(1422,120,28,0,'Année'),
(1423,120,28,1,'Year'),
(1424,120,29,0,'Durée'),
(1425,120,29,1,'Length'),
(1426,120,30,0,'Code budgétaire'),
(1427,120,30,1,'Budget code'),
(1428,120,31,0,'Entité juridique'),
(1429,120,31,1,'Legal entity'),
(1430,120,32,0,'Lieu de stockage'),
(1431,120,32,1,'Stocking area'),
(1432,120,33,0,'Salle archives service'),
(1433,120,33,1,'Service internal room'),
(1434,120,34,0,'Salle archives intermédiaire'),
(1435,120,34,1,'Intermediate room'),
(1436,120,35,0,'Salle archives prestataire'),
(1437,120,35,1,'At provider'),
(1438,120,36,0,'Vide = maintenant, sinon mm/aa'),
(1439,120,36,1,'Empty = now, else mm/yy'),
(1440,61,42,0,'Sélectionnez une adresse'),
(1441,61,42,1,'Select an address'),
(1442,61,43,0,'Adresse'),
(1443,61,43,1,'Address'),
(1444,61,44,0,' Vous devez sélectionner une adresse'),
(1445,61,44,1,'You must select an address'),
(1446,90,1,0,'Numéro d\'ordre'),
(1447,90,1,1,'Order number'),
(1448,90,2,0,'Le propriétaire'),
(1449,90,2,1,'The owner'),
(1450,90,3,0,'Service'),
(1451,90,3,1,'Service'),
(1452,90,4,0,'Entité légale'),
(1453,90,4,1,'Legal entity'),
(1454,90,5,0,'Code budgétaire'),
(1455,90,5,1,'Budget code'),
(1456,90,6,0,'Les informations descriptives'),
(1457,90,6,1,'The description information'),
(1458,90,7,0,'Activité'),
(1459,90,7,1,'Activity'),
(1460,90,8,0,'Type du document'),
(1461,90,8,1,'Document type'),
(1462,90,9,0,'Descriptif 1'),
(1463,90,9,1,'Description 1'),
(1464,90,10,0,'Descriptif 2'),
(1465,90,10,1,'Description 2'),
(1466,90,11,0,'La durée de conservation'),
(1467,90,11,1,'The conservation length'),
(1468,90,12,0,'Année de clôture'),
(1469,90,12,1,'Closure year'),
(1470,90,13,0,'Année de destruction'),
(1471,90,13,1,'Destruction year'),
(1472,90,14,0,'Les identifiants des contenants'),
(1473,90,14,1,'Provider(s) id'),
(1474,90,15,0,'N° de dossier'),
(1475,90,15,1,'File number'),
(1476,90,16,0,'N° de boîte'),
(1477,90,16,1,'Box number'),
(1478,90,17,0,'N° de conteneur'),
(1479,90,17,1,'Container number'),
(1480,90,18,0,'Compte prestataire'),
(1481,90,18,1,'Provider account'),
(1482,90,19,0,'Libellé'),
(1483,90,19,1,'Label'),
(1484,90,20,0,'Bornes'),
(1485,90,20,1,'Limits'),
(1486,90,21,0,'Date de'),
(1487,90,21,1,'Date from'),
(1488,90,22,0,'à'),
(1489,90,22,1,'to'),
(1490,90,23,0,'Num. de'),
(1491,90,23,1,'Num. from'),
(1492,90,24,0,'à'),
(1493,90,24,1,'to'),
(1494,90,25,0,'Alpha. de'),
(1495,90,25,1,'Alpha. from'),
(1496,90,26,0,'à'),
(1497,90,26,1,'to'),
(1498,90,27,0,'Alphanum. de'),
(1499,90,27,1,'Alphanum. from'),
(1500,90,28,0,'à'),
(1501,90,28,1,'to'),
(1502,90,29,0,'Modifier'),
(1503,90,29,1,'Modify'),
(1504,90,30,0,'Valider la modification'),
(1505,90,30,1,'Valid modification'),
(1506,90,31,0,'Supprimer'),
(1507,90,31,1,'Delete'),
(1508,90,32,0,'Annuler'),
(1509,90,32,1,'Cancel'),
(1510,64,27,0,'Retour'),
(1511,64,27,1,'Return'),
(1512,64,28,0,'Sortie définitive'),
(1513,64,28,1,'Exit'),
(1514,64,29,0,'Destruction'),
(1515,64,29,1,'Delete'),
(1516,65,13,0,'Nom du demandeur'),
(1517,65,13,1,'Who'),
(1518,90,33,0,'Imprimer la fiche'),
(1519,90,33,1,'Print'),
(1520,69,88,0,'Imprimer fiche'),
(1521,69,88,1,'Print'),
(1522,61,45,0,'Le formulaire comporte des erreurs !'),
(1523,61,45,1,'Form contains errors !'),
(1524,61,46,0,'Certains champs obligatoires n\'ont pas été renseignés !'),
(1525,61,46,1,'Some mandatory fields are empty !'),
(1526,61,47,0,'Fermer'),
(1527,61,47,1,'Close'),
(1528,63,15,0,'En cours de saisie'),
(1529,63,15,1,'Currently entry'),
(1530,2,25,0,'Importer des données'),
(1531,2,25,1,'Import datas'),
(1532,87,1,0,'Demande de Confirmation'),
(1533,87,1,1,'Confirmation'),
(1534,87,2,0,'Confirmez-vous la suppression de la localisation'),
(1535,87,2,1,'Do you confirm the localization delete'),
(1536,87,3,0,'Abandonner'),
(1537,87,3,1,'Cancel'),
(1538,87,4,0,'Confirmer la suppression'),
(1539,87,4,1,'Delete confirmation'),
(1540,87,5,0,'Modification de la localisation'),
(1541,87,5,1,'Localization modification'),
(1542,87,6,0,'Nom'),
(1543,87,6,1,'Label'),
(1544,87,7,0,'Annuler'),
(1545,87,7,1,'Cancel'),
(1546,87,8,0,'Confirmer la modification'),
(1547,87,8,1,'Confirm modification'),
(1548,87,9,0,'Nom de la localisation'),
(1549,87,9,1,'Localization label'),
(1550,87,10,0,'Actions'),
(1551,87,10,1,'Actions'),
(1552,87,11,0,'Ajouter une nouvelle localisation'),
(1553,87,11,1,'Add a new localization'),
(1554,87,12,0,'Ajouter'),
(1555,87,12,1,'Add'),
(1556,87,13,0,'Modifier'),
(1557,87,13,1,'Modify'),
(1558,87,14,0,'Supprimer'),
(1559,87,14,1,'Delete'),
(1560,87,15,0,'Une erreur est survenue, merci de ré-essayer ultérieurement !'),
(1561,87,15,1,'An error occured, please retry later !'),
(1562,87,16,0,'Logo'),
(1563,87,16,1,'Links'),
(1564,88,1,0,'Votre demande est en cours de traitement.<br/><br/>Merci de patienter !'),
(1565,88,1,1,'Your request is being processed. <br/><br/> Please wait !'),
(1566,88,2,0,'Liens avec les Services'),
(1567,88,2,1,'Links with services'),
(1568,88,3,0,'Nom du service'),
(1569,88,3,1,'Service name'),
(1570,88,4,0,'Une erreur est survenue, merci de ré-essayer ultérieurement !'),
(1571,88,4,1,'An error occured, please try again later !'),
(1572,88,5,0,'Une erreur est survenue lors de l\'initialisation des paramètres de saisie, merci de ré-essayer ultérieurement !'),
(1573,88,5,1,'An error occured during settings init. Please try again later !'),
(1574,70,14,0,'Localisations'),
(1575,70,14,1,'Localizations'),
(1576,61,48,0,'Exporter le tableau'),
(1577,61,48,1,'Export table datas'),
(1578,61,49,0,'Imprimer les étiquettes'),
(1579,61,49,1,'Print bunch of tags'),
(1580,61,50,0,'Supprimer la sélection'),
(1581,61,50,1,'Delete selected archives'),
(1582,90,34,0,'Imprimer l\'étiquette'),
(1583,90,34,1,'Print tag'),
(1584,61,51,0,'Imprimer le tableau'),
(1585,61,51,1,'Print table'),
(1586,64,30,0,'Exporter le tableau'),
(1587,64,30,1,'Export datas'),
(1588,64,31,0,'Imprimer le tableau'),
(1589,64,31,1,'Print table'),
(1590,69,89,0,'Exporter le tableau'),
(1591,69,89,1,'Export table datas'),
(1592,69,90,0,'Imprimer le tableau'),
(1593,69,90,1,'Print table'),
(1594,40,27,0,'Demandes de relocalisation'),
(1595,40,27,1,'Demandes de relocalisation'),
(1596,40,28,0,'Relocaliser'),
(1597,40,28,1,'Relocaliser'),
(1598,2,26,0,'Relocaliser'),
(1599,2,26,1,'Relocaliser'),
(1600,89,1,0,'Demander la relocalisation d\'unités d\'archives'),
(1601,89,1,1,'Demander la relocalisation d\'unités d\'archives'),
(1602,89,2,0,'Messages'),
(1603,89,2,1,'Messages'),
(1604,89,3,0,'Précisions'),
(1605,89,3,1,'Précisions'),
(1606,89,4,0,'Annuler'),
(1607,89,4,1,'Annuler'),
(1608,89,5,0,'Nom'),
(1609,89,5,1,'Nom'),
(1610,64,32,0,'Relocalisation'),
(1611,64,32,1,'Relocaliser'),
(1612,64,33,0,'Demande en salle interne service'),
(1613,64,33,1,'Demande en salle interne service'),
(1614,64,34,0,'Demande en salle archives intermédiaire'),
(1615,64,34,1,'Demande en salle archives intermédiaire'),
(1616,64,35,0,'Demande chez le prestataire'),
(1617,64,35,1,'Demande chez le prestataire'),
(1618,64,36,0,'Demander la relocalisation'),
(1619,64,36,1,'Demander la relocalisation'),
(1620,89,6,0,'Demander la relocalisation'),
(1621,89,6,1,'Demander la relocalisation'),
(1622,63,16,0,'Relocalisables'),
(1623,63,16,1,'Relocalisables'),
(1624,89,7,0,'Date souhaitée'),
(1625,89,7,1,'Date souhaitée'),
(1626,89,8,0,'Commentaires'),
(1627,89,8,1,'Commentaires'),
(1628,89,9,0,'Relocaliser'),
(1629,89,9,1,'Relocaliser'),
(1630,91,1,0,'Nom du demandeur'),
(1631,91,1,1,'Nom du demandeur'),
(1632,91,2,0,'Adresse'),
(1633,91,2,1,'Adresse'),
(1634,91,3,0,'N° d\'étage'),
(1635,91,3,1,'N° d\'étage'),
(1636,91,4,0,'N° de bureau'),
(1637,91,4,1,'N° de bureau'),
(1638,91,5,0,'Commentaires'),
(1639,91,5,1,'Commentaires'),
(1640,91,6,0,'N/A'),
(1641,91,6,1,'N/A'),
(1642,91,7,0,'Date de transfert souhaitée'),
(1643,91,7,1,'Date de transfert souhaitée'),
(1644,91,8,0,'Demander le transfert'),
(1645,91,8,1,'Demander le transfert'),
(1646,91,9,0,'Date de consultation souhaitée'),
(1647,91,9,1,'Date de consultation souhaitée'),
(1648,91,10,0,'Demander la consultation'),
(1649,91,10,1,'Demander la consultation'),
(1650,91,11,0,'Date de retour souhaitée'),
(1651,91,11,1,'Date de retour souhaitée'),
(1652,91,12,0,'Demander le retour'),
(1653,91,12,1,'Demander le retour'),
(1654,91,13,0,'Date de sortie définitive souhaitée'),
(1655,91,13,1,'Date de sortie définitive souhaitée'),
(1656,91,14,0,'Demander la sortie définitive'),
(1657,91,14,1,'Demander la sortie définitive'),
(1658,91,15,0,'Date de destruction souhaitée'),
(1659,91,15,1,'Date de destruction souhaitée'),
(1660,91,16,0,'Demander la destruction'),
(1661,91,16,1,'Demander la destruction'),
(1662,91,17,0,'Date de relocalisation souhaitée'),
(1663,91,17,1,'Date de relocalisation souhaitée'),
(1664,91,18,0,'Demander la relocalisation'),
(1665,91,18,1,'Demander la relocalisation'),
(1666,91,19,0,'Précisions'),
(1667,91,19,1,'Précisions'),
(1668,64,37,0,'Vous devez entrer un demandeur !'),
(1669,64,37,1,'Vous devez entrer un demandeur !'),
(1670,69,91,0,'A relocaliser'),
(1671,69,91,1,'A relocaliser'),
(1672,69,92,0,'Archives à relocaliser'),
(1673,69,92,1,'Archives à relocaliser'),
(1674,69,93,0,'Relocalisation à annuler'),
(1675,69,93,1,'Annuler la relocalisation'),
(1676,69,94,0,'Relocalisation'),
(1677,69,94,1,'Relocaliser'),
(1678,92,1,0,'Le formulaire comporte des erreurs !'),
(1679,92,1,1,'Le formulaire comporte des erreurs !'),
(1680,92,2,0,'Certains champs obligatoires n\'ont pas été renseignés !'),
(1681,92,2,1,'Certains champs obligatoires n\'ont pas été renseignés !'),
(1682,92,3,0,'Fermer'),
(1683,92,3,1,'Fermer'),
(1684,92,4,0,'Demande de Confirmation'),
(1685,92,4,1,'Demande de Confirmation'),
(1686,92,5,0,'Confirmez-vous la suppression de l\'archive'),
(1687,92,5,1,'Confirmez vous la suppression de l\'archive'),
(1688,92,6,0,'Abandonner'),
(1689,92,6,1,'Abandonner'),
(1690,92,7,0,'Confirmer la suppression'),
(1691,92,7,1,'Confirmer la suppression'),
(1692,92,8,0,'Lier plusieurs unités d\'archives à un conteneur'),
(1693,92,8,1,'Lier plusieurs unités d\'archives à un conteneur'),
(1694,92,9,0,'Conteneur auquel les unités d\'archives doivent être liées'),
(1695,92,9,1,'Conteneur auquel les unités d\'archives doivent être liées'),
(1696,92,10,0,'Abandonner'),
(1697,92,10,1,'Abandonner'),
(1698,92,11,0,'Confirmer la liaison'),
(1699,92,11,1,'Confirmer la liaison'),
(1700,92,12,0,'Attention'),
(1701,92,12,1,'Attention'),
(1702,92,13,0,'Votre liste Transférer, ou votre liste Annuler le transfert ne sont pas vide. <br/>Votre demande videra ces listes, voulez vous continuer ?'),
(1703,92,13,1,'Votre liste Transférer, ou votre liste Annuler le transfert ne sont pas vide. <br/>Votre demande videra ces listes, voulez vous continuer ?'),
(1704,92,14,0,'Abandonner'),
(1705,92,14,1,'Abandonner'),
(1706,92,15,0,'Confirmer la demande'),
(1707,92,15,1,'Confirmer la demande'),
(1708,92,16,0,'A transférer'),
(1709,92,16,1,'A transférer'),
(1710,92,17,0,'A consulter'),
(1711,92,17,1,'A livrer'),
(1712,92,18,0,'A retourner'),
(1713,92,18,1,'A retourner'),
(1714,92,19,0,'A sortir définitivement'),
(1715,92,19,1,'A sortir définitivement'),
(1716,92,20,0,'A détruire'),
(1717,92,20,1,'A détruire'),
(1718,92,21,0,'A relocaliser'),
(1719,92,21,1,'A relocaliser'),
(1720,92,22,0,'Voir le prestataire'),
(1721,92,22,1,'Voir le prestataire'),
(1722,92,23,0,'Exporter le tableau'),
(1723,92,23,1,'Exporter le tableau'),
(1724,92,24,0,'Lier les archives à un même conteneur'),
(1725,92,24,1,'Lier les archives à un même conteneur'),
(1726,92,25,0,'Imprimer le tableau'),
(1727,92,25,1,'Imprimer le tableau'),
(1728,92,26,0,'Transfert'),
(1729,92,26,1,'Transférer'),
(1730,92,27,0,'Archives à transférer'),
(1731,92,27,1,'Archives à transférer'),
(1732,92,28,0,'Générer le transfert'),
(1733,92,28,1,'Générer le transfert'),
(1734,92,29,0,'Annulation du transfert'),
(1735,92,29,1,'Annulation du transfert'),
(1736,92,30,0,'Annuler le transfert'),
(1737,92,30,1,'Annuler le transfert'),
(1738,92,31,0,'Service'),
(1739,92,31,1,'Service'),
(1740,92,32,0,'N° d\'ordre'),
(1741,92,32,1,'N° d\'ordre'),
(1742,92,33,0,'Entité légale'),
(1743,92,33,1,'Entité légale'),
(1744,92,34,0,'Libellé'),
(1745,92,34,1,'Libellé'),
(1746,92,35,0,'Code budgétaire'),
(1747,92,35,1,'Code budgétaire'),
(1748,92,36,0,'Activité'),
(1749,92,36,1,'Activité'),
(1750,92,37,0,'Type de document'),
(1751,92,37,1,'Type de document'),
(1752,92,38,0,'N° Dossier'),
(1753,92,38,1,'N° Dossier'),
(1754,92,39,0,'N° boite'),
(1755,92,39,1,'N° boite'),
(1756,92,40,0,'N° conteneur'),
(1757,92,40,1,'N° conteneur'),
(1758,92,41,0,'Compte prestataire'),
(1759,92,41,1,'Compte prestataire'),
(1760,92,42,0,'Date min'),
(1761,92,42,1,'Date min'),
(1762,92,43,0,'Date max'),
(1763,92,43,1,'Date max'),
(1764,92,44,0,'Num. min'),
(1765,92,44,1,'Num. min'),
(1766,92,45,0,'Num. max'),
(1767,92,45,1,'Num. max'),
(1768,92,46,0,'Alpha. min'),
(1769,92,46,1,'Alpha. min'),
(1770,92,47,0,'Alpha. max'),
(1771,92,47,1,'Alpha. max'),
(1772,92,48,0,'Alphanum. min'),
(1773,92,48,1,'Alphanum. min'),
(1774,92,49,0,'Alphanum. max'),
(1775,92,49,1,'Alphanum. max'),
(1776,92,50,0,'Date de clôture'),
(1777,92,50,1,'Date de clôture'),
(1778,92,51,0,'Date de destruction'),
(1779,92,51,1,'Date de destruction'),
(1780,92,52,0,'Statut'),
(1781,92,52,1,'Statut'),
(1782,92,53,0,'Localisation'),
(1783,92,53,1,'Localisation'),
(1784,92,54,0,'Votre liste'),
(1785,92,54,1,'Votre liste'),
(1786,92,55,0,'Archives à transférer'),
(1787,92,55,1,'Archives à transférer'),
(1788,92,56,0,'Archives à livrer'),
(1789,92,56,1,'Archives à livrer'),
(1790,92,57,0,'Archives à retourner'),
(1791,92,57,1,'Archives à retourner'),
(1792,92,58,0,'Archives à détruire'),
(1793,92,58,1,'Archives à détruire'),
(1794,92,59,0,'Archives à sortir'),
(1795,92,59,1,'Archives à sortir'),
(1796,92,60,0,'Archives à relocaliser'),
(1797,92,60,1,'Archives à relocaliser'),
(1798,92,61,0,'et votre liste'),
(1799,92,61,1,'et votre liste'),
(1800,92,62,0,'Annulation du transfert'),
(1801,92,62,1,'Annulation du transfert'),
(1802,92,63,0,'Annulation de la livraison'),
(1803,92,63,1,'Annulation de la livraison'),
(1804,92,64,0,'Annulation du retour'),
(1805,92,64,1,'Annulation du retour'),
(1806,92,65,0,'Annulation de la destruction'),
(1807,92,65,1,'Annulation de la destruction'),
(1808,92,66,0,'Annulation de la sortie'),
(1809,92,66,1,'Annulation de la sortie'),
(1810,92,67,0,'Annulation de la relocalisation'),
(1811,92,67,1,'Annulation de la relocalisation'),
(1812,92,68,0,'n\'est pas vide'),
(1813,92,68,1,'n\'est pas vide'),
(1814,92,69,0,'ne sont pas vides'),
(1815,92,69,1,'ne sont pas vides'),
(1816,92,70,0,'Votre demande videra ces listes, voulez vous continuer ?'),
(1817,92,70,1,'Votre demande videra ces listes, voulez vous continuer ?'),
(1818,92,71,0,'Consultation'),
(1819,92,71,1,'Livrer'),
(1820,92,72,0,'Générer la consultation'),
(1821,92,72,1,'Générer la livraison'),
(1822,92,73,0,'Annuler la livraison'),
(1823,92,73,1,'Annuler la livraison'),
(1824,92,74,0,'Archives à consulter'),
(1825,92,74,1,'Archives à livrer'),
(1826,92,75,0,'Annulation de la livraison'),
(1827,92,75,1,'Annulation de la livraison'),
(1828,92,76,0,'Retour'),
(1829,92,76,1,'Retourner'),
(1830,92,77,0,'Générer le retour'),
(1831,92,77,1,'Générer le retour'),
(1832,92,78,0,'Annuler le retour'),
(1833,92,78,1,'Annuler le retour'),
(1834,92,79,0,'Archives à retourner'),
(1835,92,79,1,'Archives à retourner'),
(1836,92,80,0,'Annulation du retour'),
(1837,92,80,1,'Annulation du retour'),
(1838,92,81,0,'Sortie définitive'),
(1839,92,81,1,'Sortir'),
(1840,92,82,0,'Générer la sortie définitive'),
(1841,92,82,1,'Générer la sortie'),
(1842,92,83,0,'Annuler la sortie'),
(1843,92,83,1,'Annuler la sortie'),
(1844,92,84,0,'Archives à sortir définitivement'),
(1845,92,84,1,'Archives à sortir'),
(1846,92,85,0,'Annulation de la sortie'),
(1847,92,85,1,'Annulation de la sortie'),
(1848,92,86,0,'Destruction'),
(1849,92,86,1,'Détruire'),
(1850,92,87,0,'Générer la destruction'),
(1851,92,87,1,'Générer la destruction'),
(1852,92,88,0,'Annuler la destruction'),
(1853,92,88,1,'Annuler la destruction'),
(1854,92,89,0,'Archives à détruire'),
(1855,92,89,1,'Archives à détruire'),
(1856,92,90,0,'Annulation de la destruction'),
(1857,92,90,1,'Annulation de la destruction'),
(1858,92,91,0,'Relocalisation'),
(1859,92,91,1,'Sortir'),
(1860,92,92,0,'Générer la relocalisation'),
(1861,92,92,1,'Générer la relocalisation'),
(1862,92,93,0,'Annuler la relocalisation'),
(1863,92,93,1,'Annuler la relocalisation'),
(1864,92,94,0,'Archives à relocaliser'),
(1865,92,94,1,'Archives à relocaliser'),
(1866,92,95,0,'Annulation de la relocalisation'),
(1867,92,95,1,'Annulation de la relocalisation'),
(1868,92,96,0,'Au moins une unité d\'archives n\'a pas de numéro d\'identifiant prestataire,<br/>souhaitez-vous quand même effectuer le transfert ?'),
(1869,92,96,1,'Au moins une unité d\'archives n\'a pas de numéro d\'identifiant prestataire,<br/>souhaitez-vous quand même effectuer le transfert ?'),
(1870,92,97,0,'Avertissement !'),
(1871,92,97,1,'Avertissement !'),
(1872,92,98,0,'Oui'),
(1873,92,98,1,'Oui'),
(1874,92,99,0,'Non'),
(1875,92,99,1,'Non'),
(1876,92,100,0,'Une erreur est survenue, merci de ré-essayer ultérieurement !'),
(1877,92,100,1,'Une erreur est survenue, merci de ré-essayer ultérieurement !'),
(1878,92,101,0,'Attention: Le numéro de conteneur ne peut pas être vide !'),
(1879,92,101,1,'Attention: Le numéro de conteneur ne peut pas être vide !'),
(1880,93,1,0,'Le formulaire comporte des erreurs !'),
(1881,93,1,1,'Le formulaire comporte des erreurs !'),
(1882,93,2,0,'Certains champs obligatoires n\'ont pas été renseignés !'),
(1883,93,2,1,'Certains champs obligatoires n\'ont pas été renseignés !'),
(1884,93,3,0,'Fermer'),
(1885,93,3,1,'Fermer'),
(1886,93,4,0,'Demande de Confirmation'),
(1887,93,4,1,'Demande de Confirmation'),
(1888,93,5,0,'Confirmez-vous la suppression de l\'archive'),
(1889,93,5,1,'Confirmez vous la suppression de l\'archive'),
(1890,93,6,0,'Abandonner'),
(1891,93,6,1,'Abandonner'),
(1892,93,7,0,'Confirmer la suppression'),
(1893,93,7,1,'Confirmer la suppression'),
(1894,93,8,0,'Attention'),
(1895,93,8,1,'Attention'),
(1896,93,9,0,'Une de vos listes n\'est pas vide. <br/>Votre demande videra ces listes, voulez vous continuer ?'),
(1897,93,9,1,'Une de vos listes n\'est pas vide. <br/>Votre demande videra ces listes, voulez vous continuer ?'),
(1898,93,10,0,'Abandonner'),
(1899,93,10,1,'Abandonner'),
(1900,93,11,0,'Confirmer la suppression'),
(1901,93,11,1,'Confirmer la suppression'),
(1902,93,12,0,'A transférer'),
(1903,93,12,1,'A transférer'),
(1904,93,13,0,'A consulter'),
(1905,93,13,1,'A livrer'),
(1906,93,14,0,'A retourner'),
(1907,93,14,1,'A retourner'),
(1908,93,15,0,'A sortir définitivement'),
(1909,93,15,1,'A sortir définitivement'),
(1910,93,16,0,'A détruire'),
(1911,93,16,1,'A détruire'),
(1912,93,17,0,'A relocaliser'),
(1913,93,17,1,'A relocaliser'),
(1914,93,18,0,'Prestataire'),
(1915,93,18,1,'Prestataire'),
(1916,93,19,0,'Salle intermédiaire'),
(1917,93,19,1,'Salle intermédiaire'),
(1918,93,20,0,'Salle interne service'),
(1919,93,20,1,'Salle interne service'),
(1920,93,21,0,'Sans préparation'),
(1921,93,21,1,'Sans préparation'),
(1922,93,22,0,'Avec préparation spécifique'),
(1923,93,22,1,'Avec préparation intermédiaire'),
(1924,93,23,0,'Exporter le tableau'),
(1925,93,23,1,'Exporter le tableau'),
(1926,93,24,0,'Imprimer le tableau'),
(1927,93,24,1,'Imprimer le tableau'),
(1928,93,25,0,'Transfert'),
(1929,93,25,1,'Transférer'),
(1930,93,26,0,'Archives à transférer'),
(1931,93,26,1,'Archives à transférer'),
(1932,93,27,0,'Transférer'),
(1933,93,27,1,'Valider le transfert'),
(1934,93,28,0,'Annuler le transfert'),
(1935,93,28,1,'Annuler le transfert'),
(1936,93,29,0,'Annuler le transfert'),
(1937,93,29,1,'Annuler le transfert'),
(1938,93,30,0,'Service'),
(1939,93,30,1,'Service'),
(1940,93,31,0,'N° d\'ordre'),
(1941,93,31,1,'N° d\'ordre'),
(1942,93,32,0,'Entité légale'),
(1943,93,32,1,'Entité légale'),
(1944,93,33,0,'Libellé'),
(1945,93,33,1,'Libellé'),
(1946,93,34,0,'Code budgétaire'),
(1947,93,34,1,'Code budgétaire'),
(1948,93,35,0,'Activité'),
(1949,93,35,1,'Activité'),
(1950,93,36,0,'Type de document'),
(1951,93,36,1,'Type de document'),
(1952,93,37,0,'N° doc., dossier'),
(1953,93,37,1,'N° doc., dossier'),
(1954,93,38,0,'N° boîte'),
(1955,93,38,1,'N° boîte'),
(1956,93,39,0,'N° conteneur'),
(1957,93,39,1,'N° conteneur'),
(1958,93,40,0,'Compte prestataire'),
(1959,93,40,1,'Compte prestataire'),
(1960,93,41,0,'Date min'),
(1961,93,41,1,'Date min'),
(1962,93,42,0,'Date max'),
(1963,93,42,1,'Date max'),
(1964,93,43,0,'Num. min'),
(1965,93,43,1,'Num. min'),
(1966,93,44,0,'Num. max'),
(1967,93,44,1,'Num. max'),
(1968,93,45,0,'Alpha. min'),
(1969,93,45,1,'Alpha. min'),
(1970,93,46,0,'Alpha. max'),
(1971,93,46,1,'Alpha. max'),
(1972,93,47,0,'Alphanum. min'),
(1973,93,47,1,'Alphanum. min'),
(1974,93,48,0,'Alphanum. max'),
(1975,93,48,1,'Alphanum. max'),
(1976,93,49,0,'Date de clôture'),
(1977,93,49,1,'Date de clôture'),
(1978,93,50,0,'Date de destruction'),
(1979,93,50,1,'Date de destruction'),
(1980,93,51,0,'Statut'),
(1981,93,51,1,'Statut'),
(1982,93,52,0,'Localisation'),
(1983,93,52,1,'Localisation'),
(1984,93,53,0,'Confirmez-vous la suppression de l\'archive'),
(1985,93,53,1,'Confirmez vous la suppression de l\'archive'),
(1986,93,54,0,'Supprimer'),
(1987,93,54,1,'Supprimer'),
(1988,93,55,0,'Votre liste'),
(1989,93,55,1,'Votre liste'),
(1990,93,56,0,'Consultation'),
(1991,93,56,1,'Livraison'),
(1992,93,57,0,'Archives à consulter'),
(1993,93,57,1,'Archives à livrer'),
(1994,93,58,0,'Consulter'),
(1995,93,58,1,'Valider la livraison'),
(1996,93,59,0,'Annuler la livraison'),
(1997,93,59,1,'Annuler la livraison'),
(1998,93,60,0,'Annuler la livraison'),
(1999,93,60,1,'Annuler la livraison'),
(2000,93,61,0,'Retour'),
(2001,93,61,1,'Retour'),
(2002,93,62,0,'Archives à retourner'),
(2003,93,62,1,'Archives à retourner'),
(2004,93,63,0,'Retourner'),
(2005,93,63,1,'Valider le retour'),
(2006,93,64,0,'Annuler le retour'),
(2007,93,64,1,'Annuler le retour'),
(2008,93,65,0,'Annuler le retour'),
(2009,93,65,1,'Annuler le retour'),
(2010,93,66,0,'Destruction'),
(2011,93,66,1,'Destruction'),
(2012,93,67,0,'Archives à détruire'),
(2013,93,67,1,'Archives à détruire'),
(2014,93,68,0,'Détruire'),
(2015,93,68,1,'Valider la destruction'),
(2016,93,69,0,'Annuler la destruction'),
(2017,93,69,1,'Annuler la destruction'),
(2018,93,70,0,'Annuler la destruction'),
(2019,93,70,1,'Annuler la destruction'),
(2020,93,71,0,'Sortie définitive'),
(2021,93,71,1,'Sortie'),
(2022,93,72,0,'Archives à sortir définitivement'),
(2023,93,72,1,'Archives à sortir'),
(2024,93,73,0,'Sortir définitivement'),
(2025,93,73,1,'Valider la sortie'),
(2026,93,74,0,'Annuler la sortie'),
(2027,93,74,1,'Annuler la sortie'),
(2028,93,75,0,'Annuler la sortie'),
(2029,93,75,1,'Annuler la sortie'),
(2030,93,76,0,'Relocalisation'),
(2031,93,76,1,'Relocalisation'),
(2032,93,77,0,'Archives à relocaliser'),
(2033,93,77,1,'Archives à relocaliser'),
(2034,93,78,0,'Relocaliser'),
(2035,93,78,1,'Valider la relocalisation'),
(2036,93,79,0,'Annuler la relocalisation'),
(2037,93,79,1,'Annuler la relocalisation'),
(2038,93,80,0,'Annuler la relocalisation'),
(2039,93,80,1,'Annuler la relocalisation'),
(2040,93,81,0,'et votre liste'),
(2041,93,81,1,'et votre liste'),
(2042,93,82,0,'n\'est pas vide'),
(2043,93,82,1,'n\'est pas vide'),
(2044,93,83,0,'ne sont pas vides'),
(2045,93,83,1,'ne sont pas vides'),
(2046,93,84,0,'Votre demande videra ces listes, voulez vous continuer ?'),
(2047,93,84,1,'Votre demande videra ces listes, voulez vous continuer ?'),
(2048,93,85,0,'Une erreur est survenue, merci de ré-essayer ultérieurement !'),
(2049,93,85,1,'Une erreur est survenue, merci de ré-essayer ultérieurement !'),
(2050,90,35,0,'Localisation'),
(2051,90,35,1,'Localisation'),
(2052,90,36,0,'Ancienne localisation'),
(2053,90,36,1,'Ancienne localisation'),
(2054,69,95,0,'Erreur'),
(2055,69,95,1,'Erreur'),
(2056,69,96,0,'Certaines archives n\'ont pas de localisation, merci de bien vouloir renseigner cette information pour procéder au transfert'),
(2057,69,96,1,'Certaines archives n\'ont pas de localisation, merci de bien vouloir renseigner cette information pour procéder au transfert'),
(2058,69,97,0,'Lier les archives à un même compte prestataire et une même localisation'),
(2059,69,97,1,'Lier les archives à un même compte prestataire et une même localisation'),
(2060,69,98,0,'Attention: vous ne pouvez pas lier à une même localisation si elle est vide !'),
(2061,69,98,1,'Attention: vous ne pouvez pas lier à une même localisation si elle est vide !'),
(2062,69,99,0,'Entrez une localisation'),
(2063,69,99,1,'Entrez une localisation'),
(2064,69,100,0,'Annuler'),
(2065,69,100,1,'Annuler'),
(2066,69,101,0,'Confirmer'),
(2067,69,101,1,'Confirmer'),
(2068,69,102,0,'Impossible de lier ces archives à une même localisation car elles ne vont pas chez le même Prestataire !'),
(2069,69,102,1,'Impossible de lier ces archives à une même localisation car elles ne vont pas chez le même Prestataire !'),
(2070,61,52,0,'Sélectionner la page'),
(2071,61,52,1,'Sélectionner tout'),
(2072,64,38,0,'Sélectionner la page'),
(2073,64,38,1,'Sélectionner tout page'),
(2074,64,39,0,'Vous devez entrer un commentaire'),
(2075,64,39,1,'Vous devez entrer un commentaire'),
(2076,69,103,0,'Localisation'),
(2077,69,103,1,'Localisation'),
(2078,69,104,0,'Localisation libre'),
(2079,69,104,1,'Localisation libre'),
(2080,69,105,0,'Ancienne localisation'),
(2081,69,105,1,'Ancienne localisation'),
(2082,69,106,0,'Ancienne localisation libre'),
(2083,69,106,1,'Ancienne localisation libre'),
(2084,69,107,0,'Date'),
(2085,69,107,1,'Date'),
(2086,69,108,0,'Adresse'),
(2087,69,108,1,'Adresse'),
(2088,69,109,0,'Etage'),
(2089,69,109,1,'Etage'),
(2090,69,110,0,'Bureau'),
(2091,69,110,1,'Bureau'),
(2092,69,111,0,'Demandeur'),
(2093,69,111,1,'Demandeur'),
(2094,69,112,0,'Commentaires'),
(2095,69,112,1,'Commentaires'),
(2096,92,102,0,'Date'),
(2097,92,102,1,'Date'),
(2098,92,103,0,'Adresse'),
(2099,92,103,1,'Adresse'),
(2100,92,104,0,'Etage'),
(2101,92,104,1,'Etage'),
(2102,92,105,0,'Bureau'),
(2103,92,105,1,'Bureau'),
(2104,92,106,0,'Demandeur'),
(2105,92,106,1,'Demandeur'),
(2106,92,107,0,'Commentaires'),
(2107,92,107,1,'Commentaires'),
(2108,120,37,0,'Relocalisations'),
(2109,120,37,1,'Relocalisations'),
(2110,120,38,0,'Localisation'),
(2111,120,38,1,'Localisation'),
(2112,199,1,0,'Service'),
(2113,199,1,1,'Service'),
(2114,199,2,0,'N° d\'ordre'),
(2115,199,2,1,'N° d\'ordre'),
(2116,199,3,0,'Entité légale'),
(2117,199,3,1,'Entité légale'),
(2118,199,4,0,'Libellé'),
(2119,199,4,1,'Libellé'),
(2120,199,5,0,'Code budgétaire'),
(2121,199,5,1,'Code budgétaire'),
(2122,199,6,0,'Activité'),
(2123,199,6,1,'Activité'),
(2124,199,7,0,'Type de document'),
(2125,199,7,1,'Type de document'),
(2126,199,8,0,'Descriptif 1'),
(2127,199,8,1,'Descriptif 1'),
(2128,199,9,0,'Descriptif 2'),
(2129,199,9,1,'Descriptif 2'),
(2130,199,10,0,'N° Dossier'),
(2131,199,10,1,'N° Dossier'),
(2132,199,11,0,'N° Boîte'),
(2133,199,11,1,'N° Boîte'),
(2134,199,12,0,'N° Conteneur'),
(2135,199,12,1,'N° Conteneur'),
(2136,199,13,0,'Compte prestataire'),
(2137,199,13,1,'Compte prestataire'),
(2138,199,14,0,'Etat'),
(2139,199,14,1,'State'),
(2140,199,15,0,'ID -- RESERVED'),
(2141,199,15,1,'ID -- RESERVED'),
(2142,199,16,0,'ADMINIDLIST -- RESERVED'),
(2143,199,16,1,'ADMINIDLIST -- RESERVED'),
(2144,199,17,0,'STATUS RAW'),
(2145,199,17,1,'STATUS RAW'),
(2146,199,18,0,'AUTHORIZED -- RESERVED'),
(2147,199,18,1,'AUTHORIZED -- RESERVED'),
(2148,199,19,0,'Localisation'),
(2149,199,19,1,'Localisation'),
(2150,199,20,0,'Localisation libre'),
(2151,199,20,1,'Localisation libre'),
(2152,199,21,0,'Limite Date min'),
(2153,199,21,1,'Limite Date min'),
(2154,199,22,0,'Limite Date max'),
(2155,199,22,1,'Limite Date max'),
(2156,199,23,0,'Limite Num. min'),
(2157,199,23,1,'Limite Num. min'),
(2158,199,24,0,'Limite Num. max'),
(2159,199,24,1,'Limite Num. max'),
(2160,199,25,0,'Limite Alpha. min'),
(2161,199,25,1,'Limite Alpha. min'),
(2162,199,26,0,'Limite Alpha. max'),
(2163,199,26,1,'Limite Alpha. max'),
(2164,199,27,0,'Limite Alphanum. min'),
(2165,199,27,1,'Limite Alphanum. min'),
(2166,199,28,0,'Limite Alphanum. max'),
(2167,199,28,1,'Limite Alphanum. max'),
(2168,199,29,0,'Année de clôture'),
(2169,199,29,1,'Année de clôture'),
(2170,199,30,0,'Année de destruction'),
(2171,199,30,1,'Année de destruction'),
(2172,199,31,0,'STATUS CODE -- RESERVED'),
(2173,199,31,1,'STATUS CODE -- RESERVED'),
(2174,199,32,0,'Dernière modification'),
(2175,199,32,1,'Dernière modification'),
(2176,199,33,0,'Ancienne localisation'),
(2177,199,33,1,'Ancienne localisation'),
(2178,199,34,0,'Ancienne localisation libre'),
(2179,199,34,1,'Ancienne localisation libre'),
(2180,199,35,0,'PROVIDER ID -- RESERVED'),
(2181,199,35,1,'PROVIDER ID -- RESERVED'),
(2182,199,36,0,'Date'),
(2183,199,36,1,'Date'),
(2184,199,37,0,'Adresse'),
(2185,199,37,1,'Adresse'),
(2186,199,38,0,'Etage'),
(2187,199,38,1,'Etage'),
(2188,199,39,0,'Bureau'),
(2189,199,39,1,'Bureau'),
(2190,199,40,0,'Demandeur'),
(2191,199,40,1,'Demandeur'),
(2192,199,41,0,'Commentaires'),
(2193,199,41,1,'Commentaires'),
(2194,91,20,0,'Vous devez choisir une date'),
(2195,91,20,1,'Vous devez spécifier une date'),
(2196,91,21,0,'La date de transfer souhaitée est inférieure à la date du jour'),
(2197,91,21,1,'La date de transfer souhaitée est inférieure à la date du jour'),
(2198,91,22,0,'Vous devez préciser le nom du demandeur'),
(2199,91,22,1,'Vous devez spécifier un demandeur'),
(2200,91,23,0,'Vous devez sélectionner une adresse'),
(2201,91,23,1,'Vous devez spécifier une adresse'),
(2202,91,24,0,'Vous devez préciser un numéro d\'étage'),
(2203,91,24,1,'Vous devez spécifier un étage'),
(2204,91,25,0,'Vous devez préciser un numéro de bureau'),
(2205,91,25,1,'Vous devez spécifier un bureau'),
(2206,91,26,0,'Annuler'),
(2207,91,26,1,'Annuler'),
(2208,92,108,0,'Lier les archives à une même boite'),
(2209,92,108,1,'Lier les archives à une même boite'),
(2210,92,109,0,'Lier plusieurs unités d\'archives à une boite'),
(2211,92,109,1,'Lier plusieurs unités d\'archives à une boite'),
(2212,92,110,0,'Boite à laquelle les unités d\'archives doivent être liées'),
(2213,92,110,1,'Boite à laquelle les unités d\'archives doivent être liées'),
(2214,92,111,0,'Attention: Le numéro de boite ne peut pas être vide !'),
(2215,92,111,1,'Attention: Le numéro de boite ne peut pas être vide !'),
(2216,64,40,0,'Imprimer la sélection'),
(2217,64,40,1,'Imprimer la sélection'),
(2218,61,53,0,'Imprimer la sélection'),
(2219,61,53,1,'Imprimer la sélection'),
(2220,69,113,0,'Imprimer la sélection'),
(2221,69,113,1,'Imprimer la sélection'),
(2222,92,112,0,'Imprimer la sélection'),
(2223,92,112,1,'Imprimer la sélection'),
(2224,93,86,0,'Imprimer la sélection'),
(2225,93,86,1,'Imprimer la sélection'),
(2226,69,114,0,'Lier les archives à une même localisation'),
(2227,69,114,1,'Lier les archives à une même localisation'),
(2228,91,32,0,'Vous devez préciser la demande'),
(2229,91,32,1,'USVous devez spécifier un commentaire'),
(2230,199,43,0,'Conservation illimitée'),
(2231,199,43,1,'unlimited'),
(2232,199,44,0,'Commentaires illimitée'),
(2233,199,44,1,'unlimited comments'),
(2234,64,41,0,'Exporter la sélection'),
(2235,64,41,1,'USExporter la sélection'),
(2236,64,42,0,'Passer en illimité'),
(2237,64,42,1,'USPasser en illimité'),
(2238,64,43,0,'Enlever l\'illimité'),
(2239,64,43,1,'USEnlever l\'illimité'),
(2240,64,44,0,'Désélectionner la page'),
(2241,64,44,1,'USDésélectionner la page'),
(2242,61,54,0,'Désélectionner la page'),
(2243,61,54,1,'USDésélectionner la page'),
(2244,61,55,0,'Exporter la sélection'),
(2245,61,55,1,'USExporter la sélection'),
(2246,69,115,0,'Exporter la sélection'),
(2247,69,115,1,'USExporter la sélection'),
(2248,92,113,0,'Exporter la sélection'),
(2249,92,113,1,'USExporter la sélection'),
(2250,93,87,0,'Exporter la sélection'),
(2251,93,87,1,'USExporter la sélection'),
(2252,69,116,0,'Valider le transfert'),
(2253,69,116,1,'USValider le transfert'),
(2254,69,117,0,'Valider la consultation'),
(2255,69,117,1,'USValider la consultation'),
(2256,69,118,0,'Annuler la consultation'),
(2257,69,118,1,'USAnnuler la consultation'),
(2258,69,119,0,'Voir le prestataire'),
(2259,69,119,1,'USVoir le prestataire'),
(2260,69,120,0,'Vérification de la demande en cours, veuillez patienter s\'il vous plaît !'),
(2261,69,120,1,'USVérification de la demande en cours, veuillez patienter s\'il vous plaît !'),
(2262,69,121,0,'Valider le retour'),
(2263,69,121,1,'USValider le retour'),
(2264,69,122,0,'Annuler le retour'),
(2265,69,122,1,'USAnnuler le retour'),
(2266,69,123,0,'Valider la sortie définitive'),
(2267,69,123,1,'USValider la sortie définitive'),
(2268,69,124,0,'Annuler la sortie définitive'),
(2269,69,124,1,'USAnnuler la sortie définitive'),
(2270,69,125,0,'Valider la destruction'),
(2271,69,125,1,'USValider la destruction'),
(2272,69,126,0,'Annuler la destruction'),
(2273,69,126,1,'USAnnuler la destruction'),
(2274,69,127,0,'Valider la relocalisation'),
(2275,69,127,1,'USValider la relocalisation'),
(2276,69,128,0,'Annuler la relocalisation'),
(2277,69,128,1,'USAnnuler la relocalisation'),
(2278,69,129,0,'L\'année de destruction ne peut pas être supérieure à 2099 !'),
(2279,69,129,1,'USL\'année de destruction ne peut pas être supérieure à 2099 !'),
(2280,69,130,0,'Le tableau est vide, il ne peut pas être imprimé !'),
(2281,69,130,1,'USLe tableau est vide, il ne peut pas être imprimé !'),
(2282,69,131,0,'La sélection est vide, elle ne peut pas être imprimée !'),
(2283,69,131,1,'USLa sélection est vide, elle ne peut pas être imprimée !'),
(2284,69,132,0,'Cette action est impossible car toutes les archives du panier doivent appartenir au même prestataire.'),
(2285,69,132,1,'USCette action est impossible car toutes les archives du panier doivent appartenir au même prestataire.'),
(2286,92,114,0,'Vérification de la demande en cours, veuillez patienter s\'il vous plaît !'),
(2287,92,114,1,'USVérification de la demande en cours, veuillez patienter s\'il vous plaît !'),
(2288,92,115,0,'Optimisation en cours, veuillez patientez s\'il vous plaît !'),
(2289,92,115,1,'USOptimisation en cours, veuillez patientez s\'il vous plaît !'),
(2290,92,116,0,'Informations complémentaires connecteur prestataire'),
(2291,92,116,1,'USInformations complémentaires connecteur prestataire'),
(2292,92,117,0,'Contact'),
(2293,92,117,1,'USContact'),
(2294,92,118,0,'Téléphone'),
(2295,92,118,1,'USTéléphone'),
(2296,92,119,0,'Adresse'),
(2297,92,119,1,'USAdresse'),
(2298,92,120,0,'Livraison'),
(2299,92,120,1,'USLivraison'),
(2300,92,121,0,'Urgent'),
(2301,92,121,1,'USUrgent'),
(2302,92,122,0,'Normal'),
(2303,92,122,1,'USNormal'),
(2304,92,123,0,'Mise à disposition'),
(2305,92,123,1,'USMise à disposition'),
(2306,92,124,0,'Livraison'),
(2307,92,124,1,'USLivraison'),
(2308,92,125,0,'Sur place chez le prestataire'),
(2309,92,125,1,'USSur place chez le prestataire'),
(2310,92,126,0,'Transmission par image (mail)'),
(2311,92,126,1,'USTransmission par image (mail)'),
(2312,92,127,0,'Transmission par image (sécurisé)'),
(2313,92,127,1,'USTransmission par image (sécurisé)'),
(2314,92,128,0,'Type'),
(2315,92,128,1,'USType'),
(2316,92,129,0,'Sortie temporaire'),
(2317,92,129,1,'USSortie temporaire'),
(2318,92,130,0,'Sortie définitive'),
(2319,92,130,1,'USSortie définitive'),
(2320,92,131,0,'Normal'),
(2321,92,131,1,'USNormal'),
(2322,92,132,0,'Sécurisé'),
(2323,92,132,1,'USSécurisé'),
(2324,92,133,0,'Remarques'),
(2325,92,133,1,'USRemarques'),
(2326,92,134,0,'Personne habilitée à valider les destructions'),
(2327,92,134,1,'USPersonne habilitée à valider les destructions'),
(2328,92,135,0,'Nom'),
(2329,92,135,1,'USNom'),
(2330,92,136,0,'Prénom'),
(2331,92,136,1,'USPrénom'),
(2332,92,137,0,'Fonction'),
(2333,92,137,1,'USFonction'),
(2334,92,138,0,'Vérifier le connecteur'),
(2335,92,138,1,'USVérifier le connecteur'),
(2336,92,139,0,'Annuler'),
(2337,92,139,1,'USAnnuler'),
(2338,92,140,0,'Optimisation de la demande de suppression'),
(2339,92,140,1,'USOptimisation de la demande de suppression'),
(2340,92,141,0,'Valider l\'optimisation et vérifier le connecteur'),
(2341,92,141,1,'USValider l\'optimisation et vérifier le connecteur'),
(2342,92,142,0,'Optimisation de le demande de consultation'),
(2343,92,142,1,'USOptimisation de le demande de consultation'),
(2344,92,143,0,'Transfert'),
(2345,92,143,1,'USTransfert'),
(2346,92,144,0,'Consultation'),
(2347,92,144,1,'USConsultation'),
(2348,92,145,0,'L\'action n\'est possible que pour les unités d\'archives de l\'onglet consultation'),
(2349,92,145,1,'USL\'action n\'est possible que pour les unités d\'archives de l\'onglet consultation'),
(2350,92,146,0,'L\'action n\'est possible que pour les unités d\'archives de l\'ongle transfert'),
(2351,92,146,1,'USL\'action n\'est possible que pour les unités d\'archives de l\'ongle transfert'),
(2352,92,147,0,'Une erreur système est survenue'),
(2353,92,147,1,'USUne erreur système est survenue'),
(2354,92,148,0,'Valider et effectuer '),
(2355,92,148,1,'USValider et effectuer '),
(2356,92,149,0,'le transfert'),
(2357,92,149,1,'USle transfert'),
(2358,92,150,0,'la livraison'),
(2359,92,150,1,'USla livraison'),
(2360,92,151,0,'le retour'),
(2361,92,151,1,'USle retour'),
(2362,92,152,0,'la sortie définitive'),
(2363,92,152,1,'USla sortie définitive'),
(2364,92,153,0,'la destruction'),
(2365,92,153,1,'USla destruction'),
(2366,92,154,0,'la relocalisation'),
(2367,92,154,1,'USla relocalisation'),
(2368,92,155,0,'Souhaitez-vous valider définitivement le connecteur prestataire ?'),
(2369,92,155,1,'USSouhaitez-vous valider définitivement le connecteur prestataire ?'),
(2370,92,156,0,'Connecteur prestataire'),
(2371,92,156,1,'USConnecteur prestataire'),
(2372,92,157,0,'Le tableau est vide, il ne peut pas être imprimé !'),
(2373,92,157,1,'USLe tableau est vide, il ne peut pas être imprimé !'),
(2374,92,158,0,'La sélection est vide, elle ne peut pas être imprimée !'),
(2375,92,158,1,'USLa sélection est vide, elle ne peut pas être imprimée !'),
(2376,92,159,0,'Cette action est impossible car toutes les archives du panier doivent appartenir au même prestataire.'),
(2377,92,159,1,'USCette action est impossible car toutes les archives du panier doivent appartenir au même prestataire.'),
(2378,92,160,0,'Il n\'est pas possible de lier les archives à une même boîte si les numéros de conteneurs sont différents !'),
(2379,92,160,1,'USIl n\'est pas possible de lier les archives à une même boîte si les numéros de conteneurs sont différents !'),
(2380,92,161,0,'L\'année de destruction doit être inférieure à 2099 !'),
(2381,92,161,1,'USL\'année de destruction doit être inférieure à 2099 !'),
(2382,92,162,0,'Conteneur'),
(2383,92,162,1,'USConteneur'),
(2384,92,163,0,'Boîte'),
(2385,92,163,1,'USBoîte'),
(2386,92,164,0,'Dossier'),
(2387,92,164,1,'USDossier'),
(2388,92,165,0,'Libellé'),
(2389,92,165,1,'USLibellé'),
(2390,92,166,0,'Les demandes non optimisables'),
(2391,92,166,1,'USLes demandes non optimisables'),
(2392,93,88,0,'Vérification de la demande en cours, veuillez patienter s\'il vous plaît !'),
(2393,93,88,1,'USVérification de la demande en cours, veuillez patienter s\'il vous plaît !'),
(2394,93,89,0,'Voir le prestataire'),
(2395,93,89,1,'USVoir le prestataire'),
(2396,93,90,0,'Une erreur système est survenue'),
(2397,93,90,1,'USUne erreur système est survenue'),
(2398,93,91,0,'L\'année de destruction doit être inférieure à 2099 !'),
(2399,93,91,1,'USL\'année de destruction doit être inférieure à 2099 !'),
(2400,93,92,0,'Le tableau est vide, il ne peut pas être imprimé !'),
(2401,93,92,1,'USLe tableau est vide, il ne peut pas être imprimé !'),
(2402,93,93,0,'La sélection est vide, elle ne peut pas être imprimée !'),
(2403,93,93,1,'USLa sélection est vide, elle ne peut pas être imprimée !'),
(2404,93,94,0,'Cette action est impossible car toutes les archives du panier doivent appartenir au même prestataire.'),
(2405,93,94,1,'USCette action est impossible car toutes les archives du panier doivent appartenir au même prestataire.'),
(2406,21,17,0,'Réinitialiser le mot de passe'),
(2407,21,17,1,'USRéinitialiser le mot de passe'),
(2408,100,21,0,'Paniers visibles'),
(2409,100,21,1,'USPaniers visibles'),
(2410,100,22,0,'Interne'),
(2411,100,22,1,'USInterne'),
(2412,100,23,0,'Intermédiaire'),
(2413,100,23,1,'USIntermédiaire'),
(2414,100,24,0,'Prestataire'),
(2415,100,24,1,'USPrestataire'),
(2416,100,25,0,'Français'),
(2417,100,25,1,'USFrançais'),
(2418,100,26,0,'English'),
(2419,100,26,1,'USEnglish'),
(2420,94,1,0,'Veuillez patienter, en attente de la réponse du serveur !'),
(2421,94,1,1,'USVeuillez patienter, en attente de la réponse du serveur !'),
(2422,94,2,0,'Passer en illimité'),
(2423,94,2,1,'USPasser en illimité'),
(2424,94,3,0,'Annuler'),
(2425,94,3,1,'USAnnuler'),
(2426,94,4,0,'Vous devez sélectionner au moins une archive pour utiliser cette fonction !'),
(2427,94,4,1,'USVous devez sélectionner au moins une archive pour utiliser cette fonction !'),
(2428,94,5,0,'Une erreur système est survenue'),
(2429,94,5,1,'USUne erreur système est survenue'),
(2430,94,6,0,'Souhaitez-vous vraiment supprimer la conservation illimitée de ces archives ?'),
(2431,94,6,1,'USSouhaitez-vous vraiment supprimer la conservation illimitée de ces archives ?'),
(2432,94,7,0,'Oui'),
(2433,94,7,1,'USOui'),
(2434,94,8,0,'Non'),
(2435,94,8,1,'USNon'),
(2436,91,27,0,'La date de consultation souhaitée est inférieure à la date du jour'),
(2437,91,27,1,'US La date de consultation souhaitée est inférieure à la date du jour'),
(2438,91,28,0,'La date de retour souhaitée est inférieure à la date du jour'),
(2439,91,28,1,'US La date de retour souhaitée est inférieure à la date du jour'),
(2440,91,29,0,'La date de sortie définitive souhaitée est inférieure à la date du jour'),
(2441,91,29,1,'US La date de sortie définitive souhaitée est inférieure à la date du jour'),
(2442,91,30,0,'La date de suppression souhaitée est inférieure à la date du jour'),
(2443,91,30,1,'US La date de suppression souhaitée est inférieure à la date du jour'),
(2444,91,31,0,'La date de relocalisation souhaitée est inférieure à la date du jour'),
(2445,91,31,1,'US La date de relocalisation souhaitée est inférieure à la date du jour');
/*!40000 ALTER TABLE `bsTranslation` ENABLE KEYS */;
UNLOCK TABLES;

--
-- Table structure for table `bsUsers`
--

DROP TABLE IF EXISTS `bsUsers`;
/*!40101 SET @saved_cs_client     = @@character_set_client */;
/*!40101 SET character_set_client = utf8mb4 */;
CREATE TABLE `bsUsers` (
  `id` int(11) NOT NULL AUTO_INCREMENT,
  `firstname` varchar(255) DEFAULT NULL,
  `lastname` varchar(255) DEFAULT NULL,
  `login` varchar(255) NOT NULL,
  `password` varchar(255) NOT NULL,
  `lastaction` int(11) DEFAULT NULL,
  `connected` tinyint(1) NOT NULL,
  `changepass` tinyint(1) NOT NULL,
  `failedconnexioncounter` int(11) NOT NULL,
  `phpsessid` varchar(255) DEFAULT NULL,
  PRIMARY KEY (`id`)
) ENGINE=InnoDB AUTO_INCREMENT=3 DEFAULT CHARSET=utf8mb3 COLLATE=utf8mb3_unicode_ci;
/*!40101 SET character_set_client = @saved_cs_client */;

--
-- Dumping data for table `bsUsers`
--

LOCK TABLES `bsUsers` WRITE;
/*!40000 ALTER TABLE `bsUsers` DISABLE KEYS */;
INSERT INTO `bsUsers` VALUES
(1,'ADMIN','BESECURE','bsadmin','9c197614a32509cc3a8b3fc2dbeb75ac',1747656163,1,0,0,'02i0ju8omkj34kvuhsqi64n1b1'),
(2,'ADMIN','IDP','admin','78a5cb093d5ba12b5cf72d3e9938a696',1747638504,0,0,0,'msme4cf67ecan5rngucbnr3810');
/*!40000 ALTER TABLE `bsUsers` ENABLE KEYS */;
UNLOCK TABLES;

--
-- Table structure for table `bsrights_bsroles`
--

DROP TABLE IF EXISTS `bsrights_bsroles`;
/*!40101 SET @saved_cs_client     = @@character_set_client */;
/*!40101 SET character_set_client = utf8mb4 */;
CREATE TABLE `bsrights_bsroles` (
  `bsrights_id` int(11) NOT NULL,
  `bsroles_id` int(11) NOT NULL,
  PRIMARY KEY (`bsrights_id`,`bsroles_id`),
  KEY `IDX_2AC8C62129DE5A4E` (`bsrights_id`),
  KEY `IDX_2AC8C621A253CD86` (`bsroles_id`),
  CONSTRAINT `FK_2AC8C62129DE5A4E` FOREIGN KEY (`bsrights_id`) REFERENCES `bsRights` (`id`) ON DELETE CASCADE,
  CONSTRAINT `FK_2AC8C621A253CD86` FOREIGN KEY (`bsroles_id`) REFERENCES `bsRoles` (`id`) ON DELETE CASCADE
) ENGINE=InnoDB DEFAULT CHARSET=utf8mb3 COLLATE=utf8mb3_unicode_ci;
/*!40101 SET character_set_client = @saved_cs_client */;

--
-- Dumping data for table `bsrights_bsroles`
--

LOCK TABLES `bsrights_bsroles` WRITE;
/*!40000 ALTER TABLE `bsrights_bsroles` DISABLE KEYS */;
INSERT INTO `bsrights_bsroles` VALUES
(1,1),
(1,2),
(1,3),
(1,4),
(1,5),
(1,6),
(2,1),
(2,2),
(2,3),
(2,4),
(2,5),
(2,6),
(3,2),
(3,3),
(3,4),
(3,5),
(3,6),
(4,1),
(4,2),
(4,3),
(4,4),
(4,5),
(4,6),
(5,1),
(5,2),
(5,3),
(5,4),
(5,5),
(5,6),
(6,1),
(6,2),
(6,3),
(6,4),
(6,5),
(6,6),
(7,1),
(7,2),
(7,3),
(7,4),
(7,5),
(7,6),
(8,2),
(8,3),
(8,4),
(8,5),
(8,6),
(9,2),
(9,3),
(9,4),
(9,5),
(9,6),
(10,3),
(10,4),
(10,5),
(10,6),
(11,3),
(11,4),
(11,5),
(11,6),
(12,3),
(12,4),
(12,5),
(12,6),
(13,5),
(13,6),
(14,4),
(14,5),
(14,6),
(15,5),
(15,6),
(16,4),
(16,5),
(16,6),
(17,3),
(17,4),
(17,5),
(17,6),
(18,4),
(18,5),
(18,6),
(19,6),
(20,6),
(21,6),
(22,3),
(22,4),
(22,5),
(22,6),
(23,6),
(24,6),
(25,6),
(26,6);
/*!40000 ALTER TABLE `bsrights_bsroles` ENABLE KEYS */;
UNLOCK TABLES;

--
-- Table structure for table `bsrights_bsusers`
--

DROP TABLE IF EXISTS `bsrights_bsusers`;
/*!40101 SET @saved_cs_client     = @@character_set_client */;
/*!40101 SET character_set_client = utf8mb4 */;
CREATE TABLE `bsrights_bsusers` (
  `bsrights_id` int(11) NOT NULL,
  `bsusers_id` int(11) NOT NULL,
  PRIMARY KEY (`bsrights_id`,`bsusers_id`),
  KEY `IDX_88754D0F29DE5A4E` (`bsrights_id`),
  KEY `IDX_88754D0FFD27287F` (`bsusers_id`),
  CONSTRAINT `FK_88754D0F29DE5A4E` FOREIGN KEY (`bsrights_id`) REFERENCES `bsRights` (`id`) ON DELETE CASCADE,
  CONSTRAINT `FK_88754D0FFD27287F` FOREIGN KEY (`bsusers_id`) REFERENCES `bsUsers` (`id`) ON DELETE CASCADE
) ENGINE=InnoDB DEFAULT CHARSET=utf8mb3 COLLATE=utf8mb3_unicode_ci;
/*!40101 SET character_set_client = @saved_cs_client */;

--
-- Dumping data for table `bsrights_bsusers`
--

LOCK TABLES `bsrights_bsusers` WRITE;
/*!40000 ALTER TABLE `bsrights_bsusers` DISABLE KEYS */;
INSERT INTO `bsrights_bsusers` VALUES
(1,1),
(1,2),
(2,1),
(2,2),
(3,1),
(3,2),
(4,1),
(4,2),
(5,1),
(5,2),
(6,1),
(6,2),
(7,1),
(7,2),
(8,1),
(8,2),
(9,1),
(9,2),
(10,1),
(10,2),
(11,1),
(11,2),
(12,1),
(12,2),
(13,1),
(13,2),
(14,1),
(14,2),
(15,1),
(15,2),
(16,1),
(16,2),
(17,1),
(17,2),
(18,1),
(18,2),
(19,1),
(19,2),
(20,1),
(20,2),
(21,1),
(21,2),
(22,1),
(22,2),
(23,1),
(23,2),
(24,1),
(24,2),
(25,1),
(25,2),
(26,1),
(26,2);
/*!40000 ALTER TABLE `bsrights_bsusers` ENABLE KEYS */;
UNLOCK TABLES;

--
-- Table structure for table `bsroles_bsusers`
--

DROP TABLE IF EXISTS `bsroles_bsusers`;
/*!40101 SET @saved_cs_client     = @@character_set_client */;
/*!40101 SET character_set_client = utf8mb4 */;
CREATE TABLE `bsroles_bsusers` (
  `bsroles_id` int(11) NOT NULL,
  `bsusers_id` int(11) NOT NULL,
  PRIMARY KEY (`bsroles_id`,`bsusers_id`),
  KEY `IDX_401DFE5BA253CD86` (`bsroles_id`),
  KEY `IDX_401DFE5BFD27287F` (`bsusers_id`),
  CONSTRAINT `FK_401DFE5BA253CD86` FOREIGN KEY (`bsroles_id`) REFERENCES `bsRoles` (`id`) ON DELETE CASCADE,
  CONSTRAINT `FK_401DFE5BFD27287F` FOREIGN KEY (`bsusers_id`) REFERENCES `bsUsers` (`id`) ON DELETE CASCADE
) ENGINE=InnoDB DEFAULT CHARSET=utf8mb3 COLLATE=utf8mb3_unicode_ci;
/*!40101 SET character_set_client = @saved_cs_client */;

--
-- Dumping data for table `bsroles_bsusers`
--

LOCK TABLES `bsroles_bsusers` WRITE;
/*!40000 ALTER TABLE `bsroles_bsusers` DISABLE KEYS */;
INSERT INTO `bsroles_bsusers` VALUES
(6,1),
(6,2);
/*!40000 ALTER TABLE `bsroles_bsusers` ENABLE KEYS */;
UNLOCK TABLES;

--
-- Table structure for table `idpbudgetcodes_idpservices`
--

DROP TABLE IF EXISTS `idpbudgetcodes_idpservices`;
/*!40101 SET @saved_cs_client     = @@character_set_client */;
/*!40101 SET character_set_client = utf8mb4 */;
CREATE TABLE `idpbudgetcodes_idpservices` (
  `idpbudgetcodes_id` int(11) NOT NULL,
  `idpservices_id` int(11) NOT NULL,
  PRIMARY KEY (`idpbudgetcodes_id`,`idpservices_id`),
  KEY `IDX_6857A11133650985` (`idpbudgetcodes_id`),
  KEY `IDX_6857A111DC422FBF` (`idpservices_id`),
  CONSTRAINT `FK_6857A11133650985` FOREIGN KEY (`idpbudgetcodes_id`) REFERENCES `IDPBudgetCodes` (`id`) ON DELETE CASCADE,
  CONSTRAINT `FK_6857A111DC422FBF` FOREIGN KEY (`idpservices_id`) REFERENCES `IDPServices` (`id`) ON DELETE CASCADE
) ENGINE=InnoDB DEFAULT CHARSET=utf8mb3 COLLATE=utf8mb3_unicode_ci;
/*!40101 SET character_set_client = @saved_cs_client */;

--
-- Dumping data for table `idpbudgetcodes_idpservices`
--

LOCK TABLES `idpbudgetcodes_idpservices` WRITE;
/*!40000 ALTER TABLE `idpbudgetcodes_idpservices` DISABLE KEYS */;
INSERT INTO `idpbudgetcodes_idpservices` VALUES
(1,1),
(2,1);
/*!40000 ALTER TABLE `idpbudgetcodes_idpservices` ENABLE KEYS */;
UNLOCK TABLES;

--
-- Table structure for table `idpdescriptions1_idpservices`
--

DROP TABLE IF EXISTS `idpdescriptions1_idpservices`;
/*!40101 SET @saved_cs_client     = @@character_set_client */;
/*!40101 SET character_set_client = utf8mb4 */;
CREATE TABLE `idpdescriptions1_idpservices` (
  `idpdescriptions1_id` int(11) NOT NULL,
  `idpservices_id` int(11) NOT NULL,
  PRIMARY KEY (`idpdescriptions1_id`,`idpservices_id`),
  KEY `IDX_3E583CE29415515` (`idpdescriptions1_id`),
  KEY `IDX_3E583CE2DC422FBF` (`idpservices_id`),
  CONSTRAINT `FK_3E583CE29415515` FOREIGN KEY (`idpdescriptions1_id`) REFERENCES `IDPDescriptions1` (`id`) ON DELETE CASCADE,
  CONSTRAINT `FK_3E583CE2DC422FBF` FOREIGN KEY (`idpservices_id`) REFERENCES `IDPServices` (`id`) ON DELETE CASCADE
) ENGINE=InnoDB DEFAULT CHARSET=utf8mb3 COLLATE=utf8mb3_unicode_ci;
/*!40101 SET character_set_client = @saved_cs_client */;

--
-- Dumping data for table `idpdescriptions1_idpservices`
--

LOCK TABLES `idpdescriptions1_idpservices` WRITE;
/*!40000 ALTER TABLE `idpdescriptions1_idpservices` DISABLE KEYS */;
INSERT INTO `idpdescriptions1_idpservices` VALUES
(1,1);
/*!40000 ALTER TABLE `idpdescriptions1_idpservices` ENABLE KEYS */;
UNLOCK TABLES;

--
-- Table structure for table `idpdescriptions2_idpservices`
--

DROP TABLE IF EXISTS `idpdescriptions2_idpservices`;
/*!40101 SET @saved_cs_client     = @@character_set_client */;
/*!40101 SET character_set_client = utf8mb4 */;
CREATE TABLE `idpdescriptions2_idpservices` (
  `idpdescriptions2_id` int(11) NOT NULL,
  `idpservices_id` int(11) NOT NULL,
  PRIMARY KEY (`idpdescriptions2_id`,`idpservices_id`),
  KEY `IDX_8392502C1BF4FAFB` (`idpdescriptions2_id`),
  KEY `IDX_8392502CDC422FBF` (`idpservices_id`),
  CONSTRAINT `FK_8392502C1BF4FAFB` FOREIGN KEY (`idpdescriptions2_id`) REFERENCES `IDPDescriptions2` (`id`) ON DELETE CASCADE,
  CONSTRAINT `FK_8392502CDC422FBF` FOREIGN KEY (`idpservices_id`) REFERENCES `IDPServices` (`id`) ON DELETE CASCADE
) ENGINE=InnoDB DEFAULT CHARSET=utf8mb3 COLLATE=utf8mb3_unicode_ci;
/*!40101 SET character_set_client = @saved_cs_client */;

--
-- Dumping data for table `idpdescriptions2_idpservices`
--

LOCK TABLES `idpdescriptions2_idpservices` WRITE;
/*!40000 ALTER TABLE `idpdescriptions2_idpservices` DISABLE KEYS */;
INSERT INTO `idpdescriptions2_idpservices` VALUES
(1,1);
/*!40000 ALTER TABLE `idpdescriptions2_idpservices` ENABLE KEYS */;
UNLOCK TABLES;

--
-- Table structure for table `idpdocumentnatures_idpservices`
--

DROP TABLE IF EXISTS `idpdocumentnatures_idpservices`;
/*!40101 SET @saved_cs_client     = @@character_set_client */;
/*!40101 SET character_set_client = utf8mb4 */;
CREATE TABLE `idpdocumentnatures_idpservices` (
  `idpdocumentnatures_id` int(11) NOT NULL,
  `idpservices_id` int(11) NOT NULL,
  PRIMARY KEY (`idpdocumentnatures_id`,`idpservices_id`),
  KEY `IDX_997998F3BFD935DA` (`idpdocumentnatures_id`),
  KEY `IDX_997998F3DC422FBF` (`idpservices_id`),
  CONSTRAINT `FK_997998F3BFD935DA` FOREIGN KEY (`idpdocumentnatures_id`) REFERENCES `IDPDocumentNatures` (`id`) ON DELETE CASCADE,
  CONSTRAINT `FK_997998F3DC422FBF` FOREIGN KEY (`idpservices_id`) REFERENCES `IDPServices` (`id`) ON DELETE CASCADE
) ENGINE=InnoDB DEFAULT CHARSET=utf8mb3 COLLATE=utf8mb3_unicode_ci;
/*!40101 SET character_set_client = @saved_cs_client */;

--
-- Dumping data for table `idpdocumentnatures_idpservices`
--

LOCK TABLES `idpdocumentnatures_idpservices` WRITE;
/*!40000 ALTER TABLE `idpdocumentnatures_idpservices` DISABLE KEYS */;
INSERT INTO `idpdocumentnatures_idpservices` VALUES
(1,1),
(2,1);
/*!40000 ALTER TABLE `idpdocumentnatures_idpservices` ENABLE KEYS */;
UNLOCK TABLES;

--
-- Table structure for table `idpdocumenttypes_idpdocumentnatures`
--

DROP TABLE IF EXISTS `idpdocumenttypes_idpdocumentnatures`;
/*!40101 SET @saved_cs_client     = @@character_set_client */;
/*!40101 SET character_set_client = utf8mb4 */;
CREATE TABLE `idpdocumenttypes_idpdocumentnatures` (
  `idpdocumenttypes_id` int(11) NOT NULL,
  `idpdocumentnatures_id` int(11) NOT NULL,
  PRIMARY KEY (`idpdocumenttypes_id`,`idpdocumentnatures_id`),
  KEY `IDX_7F6CB80B553E2008` (`idpdocumenttypes_id`),
  KEY `IDX_7F6CB80BBFD935DA` (`idpdocumentnatures_id`),
  CONSTRAINT `FK_7F6CB80B553E2008` FOREIGN KEY (`idpdocumenttypes_id`) REFERENCES `IDPDocumentTypes` (`id`) ON DELETE CASCADE,
  CONSTRAINT `FK_7F6CB80BBFD935DA` FOREIGN KEY (`idpdocumentnatures_id`) REFERENCES `IDPDocumentNatures` (`id`) ON DELETE CASCADE
) ENGINE=InnoDB DEFAULT CHARSET=utf8mb3 COLLATE=utf8mb3_unicode_ci;
/*!40101 SET character_set_client = @saved_cs_client */;

--
-- Dumping data for table `idpdocumenttypes_idpdocumentnatures`
--

LOCK TABLES `idpdocumenttypes_idpdocumentnatures` WRITE;
/*!40000 ALTER TABLE `idpdocumenttypes_idpdocumentnatures` DISABLE KEYS */;
INSERT INTO `idpdocumenttypes_idpdocumentnatures` VALUES
(1,1),
(1,2),
(2,1),
(2,2),
(3,1),
(3,2),
(4,1),
(4,2),
(5,1),
(5,2);
/*!40000 ALTER TABLE `idpdocumenttypes_idpdocumentnatures` ENABLE KEYS */;
UNLOCK TABLES;

--
-- Table structure for table `idplegalentities_idpservices`
--

DROP TABLE IF EXISTS `idplegalentities_idpservices`;
/*!40101 SET @saved_cs_client     = @@character_set_client */;
/*!40101 SET character_set_client = utf8mb4 */;
CREATE TABLE `idplegalentities_idpservices` (
  `idplegalentities_id` int(11) NOT NULL,
  `idpservices_id` int(11) NOT NULL,
  PRIMARY KEY (`idplegalentities_id`,`idpservices_id`),
  KEY `IDX_955306221525DB00` (`idplegalentities_id`),
  KEY `IDX_95530622DC422FBF` (`idpservices_id`),
  CONSTRAINT `FK_955306221525DB00` FOREIGN KEY (`idplegalentities_id`) REFERENCES `IDPLegalEntities` (`id`) ON DELETE CASCADE,
  CONSTRAINT `FK_95530622DC422FBF` FOREIGN KEY (`idpservices_id`) REFERENCES `IDPServices` (`id`) ON DELETE CASCADE
) ENGINE=InnoDB DEFAULT CHARSET=utf8mb3 COLLATE=utf8mb3_unicode_ci;
/*!40101 SET character_set_client = @saved_cs_client */;

--
-- Dumping data for table `idplegalentities_idpservices`
--

LOCK TABLES `idplegalentities_idpservices` WRITE;
/*!40000 ALTER TABLE `idplegalentities_idpservices` DISABLE KEYS */;
INSERT INTO `idplegalentities_idpservices` VALUES
(1,1);
/*!40000 ALTER TABLE `idplegalentities_idpservices` ENABLE KEYS */;
UNLOCK TABLES;

--
-- Table structure for table `idpproviders_idpservices`
--

DROP TABLE IF EXISTS `idpproviders_idpservices`;
/*!40101 SET @saved_cs_client     = @@character_set_client */;
/*!40101 SET character_set_client = utf8mb4 */;
CREATE TABLE `idpproviders_idpservices` (
  `idpproviders_id` int(11) NOT NULL,
  `idpservices_id` int(11) NOT NULL,
  PRIMARY KEY (`idpproviders_id`,`idpservices_id`),
  KEY `IDX_DF1C114066B74FC9` (`idpproviders_id`),
  KEY `IDX_DF1C1140DC422FBF` (`idpservices_id`),
  CONSTRAINT `FK_DF1C114066B74FC9` FOREIGN KEY (`idpproviders_id`) REFERENCES `IDPProviders` (`id`) ON DELETE CASCADE,
  CONSTRAINT `FK_DF1C1140DC422FBF` FOREIGN KEY (`idpservices_id`) REFERENCES `IDPServices` (`id`) ON DELETE CASCADE
) ENGINE=InnoDB DEFAULT CHARSET=utf8mb3 COLLATE=utf8mb3_unicode_ci;
/*!40101 SET character_set_client = @saved_cs_client */;

--
-- Dumping data for table `idpproviders_idpservices`
--

LOCK TABLES `idpproviders_idpservices` WRITE;
/*!40000 ALTER TABLE `idpproviders_idpservices` DISABLE KEYS */;
/*!40000 ALTER TABLE `idpproviders_idpservices` ENABLE KEYS */;
UNLOCK TABLES;
/*!40103 SET TIME_ZONE=@OLD_TIME_ZONE */;

/*!40101 SET SQL_MODE=@OLD_SQL_MODE */;
/*!40014 SET FOREIGN_KEY_CHECKS=@OLD_FOREIGN_KEY_CHECKS */;
/*!40014 SET UNIQUE_CHECKS=@OLD_UNIQUE_CHECKS */;
/*!40101 SET CHARACTER_SET_CLIENT=@OLD_CHARACTER_SET_CLIENT */;
/*!40101 SET CHARACTER_SET_RESULTS=@OLD_CHARACTER_SET_RESULTS */;
/*!40101 SET COLLATION_CONNECTION=@OLD_COLLATION_CONNECTION */;
/*!40111 SET SQL_NOTES=@OLD_SQL_NOTES */;

-- Dump completed on 2025-05-19 12:04:12
